modulo_id,titulo,ordem,duracao_minutos,tipo
1,Aula 1: Soluta sapiente dolore qui,1,33,quiz
1,Aula 2: Ipsa quidem esse praesentium facere debitis,2,13,quiz
1,Aula 3: Et similique alias ducimus recusandae voluptatem,3,18,quiz
1,Aula 4: Hic perferendis perspiciatis autem beatae aut,4,7,quiz
1,Aula 5: Laboriosam molestiae sequi nam id veniam,5,33,video
1,Aula 6: Tempore optio error,6,13,texto
1,Aula 7: Inventore repellendus sunt voluptates perferendis,7,44,quiz
1,Aula 8: Sequi debitis nobis magnam,8,21,texto
1,Aula 9: Facilis cumque illo,9,37,quiz
1,Aula 10: Nisi molestiae iure,10,22,video
2,Aula 1: Iure magnam distinctio nihil dolor qui,1,11,texto
2,Aula 2: Aliquid praesentium a voluptatum,2,34,texto
2,Aula 3: Minus harum debitis perspiciatis,3,32,video
2,Aula 4: Autem nihil nostrum tenetur blanditiis fugiat,4,20,quiz
2,Aula 5: Incidunt quia recusandae,5,40,video
2,Aula 6: Asperiores molestias possimus pariatur,6,45,video
2,Aula 7: Doloribus tempora maiores,7,30,video
2,Aula 8: Similique optio consequuntur,8,43,texto
2,Aula 9: Aspernatur assumenda ratione earum assumenda,9,38,video
2,Aula 10: Totam ratione facilis,10,15,video
2,Aula 11: Blanditiis quis impedit,11,7,texto
2,Aula 12: Et ab distinctio porro nisi repudiandae,12,8,video
2,Aula 13: Aspernatur dolores error ratione fugit facere,13,37,texto
2,Aula 14: Eius delectus impedit eos,14,13,quiz
2,Aula 15: Ex minima dolorem,15,41,texto
3,Aula 1: Maiores tempora placeat,1,21,texto
3,Aula 2: Eum repellendus fuga tempore,2,41,texto
3,Aula 3: Fugiat molestias provident,3,12,video
3,Aula 4: Cumque cupiditate minima id magni iure,4,26,texto
3,Aula 5: Quaerat incidunt praesentium debitis rerum sequi,5,44,quiz
3,Aula 6: Vero deleniti molestias pariatur aliquam,6,10,video
3,Aula 7: Dolor mollitia voluptate,7,7,quiz
3,Aula 8: Molestiae soluta perspiciatis voluptas laboriosam,8,43,quiz
3,Aula 9: At quas tempore,9,30,texto
4,Aula 1: Labore ea consequatur recusandae nostrum porro,1,33,quiz
4,Aula 2: Nemo dolorum modi unde voluptatum dicta,2,15,quiz
4,Aula 3: Exercitationem exercitationem nesciunt unde,3,33,quiz
4,Aula 4: Perferendis ea nam suscipit odit corrupti,4,15,video
4,Aula 5: Perferendis vero saepe,5,29,video
4,Aula 6: Asperiores maxime sequi amet,6,14,quiz
5,Aula 1: Ducimus porro quidem ipsa possimus,1,40,texto
5,Aula 2: Dolorem vel totam ad exercitationem tempore,2,37,quiz
5,Aula 3: Ea nulla exercitationem dolorum,3,28,quiz
5,Aula 4: Illo fuga sit laudantium,4,5,quiz
5,Aula 5: Optio occaecati dignissimos quaerat,5,41,quiz
5,Aula 6: Molestiae hic pariatur numquam iure odit,6,6,texto
5,Aula 7: Velit temporibus iure sequi assumenda,7,32,quiz
5,Aula 8: Molestiae veritatis neque deleniti,8,28,texto
5,Aula 9: Culpa expedita neque dolores,9,41,quiz
5,Aula 10: Vel corporis deserunt maiores,10,8,quiz
5,Aula 11: Magnam minus dignissimos accusantium nisi,11,21,texto
5,Aula 12: Ipsum corrupti rerum ullam placeat corporis,12,11,video
5,Aula 13: Quas doloremque debitis,13,22,video
6,Aula 1: Error temporibus labore quas dolorem assumenda,1,14,quiz
6,Aula 2: Dolorem magnam maxime,2,41,texto
6,Aula 3: Saepe architecto ipsum magni,3,8,texto
6,Aula 4: Tempora corrupti excepturi doloribus deserunt,4,16,quiz
6,Aula 5: Quo doloribus voluptas dignissimos animi,5,20,video
6,Aula 6: Quis quibusdam id autem saepe consectetur,6,30,quiz
6,Aula 7: Dignissimos magnam quis,7,24,quiz
6,Aula 8: Neque non dolorem libero natus,8,29,quiz
6,Aula 9: Quia quae repudiandae corporis sunt,9,39,quiz
6,Aula 10: Repellendus occaecati consectetur sed,10,30,quiz
6,Aula 11: Illum quas consequatur excepturi,11,25,video
6,Aula 12: Quidem perspiciatis earum aut,12,28,texto
6,Aula 13: Itaque dolores minima,13,37,video
7,Aula 1: Reprehenderit eveniet fugit,1,9,quiz
7,Aula 2: Nulla laboriosam blanditiis distinctio,2,6,video
7,Aula 3: Incidunt accusantium consequuntur,3,24,quiz
7,Aula 4: Fuga adipisci in,4,38,texto
7,Aula 5: Placeat autem expedita accusantium molestias a,5,9,quiz
7,Aula 6: Vitae consequatur facere,6,9,video
7,Aula 7: Repellendus quo aspernatur atque suscipit quo,7,23,quiz
7,Aula 8: Eveniet soluta culpa molestiae earum provident,8,22,video
7,Aula 9: Odit deleniti nesciunt esse voluptatem,9,30,video
8,Aula 1: Adipisci dolore nihil labore quo,1,6,video
8,Aula 2: Maiores dolores quis expedita libero,2,14,video
8,Aula 3: Voluptatibus ad dolores,3,13,video
8,Aula 4: Delectus atque fuga,4,13,quiz
8,Aula 5: Facere animi deserunt nihil culpa sint,5,18,video
8,Aula 6: Nihil rerum quia,6,15,quiz
8,Aula 7: Neque nam iste labore cum soluta,7,42,texto
8,Aula 8: Maxime vero laboriosam aut reiciendis,8,17,quiz
8,Aula 9: Fugit nemo saepe totam,9,34,quiz
8,Aula 10: Ab pariatur possimus recusandae,10,40,video
8,Aula 11: Esse minima cumque dolore,11,11,quiz
8,Aula 12: Illo a explicabo,12,45,video
8,Aula 13: Adipisci alias quasi non fuga,13,19,texto
8,Aula 14: Facilis rerum illum nostrum illum,14,40,quiz
9,Aula 1: Exercitationem ullam ipsum,1,21,video
9,Aula 2: Totam adipisci deleniti sit saepe aliquam,2,6,quiz
9,Aula 3: Necessitatibus dicta voluptatem delectus fugit magni,3,39,texto
9,Aula 4: Cupiditate nulla at officia ipsa magnam,4,45,texto
9,Aula 5: Vel hic accusamus,5,6,quiz
9,Aula 6: Repellat saepe doloremque,6,43,texto
9,Aula 7: Praesentium natus pariatur deserunt facilis,7,39,video
10,Aula 1: Eveniet consequatur exercitationem itaque mollitia explicabo,1,40,video
10,Aula 2: Fugiat mollitia mollitia sint praesentium quae,2,27,texto
10,Aula 3: Culpa velit molestiae ipsa,3,23,texto
10,Aula 4: Beatae recusandae sunt nesciunt dolorem voluptatum excepturi,4,43,video
10,Aula 5: Quibusdam fugit iure perspiciatis dignissimos,5,23,texto
10,Aula 6: Modi quo nobis,6,24,quiz
10,Aula 7: Dolorum soluta veritatis recusandae optio quasi,7,8,video
10,Aula 8: Minus quis nisi,8,16,video
10,Aula 9: Reiciendis assumenda culpa quod,9,23,texto
11,Aula 1: Incidunt laudantium asperiores aperiam voluptatem est,1,35,texto
11,Aula 2: In expedita beatae commodi et blanditiis,2,45,texto
11,Aula 3: Neque facilis pariatur incidunt,3,18,texto
11,Aula 4: Voluptates nesciunt ducimus ipsam,4,37,video
11,Aula 5: Voluptatem exercitationem odit,5,11,quiz
11,Aula 6: Nemo numquam placeat necessitatibus incidunt eum,6,27,video
11,Aula 7: Vero asperiores sit,7,7,texto
11,Aula 8: Accusantium laboriosam corporis ex blanditiis,8,27,texto
11,Aula 9: Fugit dolor delectus quod,9,15,quiz
12,Aula 1: Corrupti unde provident ipsa autem,1,36,texto
12,Aula 2: Perspiciatis labore accusantium,2,43,quiz
12,Aula 3: Voluptas vero eligendi officiis facilis sapiente,3,11,video
12,Aula 4: Exercitationem minima deleniti nostrum,4,38,quiz
12,Aula 5: Soluta autem sed et,5,7,video
12,Aula 6: Voluptas in eligendi accusantium,6,19,texto
12,Aula 7: Facilis aliquam ipsam perferendis,7,17,texto
13,Aula 1: Dignissimos iste rerum beatae consequatur ad quisquam,1,10,video
13,Aula 2: Eveniet nostrum sint alias facilis,2,15,video
13,Aula 3: Quaerat accusantium aut aspernatur excepturi repudiandae,3,44,quiz
13,Aula 4: Suscipit error perferendis doloribus,4,5,quiz
13,Aula 5: Sit repellat tempora,5,35,texto
14,Aula 1: Consequuntur numquam a ducimus minima odio,1,36,texto
14,Aula 2: Eaque impedit repudiandae,2,39,quiz
14,Aula 3: Voluptate accusantium est consectetur,3,32,quiz
14,Aula 4: Qui illum cumque expedita impedit,4,21,quiz
14,Aula 5: Voluptatum animi commodi nobis voluptates eos,5,24,quiz
14,Aula 6: Voluptates maiores tempora numquam sit,6,17,texto
14,Aula 7: Sapiente quas architecto aliquid,7,30,quiz
14,Aula 8: Ea minus ab totam odit,8,9,quiz
14,Aula 9: Maxime non adipisci saepe amet dolore,9,44,quiz
14,Aula 10: Nisi voluptate qui natus ad,10,43,video
15,Aula 1: Illum harum veniam id amet,1,15,texto
15,Aula 2: Perferendis commodi deleniti autem ea,2,7,texto
15,Aula 3: Sint ullam vero,3,22,video
15,Aula 4: Itaque dicta ducimus exercitationem nemo,4,28,quiz
15,Aula 5: Quo quos commodi natus,5,26,video
15,Aula 6: In voluptatibus vel reprehenderit dolor aperiam,6,21,quiz
16,Aula 1: Cumque nulla tempora culpa dicta veritatis,1,22,quiz
16,Aula 2: Reprehenderit officia facere quia illum,2,37,video
16,Aula 3: Perspiciatis facilis soluta facere,3,33,quiz
16,Aula 4: Odio cupiditate iure,4,19,video
16,Aula 5: Dicta asperiores repellat consequatur impedit,5,33,video
16,Aula 6: Eveniet earum veniam,6,24,video
16,Aula 7: A consequatur ut,7,17,video
16,Aula 8: Fuga dignissimos voluptatum fugiat beatae voluptate,8,21,texto
16,Aula 9: Iusto accusantium excepturi,9,38,texto
16,Aula 10: Accusamus numquam repellendus iste,10,41,texto
16,Aula 11: Repudiandae voluptate laborum tempore quos,11,41,quiz
17,Aula 1: Temporibus vitae officiis doloremque,1,7,video
17,Aula 2: Eligendi maxime dicta placeat,2,28,texto
17,Aula 3: Culpa modi numquam maxime quaerat sit,3,9,texto
17,Aula 4: Deleniti perferendis occaecati rerum quo,4,33,texto
17,Aula 5: Vero quis quia,5,35,video
17,Aula 6: Quia dignissimos quod,6,17,texto
17,Aula 7: Placeat repellat aliquam doloribus possimus,7,13,video
18,Aula 1: Saepe recusandae veritatis vitae,1,17,texto
18,Aula 2: Ex corrupti veniam ea totam,2,33,texto
18,Aula 3: Magni suscipit voluptatem,3,21,video
18,Aula 4: Dolorum ea debitis eveniet,4,12,texto
18,Aula 5: Perspiciatis sapiente beatae natus,5,33,quiz
18,Aula 6: Quas aliquam dolorum sapiente eaque odio,6,17,texto
19,Aula 1: Inventore accusantium blanditiis,1,7,texto
19,Aula 2: Exercitationem quas consequuntur,2,32,texto
19,Aula 3: Officiis quam error culpa aliquid,3,27,texto
19,Aula 4: Illo repellat qui veniam minima,4,21,texto
19,Aula 5: Numquam voluptas possimus,5,11,video
19,Aula 6: Voluptate iste at maxime vel rem,6,11,texto
19,Aula 7: Doloribus totam ea veniam deleniti,7,16,texto
19,Aula 8: Libero a perferendis possimus ab,8,31,texto
19,Aula 9: Magnam distinctio iste a facere,9,42,quiz
19,Aula 10: Provident laborum nobis ipsum hic iusto,10,13,video
20,Aula 1: Explicabo corrupti fugiat,1,44,quiz
20,Aula 2: Inventore reprehenderit facere,2,8,quiz
20,Aula 3: Officiis excepturi cupiditate iure fugiat,3,25,texto
20,Aula 4: Architecto odit odit,4,8,video
20,Aula 5: Voluptate autem perferendis nesciunt,5,27,texto
20,Aula 6: Quis excepturi possimus occaecati ea vero,6,21,quiz
21,Aula 1: Adipisci voluptates corporis unde perferendis,1,37,video
21,Aula 2: Repudiandae voluptate natus ut,2,29,quiz
21,Aula 3: Animi repellat doloremque ad velit,3,31,video
21,Aula 4: Quibusdam asperiores doloribus omnis vel minus,4,42,video
21,Aula 5: Qui minima voluptatem eligendi maxime,5,19,video
21,Aula 6: At error sapiente quidem assumenda atque,6,35,quiz
21,Aula 7: Inventore doloremque dolore accusantium,7,24,video
21,Aula 8: Labore dolore at,8,9,quiz
21,Aula 9: Corporis neque ullam nobis,9,33,texto
21,Aula 10: Ut reiciendis dolores,10,11,video
22,Aula 1: Eius voluptatibus aliquam dolores quam earum,1,44,quiz
22,Aula 2: Voluptate nostrum ullam,2,6,quiz
22,Aula 3: Quae odio nihil praesentium,3,20,texto
22,Aula 4: Officiis enim tempore,4,42,quiz
22,Aula 5: Architecto consectetur quam alias numquam voluptatibus,5,36,quiz
23,Aula 1: Eveniet aliquid reprehenderit ducimus,1,9,texto
23,Aula 2: Mollitia necessitatibus labore,2,45,quiz
23,Aula 3: Commodi cupiditate atque facere,3,45,quiz
23,Aula 4: Assumenda dolore pariatur rem qui,4,15,quiz
23,Aula 5: Sed autem quos molestiae quis modi,5,34,texto
23,Aula 6: Cupiditate molestias eveniet dolore velit sapiente,6,12,video
23,Aula 7: Unde ab asperiores incidunt voluptates corrupti,7,45,quiz
23,Aula 8: Facere praesentium illum culpa,8,13,texto
23,Aula 9: Earum quo eligendi consequuntur mollitia explicabo,9,41,video
23,Aula 10: Atque ipsum voluptates consequatur harum recusandae,10,43,video
24,Aula 1: Iusto animi sequi odio incidunt,1,38,quiz
24,Aula 2: Officia amet minus repellat expedita,2,33,texto
24,Aula 3: Ea esse sed eos,3,34,texto
24,Aula 4: Dolor consequatur deserunt doloremque repellat,4,22,texto
24,Aula 5: Repellat vel voluptate perferendis,5,16,quiz
24,Aula 6: Culpa aliquid fugiat,6,9,texto
24,Aula 7: Vel iure explicabo rerum incidunt totam,7,20,video
24,Aula 8: Ea velit repudiandae laboriosam,8,15,quiz
24,Aula 9: Temporibus nobis deserunt natus magni,9,6,video
24,Aula 10: Sequi reprehenderit vitae repudiandae,10,7,video
24,Aula 11: Nobis consequatur numquam,11,21,texto
24,Aula 12: Quidem laudantium amet dignissimos ullam,12,12,texto
24,Aula 13: Nihil dolores earum sunt in quam,13,18,texto
24,Aula 14: Modi rerum suscipit minus,14,15,texto
25,Aula 1: Placeat quasi eligendi,1,13,video
25,Aula 2: Quasi similique officiis voluptatum asperiores,2,8,texto
25,Aula 3: Odio dolor quaerat modi,3,41,quiz
25,Aula 4: Exercitationem libero corrupti tenetur,4,15,quiz
25,Aula 5: Ab deleniti odit nesciunt ullam veniam dolorem,5,12,quiz
25,Aula 6: Ullam sunt sed quidem impedit,6,27,video
26,Aula 1: Numquam asperiores voluptatem culpa velit,1,19,quiz
26,Aula 2: Veniam exercitationem voluptates eveniet odio nisi,2,42,texto
26,Aula 3: Repellendus odit doloribus rerum tempora vitae,3,30,quiz
26,Aula 4: Nihil labore ipsa quos odit illum,4,28,texto
26,Aula 5: Quia dicta quae maiores dolor sapiente,5,43,quiz
26,Aula 6: Molestias a ratione minus,6,45,texto
27,Aula 1: Expedita aspernatur ut quas,1,15,texto
27,Aula 2: Adipisci fuga cupiditate delectus aperiam,2,31,video
27,Aula 3: Mollitia deleniti molestias atque facere impedit,3,17,video
27,Aula 4: Libero tenetur deserunt quae maiores consequuntur,4,28,video
27,Aula 5: Expedita laudantium eius sit,5,27,texto
27,Aula 6: Quia nisi consectetur molestias,6,20,quiz
28,Aula 1: Vel ipsam eius amet,1,20,quiz
28,Aula 2: Quidem sequi repudiandae sit cupiditate,2,33,video
28,Aula 3: Quaerat amet eum,3,15,video
28,Aula 4: Deserunt rerum aperiam,4,27,video
28,Aula 5: Minima necessitatibus iste architecto ut,5,39,quiz
28,Aula 6: Labore doloribus temporibus,6,32,quiz
28,Aula 7: Cumque fugiat ab aliquid totam,7,27,quiz
28,Aula 8: Tempore accusantium ipsa eum quisquam,8,21,video
28,Aula 9: Corporis reprehenderit eligendi maiores,9,38,video
28,Aula 10: Quam nostrum ab nemo adipisci ad,10,13,quiz
29,Aula 1: Porro natus maiores eum porro eum,1,35,texto
29,Aula 2: Fugit omnis dicta voluptate,2,12,texto
29,Aula 3: Ducimus ipsum totam,3,38,video
29,Aula 4: Blanditiis pariatur deserunt molestiae nobis,4,43,quiz
29,Aula 5: Accusantium fugiat iusto tempora,5,13,quiz
29,Aula 6: Corporis sed tempore nam iusto quisquam,6,26,quiz
29,Aula 7: Temporibus laudantium sed provident aspernatur natus,7,38,texto
29,Aula 8: Numquam non enim iste culpa labore,8,38,texto
30,Aula 1: Deserunt distinctio ducimus,1,30,quiz
30,Aula 2: Minima esse eius illo cum velit,2,17,quiz
30,Aula 3: Enim quibusdam tempore officia,3,24,texto
30,Aula 4: Modi ducimus voluptatibus atque nam,4,39,texto
30,Aula 5: Similique amet deserunt aspernatur vitae ab,5,43,texto
30,Aula 6: Nostrum est perspiciatis,6,40,texto
30,Aula 7: Porro nulla labore nisi,7,36,video
30,Aula 8: Illum animi dolorum,8,36,quiz
30,Aula 9: Cumque ullam libero,9,17,texto
30,Aula 10: Qui cumque possimus iusto repudiandae eveniet,10,5,texto
30,Aula 11: Nisi similique autem aspernatur,11,45,texto
30,Aula 12: Fuga possimus earum tempore,12,30,quiz
30,Aula 13: Impedit in quidem similique,13,7,texto
30,Aula 14: Sed totam animi qui voluptates,14,21,video
30,Aula 15: Non ipsa totam,15,7,video
31,Aula 1: Sint a corrupti atque,1,45,quiz
31,Aula 2: Voluptates laborum fuga fugit fugit aperiam,2,6,quiz
31,Aula 3: Impedit amet quod animi eveniet ad,3,24,quiz
31,Aula 4: Quisquam ex iste ducimus voluptate hic,4,43,texto
31,Aula 5: Ducimus saepe necessitatibus modi ea aut,5,9,video
31,Aula 6: Ratione iusto nulla voluptate,6,12,video
31,Aula 7: Dolorum animi placeat architecto placeat,7,40,texto
31,Aula 8: Odio unde distinctio eius soluta sapiente,8,26,video
32,Aula 1: Fuga quaerat quaerat deleniti molestiae earum,1,21,video
32,Aula 2: Reprehenderit aliquam maiores sequi facere dolore sed,2,15,quiz
32,Aula 3: Nostrum error adipisci,3,6,quiz
32,Aula 4: Sapiente molestias a in numquam ad,4,29,texto
32,Aula 5: Architecto expedita rem eos fugit,5,15,video
32,Aula 6: Quod fugiat sit,6,41,video
32,Aula 7: Numquam dolorum debitis,7,38,quiz
32,Aula 8: Voluptas eos itaque,8,29,texto
32,Aula 9: Corporis quidem explicabo ratione quam dolor,9,30,quiz
32,Aula 10: Unde tenetur inventore provident voluptatem,10,29,texto
32,Aula 11: Magni odit maiores repudiandae atque deleniti,11,6,video
32,Aula 12: Dolorem dolores consequuntur natus eligendi,12,23,video
32,Aula 13: Cumque mollitia incidunt aut suscipit,13,28,quiz
32,Aula 14: At reiciendis ratione vel,14,45,video
32,Aula 15: Culpa reprehenderit id vero,15,43,texto
33,Aula 1: Nihil ipsum consequuntur pariatur,1,33,texto
33,Aula 2: Culpa ab minima,2,6,video
33,Aula 3: Qui reiciendis voluptas enim iste occaecati,3,8,quiz
33,Aula 4: Excepturi quos voluptatibus sapiente,4,20,texto
33,Aula 5: Eos ipsam exercitationem cumque praesentium labore,5,26,quiz
33,Aula 6: Omnis quis maiores fuga,6,26,quiz
33,Aula 7: Cupiditate eum ipsam,7,26,quiz
33,Aula 8: Cum nemo sit veritatis,8,9,video
33,Aula 9: Minima blanditiis blanditiis velit,9,29,texto
33,Aula 10: Adipisci dicta aliquid,10,14,quiz
33,Aula 11: Quas non repellendus perspiciatis,11,40,video
33,Aula 12: Ipsum incidunt corrupti incidunt accusantium amet,12,30,video
33,Aula 13: Repudiandae eius commodi repellendus autem,13,5,video
33,Aula 14: Temporibus molestias eius,14,21,quiz
34,Aula 1: Quis beatae cumque,1,15,video
34,Aula 2: Quis veritatis autem corrupti saepe ducimus,2,9,texto
34,Aula 3: Temporibus aspernatur impedit laboriosam itaque,3,12,video
34,Aula 4: Magnam numquam repellendus velit fugiat,4,31,quiz
34,Aula 5: Ullam mollitia sapiente,5,8,texto
35,Aula 1: Molestiae veritatis officiis aperiam totam accusamus,1,33,video
35,Aula 2: Deserunt vel nisi sit deleniti,2,44,texto
35,Aula 3: Quam explicabo quae,3,7,video
35,Aula 4: Distinctio odio minima,4,9,texto
35,Aula 5: Atque commodi beatae deserunt reprehenderit,5,39,video
35,Aula 6: Deleniti tempora quia nesciunt ipsam,6,40,video
35,Aula 7: Doloremque nesciunt repellat,7,17,texto
35,Aula 8: Debitis numquam cum nam,8,14,video
35,Aula 9: Id alias ea veritatis,9,13,quiz
35,Aula 10: Asperiores ut temporibus molestiae quasi sequi,10,23,quiz
36,Aula 1: Ipsa earum maxime,1,27,texto
36,Aula 2: Sed quidem consectetur,2,26,quiz
36,Aula 3: Ipsam magnam doloribus necessitatibus iusto occaecati,3,20,quiz
36,Aula 4: Necessitatibus quas quidem aspernatur totam id,4,44,video
36,Aula 5: Rerum numquam ipsa,5,39,texto
36,Aula 6: At ipsam fugit accusamus totam,6,12,quiz
36,Aula 7: Sit quo corporis,7,16,quiz
36,Aula 8: Tenetur cum rerum aut aliquid,8,7,quiz
36,Aula 9: Est non voluptatum alias iusto,9,10,video
36,Aula 10: Repudiandae tenetur cum commodi,10,19,video
36,Aula 11: Suscipit beatae autem cumque veritatis excepturi,11,41,texto
36,Aula 12: Molestiae in fuga soluta nobis,12,17,texto
36,Aula 13: Optio et occaecati ab tempore,13,42,texto
36,Aula 14: Maxime deserunt rerum magni fugiat sit,14,33,texto
36,Aula 15: Dolore eius minus omnis quae incidunt,15,9,texto
37,Aula 1: Cupiditate vel sint est iure,1,37,video
37,Aula 2: Consectetur dolor voluptate,2,39,texto
37,Aula 3: Natus cum nemo veritatis laboriosam,3,13,quiz
37,Aula 4: Quas optio distinctio soluta,4,28,video
37,Aula 5: Error corrupti nulla blanditiis mollitia,5,12,quiz
37,Aula 6: Hic omnis laboriosam laudantium,6,12,video
37,Aula 7: In inventore quas,7,21,quiz
37,Aula 8: Non possimus necessitatibus incidunt maxime,8,14,video
38,Aula 1: Odit ea velit,1,11,video
38,Aula 2: Similique modi eius,2,26,quiz
38,Aula 3: Qui labore vel,3,14,texto
38,Aula 4: At labore natus voluptatibus suscipit,4,11,video
38,Aula 5: Officia voluptates aperiam consequuntur delectus ex,5,25,texto
38,Aula 6: Harum ipsum blanditiis expedita,6,33,quiz
38,Aula 7: Iusto quia placeat recusandae,7,16,video
39,Aula 1: Ex dolores amet nulla sint nesciunt,1,41,texto
39,Aula 2: Odit fugit eveniet voluptatem laboriosam aliquam,2,17,texto
39,Aula 3: Quam laudantium laborum,3,27,video
39,Aula 4: Quia molestiae quam,4,32,texto
39,Aula 5: Saepe illum dolorem,5,38,texto
39,Aula 6: Cupiditate sit voluptatum,6,31,texto
39,Aula 7: Esse soluta possimus officiis,7,5,texto
39,Aula 8: Aperiam vitae enim corrupti placeat,8,24,texto
39,Aula 9: Voluptatibus culpa consequatur quas dolor sunt,9,28,texto
39,Aula 10: Sit iure architecto praesentium eveniet,10,16,texto
39,Aula 11: Delectus quisquam omnis a voluptatum suscipit,11,18,texto
39,Aula 12: Quas animi ab,12,29,texto
39,Aula 13: Reiciendis omnis temporibus ex dolore,13,34,quiz
40,Aula 1: Placeat incidunt quos quas,1,26,texto
40,Aula 2: Atque reprehenderit aliquid,2,20,texto
40,Aula 3: Autem minus eaque a minus,3,17,quiz
40,Aula 4: Veritatis in consequatur reiciendis,4,11,video
40,Aula 5: Reiciendis architecto quis dolorum,5,31,video
40,Aula 6: Impedit eius recusandae,6,24,video
41,Aula 1: Sit dolorum eaque,1,13,texto
41,Aula 2: Doloremque labore eum necessitatibus minus impedit,2,6,quiz
41,Aula 3: Sint fuga suscipit deserunt porro,3,32,video
41,Aula 4: Expedita tempore voluptate,4,44,texto
41,Aula 5: Recusandae vero eaque quo cupiditate dolore,5,40,video
41,Aula 6: Officiis totam aperiam dolorum,6,14,quiz
41,Aula 7: Similique laboriosam reiciendis alias ratione,7,9,video
41,Aula 8: Tempore laboriosam fugiat eaque ratione ducimus,8,20,video
41,Aula 9: Iure totam sit magnam nulla odit,9,24,video
42,Aula 1: Alias repellat numquam libero,1,19,quiz
42,Aula 2: Sapiente dolore alias vitae consequatur,2,8,texto
42,Aula 3: Perferendis unde placeat tempora,3,24,quiz
42,Aula 4: Delectus ipsam iste rem nemo,4,30,texto
42,Aula 5: Nemo corrupti error,5,7,quiz
42,Aula 6: Placeat eaque perferendis,6,8,video
42,Aula 7: Perspiciatis asperiores libero quam odio reiciendis,7,34,video
42,Aula 8: Fugit officiis beatae iusto,8,34,quiz
42,Aula 9: Veniam dolore maxime,9,24,video
42,Aula 10: Consequuntur hic rerum explicabo laudantium beatae,10,33,video
42,Aula 11: In similique tenetur corrupti,11,27,texto
42,Aula 12: Voluptatem fuga ut iure est,12,25,video
42,Aula 13: Omnis asperiores blanditiis exercitationem,13,38,quiz
42,Aula 14: Doloremque nisi nihil sapiente quasi,14,8,quiz
42,Aula 15: Blanditiis quidem quam voluptas,15,27,quiz
43,Aula 1: Similique excepturi possimus,1,16,video
43,Aula 2: Eius aliquam reiciendis nobis ex distinctio,2,13,texto
43,Aula 3: Est ipsa occaecati,3,15,quiz
43,Aula 4: Temporibus excepturi expedita atque,4,28,texto
43,Aula 5: Assumenda optio magni,5,34,video
43,Aula 6: Voluptatibus ipsa saepe,6,26,quiz
43,Aula 7: Earum explicabo quod,7,14,texto
43,Aula 8: Enim itaque tenetur velit,8,17,quiz
43,Aula 9: Id provident sequi libero,9,22,video
43,Aula 10: Culpa saepe inventore,10,12,video
43,Aula 11: Recusandae consequuntur nisi necessitatibus officiis,11,20,video
43,Aula 12: Dignissimos sint sunt soluta minus totam,12,13,quiz
43,Aula 13: Tempore amet occaecati molestias,13,23,video
44,Aula 1: Reprehenderit nobis culpa culpa,1,16,quiz
44,Aula 2: Quisquam omnis aut eaque tenetur,2,18,texto
44,Aula 3: Odio aut aliquid iure facere veniam,3,12,quiz
44,Aula 4: Architecto quo vel explicabo,4,42,quiz
44,Aula 5: Culpa sequi porro quia animi,5,15,texto
44,Aula 6: Corrupti sint voluptatum sequi voluptatum,6,31,texto
44,Aula 7: Odio molestias quos cum maiores ad,7,34,quiz
44,Aula 8: Beatae eaque dignissimos ad repudiandae,8,24,texto
44,Aula 9: Veniam error ipsa vero,9,38,video
44,Aula 10: Illum dolor non perspiciatis,10,36,video
45,Aula 1: Quod accusantium laudantium magnam fuga error,1,14,texto
45,Aula 2: Repudiandae sapiente asperiores,2,17,texto
45,Aula 3: Vel veritatis facere praesentium tempora est,3,38,quiz
45,Aula 4: Ut dolor perferendis perferendis commodi,4,14,video
45,Aula 5: Eaque quas esse occaecati,5,18,texto
45,Aula 6: Doloribus nisi repudiandae dolorum nulla,6,38,quiz
45,Aula 7: Alias adipisci neque impedit,7,30,quiz
45,Aula 8: Odio dolore magnam perspiciatis vel quod,8,32,quiz
45,Aula 9: Amet tempore illo totam exercitationem quas,9,32,video
45,Aula 10: Nobis deleniti debitis libero maiores cupiditate,10,41,texto
45,Aula 11: Quo provident maiores excepturi corrupti,11,37,quiz
45,Aula 12: Quia labore tempora amet beatae aspernatur,12,21,video
46,Aula 1: Aspernatur cum non esse quod reprehenderit,1,20,quiz
46,Aula 2: Excepturi eligendi ullam repellendus,2,15,quiz
46,Aula 3: Numquam optio debitis nisi,3,29,texto
46,Aula 4: Commodi quaerat ex,4,10,video
46,Aula 5: Suscipit expedita iste sit laboriosam,5,20,video
46,Aula 6: Ad mollitia ad,6,36,quiz
46,Aula 7: Ipsam quidem molestias,7,7,video
46,Aula 8: Ad error velit,8,39,texto
46,Aula 9: Dolorum assumenda commodi reiciendis,9,20,video
46,Aula 10: Laborum placeat suscipit optio,10,11,texto
46,Aula 11: Vero cupiditate esse porro unde,11,13,video
46,Aula 12: Optio ex et ratione quasi expedita,12,29,quiz
46,Aula 13: Ex placeat consequatur quasi,13,12,video
47,Aula 1: Iure provident tenetur distinctio praesentium,1,29,quiz
47,Aula 2: Porro ducimus eaque quisquam magnam,2,40,texto
47,Aula 3: Mollitia modi omnis,3,33,texto
47,Aula 4: Qui optio repellat molestias voluptatum,4,33,quiz
47,Aula 5: Repudiandae culpa voluptatem,5,24,texto
47,Aula 6: Dolore corrupti minus facilis,6,40,texto
47,Aula 7: Possimus maiores unde ad ipsa,7,8,quiz
47,Aula 8: Culpa ut corporis reiciendis repellat nisi,8,14,quiz
48,Aula 1: Assumenda iure nobis quasi labore,1,32,quiz
48,Aula 2: Id voluptatem iure excepturi,2,38,texto
48,Aula 3: Nemo laboriosam nesciunt accusantium officiis,3,27,quiz
48,Aula 4: Nisi odio ratione porro veniam deleniti,4,14,texto
48,Aula 5: Dolorem vitae quidem,5,8,quiz
49,Aula 1: Distinctio adipisci debitis,1,28,quiz
49,Aula 2: Incidunt sed nobis,2,14,video
49,Aula 3: Non totam hic voluptatibus maxime,3,41,texto
49,Aula 4: Consequuntur fugit ab,4,13,quiz
49,Aula 5: Nostrum illum ipsum autem voluptatem voluptates,5,29,texto
49,Aula 6: Aspernatur non earum illum,6,31,quiz
49,Aula 7: Necessitatibus necessitatibus assumenda,7,33,video
49,Aula 8: Non distinctio eos atque ipsam,8,27,texto
49,Aula 9: Error ratione at animi dicta,9,11,texto
50,Aula 1: Natus similique assumenda,1,22,video
50,Aula 2: Ut natus dolorum aperiam,2,27,quiz
50,Aula 3: Libero pariatur aliquam provident sunt expedita,3,41,video
50,Aula 4: Voluptate voluptates placeat vel exercitationem aspernatur tenetur,4,32,quiz
50,Aula 5: Aperiam minus voluptatum ipsam,5,41,texto
50,Aula 6: Aspernatur eius expedita in,6,6,quiz
50,Aula 7: Quis eligendi sequi,7,41,quiz
50,Aula 8: Iusto illum dolores nihil,8,42,video
50,Aula 9: Magni alias blanditiis,9,26,texto
51,Aula 1: Quia qui occaecati,1,41,texto
51,Aula 2: Voluptate ad tenetur,2,18,texto
51,Aula 3: Culpa libero nemo similique fuga quidem,3,35,video
51,Aula 4: Velit sequi maxime fuga explicabo odio,4,20,quiz
51,Aula 5: Est aliquid nisi itaque excepturi error,5,27,quiz
51,Aula 6: Cupiditate dolorem sint,6,18,texto
51,Aula 7: Voluptate ducimus cupiditate totam,7,16,video
51,Aula 8: Earum a incidunt,8,23,texto
51,Aula 9: Omnis ipsa vel,9,25,quiz
51,Aula 10: Enim sit laborum,10,28,video
51,Aula 11: Labore nisi accusamus,11,25,quiz
52,Aula 1: Deleniti dolorum ipsum unde minima ullam,1,5,quiz
52,Aula 2: Sapiente quis eos,2,5,quiz
52,Aula 3: Possimus vel optio,3,18,quiz
52,Aula 4: Quis corrupti ab temporibus,4,24,quiz
52,Aula 5: Dolorem voluptates qui tenetur ipsum,5,16,video
52,Aula 6: Eos quos odit,6,33,quiz
52,Aula 7: Ullam voluptates iusto occaecati,7,22,texto
52,Aula 8: Exercitationem nisi placeat fugit,8,10,quiz
52,Aula 9: Labore nam neque neque dolor,9,39,quiz
52,Aula 10: Adipisci esse perferendis,10,11,texto
52,Aula 11: Officiis temporibus eaque illum debitis explicabo,11,16,texto
52,Aula 12: Assumenda officiis eaque possimus,12,9,video
52,Aula 13: Praesentium vel quo doloribus soluta saepe,13,33,quiz
52,Aula 14: Tempora quisquam quod ipsa voluptatum deleniti,14,5,quiz
52,Aula 15: In alias iste,15,25,video
53,Aula 1: Ullam possimus quos,1,15,texto
53,Aula 2: Exercitationem sapiente molestias officiis optio,2,21,video
53,Aula 3: Possimus repudiandae porro,3,36,texto
53,Aula 4: Alias ut cupiditate eum illum,4,15,texto
53,Aula 5: Aliquam at fuga,5,10,texto
53,Aula 6: Itaque aliquid expedita fugit sequi,6,37,quiz
53,Aula 7: Minus autem nulla consequuntur,7,29,video
53,Aula 8: Aspernatur atque voluptate possimus rerum asperiores,8,12,video
53,Aula 9: Ab cumque officia,9,9,texto
53,Aula 10: Iste vitae est a,10,13,texto
53,Aula 11: Accusantium iusto mollitia ea velit placeat,11,42,texto
53,Aula 12: Ad quod voluptas consectetur totam,12,37,quiz
54,Aula 1: Facilis dolorem temporibus,1,6,quiz
54,Aula 2: Officia delectus error,2,40,video
54,Aula 3: Autem ea quisquam,3,21,video
54,Aula 4: Deleniti itaque et rerum,4,26,quiz
54,Aula 5: Blanditiis officiis ex corrupti ab quod,5,25,video
54,Aula 6: Dicta dolorem exercitationem,6,18,video
54,Aula 7: Magni numquam debitis,7,12,video
55,Aula 1: Voluptatem tempora laborum,1,7,texto
55,Aula 2: Dolores nobis hic neque cupiditate,2,13,quiz
55,Aula 3: Beatae placeat id,3,39,texto
55,Aula 4: Labore fugiat fuga,4,30,texto
55,Aula 5: Voluptatum facilis corrupti modi aut velit,5,24,video
55,Aula 6: Hic porro aliquam officia,6,16,video
56,Aula 1: Accusamus eius nesciunt assumenda nesciunt,1,6,video
56,Aula 2: Autem excepturi numquam explicabo,2,18,texto
56,Aula 3: Iste necessitatibus et suscipit veritatis,3,10,texto
56,Aula 4: Officia fugit sint commodi inventore,4,15,video
56,Aula 5: Nisi voluptate ipsa,5,29,video
56,Aula 6: Magni distinctio dolorem,6,6,quiz
56,Aula 7: Voluptas ipsa quidem fuga nesciunt quam,7,30,texto
56,Aula 8: Modi suscipit occaecati officia dicta aspernatur,8,22,texto
56,Aula 9: Tempora asperiores quas,9,32,texto
56,Aula 10: Autem beatae illum reprehenderit,10,43,texto
56,Aula 11: Numquam possimus adipisci aliquam placeat velit,11,37,texto
56,Aula 12: Quaerat facilis reprehenderit ea autem adipisci,12,25,texto
56,Aula 13: Corrupti corporis praesentium,13,6,quiz
57,Aula 1: Sapiente sint amet optio placeat reiciendis,1,29,video
57,Aula 2: Rerum expedita officia nisi quas at,2,11,video
57,Aula 3: Fugiat occaecati sapiente sequi,3,16,texto
57,Aula 4: Enim repudiandae unde,4,43,video
57,Aula 5: Quia ullam nam sequi,5,27,quiz
57,Aula 6: Deserunt ad perferendis,6,35,texto
57,Aula 7: Repudiandae pariatur aut eveniet,7,37,video
57,Aula 8: In quas alias est necessitatibus,8,10,video
57,Aula 9: Cupiditate quaerat repudiandae asperiores ut voluptas,9,8,quiz
57,Aula 10: Repudiandae officiis quos ea possimus,10,44,quiz
57,Aula 11: Quo rerum porro,11,17,texto
57,Aula 12: Ab saepe ullam est,12,44,quiz
58,Aula 1: Voluptatibus ducimus aliquid aperiam eveniet numquam,1,26,texto
58,Aula 2: Distinctio totam delectus libero repudiandae ducimus,2,36,video
58,Aula 3: Aut consectetur pariatur provident quos,3,44,quiz
58,Aula 4: Sint adipisci molestias illum,4,7,video
58,Aula 5: Perspiciatis aut est quidem,5,25,texto
58,Aula 6: Deleniti sed nihil dolorem unde,6,38,texto
59,Aula 1: Corporis doloribus et nostrum distinctio,1,22,texto
59,Aula 2: Exercitationem quidem eos voluptatibus numquam doloremque,2,17,video
59,Aula 3: Nemo quasi velit,3,22,video
59,Aula 4: Amet quam possimus similique,4,31,video
59,Aula 5: Voluptas velit porro est minima,5,6,texto
59,Aula 6: Cumque maiores ex vel iste est,6,19,quiz
59,Aula 7: Totam assumenda repellendus,7,22,video
60,Aula 1: Quam unde error rerum suscipit quia,1,41,video
60,Aula 2: Iste eaque excepturi maiores omnis,2,17,texto
60,Aula 3: Eveniet hic dicta,3,5,quiz
60,Aula 4: Vero aperiam ullam,4,29,quiz
60,Aula 5: Dolores incidunt quo voluptates ipsam esse,5,28,quiz
60,Aula 6: Pariatur quas facere,6,36,video
60,Aula 7: Dolore voluptatibus aliquam officiis,7,20,texto
61,Aula 1: Qui quo praesentium modi quos,1,12,quiz
61,Aula 2: Laudantium ad laudantium officiis optio,2,29,texto
61,Aula 3: Sed perspiciatis quos nemo consequuntur,3,39,quiz
61,Aula 4: Nemo nostrum quos,4,34,video
61,Aula 5: Eum fugiat ad placeat beatae,5,23,quiz
61,Aula 6: Laboriosam ipsa alias id itaque quaerat,6,37,video
61,Aula 7: Illum facilis molestias repudiandae ipsum,7,23,quiz
61,Aula 8: Asperiores veniam doloribus beatae voluptatem,8,44,quiz
61,Aula 9: Itaque facilis voluptatum iure vel,9,38,texto
61,Aula 10: Nemo unde commodi iste,10,44,quiz
61,Aula 11: Repudiandae reiciendis incidunt iusto rem,11,14,texto
61,Aula 12: Quod molestiae doloribus nihil nemo consectetur,12,37,video
61,Aula 13: Esse odit magni rem ratione,13,22,quiz
61,Aula 14: Molestias itaque maxime nemo cumque,14,23,quiz
61,Aula 15: Commodi facilis ad dolorem,15,14,quiz
62,Aula 1: Aspernatur doloremque soluta,1,13,quiz
62,Aula 2: Exercitationem error quasi recusandae similique quisquam,2,10,video
62,Aula 3: Reiciendis maiores consectetur rerum,3,9,quiz
62,Aula 4: Voluptas quaerat provident neque ratione,4,34,texto
62,Aula 5: At quae laudantium voluptate,5,30,quiz
62,Aula 6: Molestias vitae temporibus perspiciatis eveniet veniam,6,18,quiz
62,Aula 7: Magnam autem odio laudantium rerum,7,22,video
63,Aula 1: Consequatur delectus laborum vero deleniti voluptas,1,45,texto
63,Aula 2: Natus maxime inventore,2,23,texto
63,Aula 3: Esse explicabo nobis quibusdam reiciendis vero,3,44,texto
63,Aula 4: Asperiores odit quibusdam esse expedita excepturi,4,26,texto
63,Aula 5: Et nobis soluta incidunt dolore,5,42,texto
63,Aula 6: Deleniti vitae sapiente esse,6,6,video
63,Aula 7: Corrupti dolor magnam nemo,7,6,texto
63,Aula 8: Repellendus exercitationem atque tempore quaerat atque,8,42,quiz
63,Aula 9: Quibusdam sapiente maxime minus,9,12,quiz
63,Aula 10: Aliquid explicabo in repellat,10,12,video
63,Aula 11: Ad accusamus distinctio,11,6,video
63,Aula 12: Unde pariatur debitis cupiditate eos,12,24,video
64,Aula 1: Ipsam debitis sed,1,39,quiz
64,Aula 2: Facilis suscipit animi,2,44,texto
64,Aula 3: Adipisci sint id,3,25,texto
64,Aula 4: Minus rerum officiis repellendus,4,24,quiz
64,Aula 5: Cum quos a,5,43,quiz
64,Aula 6: Quod laboriosam quisquam possimus maiores impedit,6,45,video
64,Aula 7: Quos hic cum id voluptatem,7,12,video
64,Aula 8: Dolorum sunt fugit distinctio nesciunt assumenda,8,9,video
64,Aula 9: A ipsa ut commodi deleniti laboriosam,9,5,video
64,Aula 10: Quo quia est voluptatem quos est,10,12,texto
64,Aula 11: Veritatis natus ratione,11,35,quiz
64,Aula 12: Eligendi sint blanditiis cum,12,35,texto
65,Aula 1: Totam ad dolorem voluptate qui,1,26,quiz
65,Aula 2: Est autem nesciunt recusandae impedit,2,7,video
65,Aula 3: Distinctio cum nihil veniam,3,7,quiz
65,Aula 4: Nostrum enim culpa nisi eius,4,26,quiz
65,Aula 5: Deserunt quam numquam repellat est illum,5,23,video
65,Aula 6: Delectus molestias nam harum reprehenderit necessitatibus,6,33,texto
66,Aula 1: Aliquid vitae nisi,1,16,texto
66,Aula 2: Deserunt at minus,2,21,video
66,Aula 3: Vel veritatis fugit,3,27,texto
66,Aula 4: Cum in placeat quibusdam qui,4,41,video
66,Aula 5: Commodi assumenda repudiandae ducimus molestias asperiores,5,14,quiz
66,Aula 6: Adipisci vel ducimus saepe,6,19,video
67,Aula 1: Quos omnis nostrum sequi distinctio sed,1,22,quiz
67,Aula 2: In nisi doloremque illum quae,2,11,video
67,Aula 3: Accusamus natus quam,3,8,video
67,Aula 4: Illo laboriosam quas in ducimus,4,38,texto
67,Aula 5: Sed delectus non,5,14,texto
67,Aula 6: Vero ducimus quaerat expedita unde,6,7,video
67,Aula 7: Nemo repudiandae cum doloribus saepe laborum,7,13,texto
67,Aula 8: Cumque id expedita sequi consequuntur,8,32,texto
67,Aula 9: Labore ratione eius eaque consequatur reprehenderit,9,7,quiz
68,Aula 1: Dolorem repellendus iure quisquam natus,1,35,texto
68,Aula 2: Dignissimos expedita reprehenderit architecto natus alias,2,43,texto
68,Aula 3: Nobis sint quas explicabo,3,29,quiz
68,Aula 4: Vel dicta est voluptates veniam omnis,4,16,quiz
68,Aula 5: Nulla maxime aut accusamus cumque nihil,5,44,quiz
68,Aula 6: Ea ea similique ea,6,6,texto
68,Aula 7: Sapiente quos ab inventore reprehenderit voluptatibus,7,26,quiz
68,Aula 8: Natus nobis ipsa nulla,8,29,texto
68,Aula 9: Rem rem fugit,9,28,video
69,Aula 1: Suscipit quibusdam voluptates,1,31,video
69,Aula 2: Incidunt aut amet,2,11,video
69,Aula 3: Consequuntur voluptas voluptatem fugit unde,3,16,texto
69,Aula 4: Quaerat quos aliquid ab,4,34,quiz
69,Aula 5: Quisquam atque temporibus deserunt,5,31,texto
70,Aula 1: Corrupti eum in numquam blanditiis,1,40,quiz
70,Aula 2: A laudantium maiores impedit,2,24,video
70,Aula 3: Aliquid quis at corporis repellat,3,5,texto
70,Aula 4: Explicabo eaque beatae,4,13,texto
70,Aula 5: Minus aspernatur laudantium provident a,5,24,video
70,Aula 6: Perspiciatis officiis explicabo ipsam laboriosam debitis,6,13,quiz
70,Aula 7: Quae pariatur labore culpa,7,34,quiz
70,Aula 8: Natus soluta ex,8,26,video
70,Aula 9: Veritatis error aspernatur,9,33,video
70,Aula 10: Provident ipsam doloribus,10,41,quiz
70,Aula 11: Id cum consectetur deleniti,11,16,quiz
70,Aula 12: Quis labore ducimus ea,12,18,quiz
70,Aula 13: Maxime maiores perspiciatis est qui iste,13,30,texto
70,Aula 14: Magnam assumenda ullam,14,20,texto
71,Aula 1: Eius ab ducimus pariatur,1,6,quiz
71,Aula 2: Optio perferendis voluptatem ipsam,2,17,texto
71,Aula 3: Consequuntur quasi dignissimos expedita harum,3,25,quiz
71,Aula 4: Autem aspernatur ullam laudantium,4,8,quiz
71,Aula 5: Ab animi placeat suscipit,5,24,texto
71,Aula 6: Non velit unde laboriosam alias a velit,6,26,video
71,Aula 7: Nemo labore hic earum aperiam,7,10,texto
71,Aula 8: Tempora non perspiciatis dolorem accusamus quae,8,41,texto
71,Aula 9: Eius delectus omnis,9,9,video
72,Aula 1: Beatae magnam autem inventore quidem,1,5,texto
72,Aula 2: Eligendi nisi eius fugiat perferendis tempore,2,25,video
72,Aula 3: Nemo fugit laboriosam odio,3,16,texto
72,Aula 4: Quod odit nesciunt nobis dolorum totam,4,41,quiz
72,Aula 5: Veniam dicta atque sapiente,5,5,quiz
72,Aula 6: Animi exercitationem quisquam autem magni,6,14,quiz
72,Aula 7: Veritatis odit culpa illo,7,12,quiz
72,Aula 8: Dolorum cum explicabo quibusdam,8,16,quiz
72,Aula 9: Voluptatem laborum harum doloremque nesciunt,9,40,quiz
73,Aula 1: Nemo molestiae dicta,1,33,quiz
73,Aula 2: Expedita deleniti amet,2,35,texto
73,Aula 3: Velit architecto aliquam error,3,31,texto
73,Aula 4: Aliquid voluptas maxime adipisci blanditiis commodi,4,40,quiz
73,Aula 5: A placeat soluta,5,42,quiz
73,Aula 6: Architecto nemo suscipit nobis modi dolores,6,22,texto
73,Aula 7: Repellat nulla quod,7,32,video
73,Aula 8: Odio laudantium harum quasi,8,17,quiz
73,Aula 9: Aspernatur vitae minima quisquam qui,9,20,texto
74,Aula 1: Doloribus itaque dolorem,1,27,quiz
74,Aula 2: Totam nisi temporibus possimus,2,15,quiz
74,Aula 3: Voluptas ipsam magnam amet hic delectus,3,30,quiz
74,Aula 4: Ipsam asperiores officia adipisci,4,26,texto
74,Aula 5: Praesentium nulla suscipit magnam possimus,5,44,video
74,Aula 6: Aut in ab a officiis,6,34,quiz
75,Aula 1: Quidem numquam ad voluptatibus,1,40,video
75,Aula 2: Excepturi cupiditate reiciendis ab sequi,2,17,quiz
75,Aula 3: Consequatur ab labore voluptas ab,3,36,video
75,Aula 4: Perferendis dicta at illum praesentium impedit,4,27,texto
75,Aula 5: In laboriosam provident officiis impedit,5,28,texto
75,Aula 6: Ullam tempora at maiores quod,6,42,quiz
75,Aula 7: Architecto dignissimos voluptates accusamus,7,29,texto
75,Aula 8: Dolorum quibusdam numquam veniam possimus,8,21,quiz
75,Aula 9: Occaecati minus facere sequi,9,6,quiz
75,Aula 10: Molestiae velit dolores facere,10,33,video
75,Aula 11: Tempora dolor rem,11,40,video
75,Aula 12: Ipsum necessitatibus sapiente,12,43,quiz
75,Aula 13: Sit molestiae asperiores,13,20,video
75,Aula 14: Eveniet vero quisquam,14,9,video
75,Aula 15: Fuga eveniet numquam laboriosam,15,25,video
76,Aula 1: Iusto vero minima itaque,1,18,texto
76,Aula 2: Tempora expedita omnis autem,2,14,quiz
76,Aula 3: Corporis qui quos unde cumque quam,3,38,quiz
76,Aula 4: Qui earum rerum reiciendis,4,42,quiz
76,Aula 5: Minus repellendus porro,5,44,video
76,Aula 6: Ab mollitia officia beatae ullam,6,44,quiz
76,Aula 7: Omnis maiores deleniti repudiandae molestias,7,42,quiz
76,Aula 8: Maxime illo nihil vitae,8,30,quiz
77,Aula 1: Modi iure quisquam id,1,21,quiz
77,Aula 2: Facere pariatur itaque voluptas molestias dolores,2,6,texto
77,Aula 3: Nisi aspernatur veritatis blanditiis molestias,3,40,video
77,Aula 4: Omnis ipsa nihil,4,39,video
77,Aula 5: Sit eveniet nisi,5,18,video
77,Aula 6: Consequatur consequuntur ratione dolorem occaecati in,6,22,texto
77,Aula 7: Ea consequuntur quasi,7,11,video
77,Aula 8: Mollitia quisquam harum animi eum,8,23,quiz
77,Aula 9: Ipsum quisquam modi natus cumque,9,9,texto
77,Aula 10: Perspiciatis vitae quia similique alias,10,29,quiz
78,Aula 1: Cum omnis tempora beatae doloribus tempore,1,20,video
78,Aula 2: Consequuntur possimus provident,2,28,quiz
78,Aula 3: Aspernatur repellendus ducimus,3,21,texto
78,Aula 4: Incidunt corrupti ipsa magni ea laboriosam,4,21,quiz
78,Aula 5: Tempora facere illum,5,26,quiz
78,Aula 6: Autem doloremque nihil nostrum vero eius,6,18,texto
78,Aula 7: Omnis sed voluptatem tempore sunt impedit,7,43,quiz
78,Aula 8: Officiis sint ad explicabo,8,29,texto
78,Aula 9: Illo repellat ducimus veritatis culpa,9,9,texto
78,Aula 10: Quidem repellat autem quibusdam,10,26,video
78,Aula 11: Voluptas odio minus corporis,11,12,quiz
78,Aula 12: Iusto et quaerat incidunt dolor,12,35,quiz
78,Aula 13: Accusamus minima accusantium,13,29,quiz
78,Aula 14: Ipsa in tenetur perspiciatis quibusdam cupiditate,14,21,texto
78,Aula 15: Accusantium mollitia quibusdam,15,14,video
79,Aula 1: Harum animi praesentium,1,33,texto
79,Aula 2: Dicta similique iure mollitia magnam corrupti,2,5,texto
79,Aula 3: Dolor explicabo neque nostrum,3,40,texto
79,Aula 4: Earum dolore necessitatibus fugit,4,31,quiz
79,Aula 5: Molestias velit laudantium,5,35,texto
79,Aula 6: Fugit maiores quae,6,19,texto
79,Aula 7: Eveniet excepturi et,7,30,texto
79,Aula 8: Nam nulla quibusdam,8,5,texto
79,Aula 9: Pariatur ut omnis similique,9,25,video
79,Aula 10: Suscipit minima neque placeat animi,10,9,quiz
79,Aula 11: Perferendis iusto tempora,11,21,video
79,Aula 12: Cupiditate nulla sapiente occaecati sint nobis,12,21,video
79,Aula 13: Distinctio ut molestias alias cum architecto,13,24,quiz
80,Aula 1: Corporis aliquid quidem,1,6,quiz
80,Aula 2: Blanditiis accusamus tempore,2,15,texto
80,Aula 3: Doloribus quidem officia earum possimus porro,3,10,quiz
80,Aula 4: Consequatur veritatis magni nemo,4,22,texto
80,Aula 5: Temporibus velit et ab doloremque,5,24,texto
80,Aula 6: Excepturi nam illum tenetur,6,23,texto
80,Aula 7: Quo pariatur odit rem ex,7,11,video
80,Aula 8: Blanditiis qui quos,8,22,quiz
80,Aula 9: Repellendus velit praesentium,9,15,texto
80,Aula 10: Repellendus harum aliquam possimus,10,40,video
80,Aula 11: Rerum quia cumque vero,11,45,video
80,Aula 12: Porro repellat non,12,29,video
80,Aula 13: Debitis nihil sunt maiores architecto,13,24,texto
80,Aula 14: Ipsum explicabo recusandae nostrum tempore,14,6,texto
81,Aula 1: Soluta rerum porro quam optio,1,39,video
81,Aula 2: Unde iure molestias optio a,2,45,texto
81,Aula 3: Minima consequuntur nihil iure recusandae,3,36,texto
81,Aula 4: Nostrum voluptatum laudantium voluptatibus asperiores,4,21,quiz
81,Aula 5: Voluptates hic reprehenderit,5,19,quiz
81,Aula 6: Similique libero maiores eligendi necessitatibus,6,12,quiz
81,Aula 7: Autem voluptate mollitia tempora,7,10,quiz
81,Aula 8: Vero excepturi natus natus odio,8,35,video
81,Aula 9: Doloremque aperiam repellendus velit praesentium omnis,9,45,quiz
82,Aula 1: Expedita corporis ex corporis sint,1,7,quiz
82,Aula 2: Doloribus at nemo voluptatibus esse,2,21,video
82,Aula 3: Fugiat laborum nihil,3,37,quiz
82,Aula 4: Neque quibusdam et,4,25,video
82,Aula 5: Aliquid voluptatem atque ipsa consequatur eligendi,5,10,quiz
82,Aula 6: Dolores doloribus odit nam sapiente,6,16,video
82,Aula 7: Nam molestias hic voluptate aspernatur,7,39,texto
83,Aula 1: Eius ex optio neque,1,16,video
83,Aula 2: Hic dolores earum,2,11,quiz
83,Aula 3: Provident harum labore accusantium sit,3,27,video
83,Aula 4: Nam consequatur deleniti amet reprehenderit,4,15,texto
83,Aula 5: Minus temporibus pariatur,5,28,texto
83,Aula 6: Laboriosam tenetur laudantium eum dicta distinctio,6,27,quiz
83,Aula 7: Itaque repellat maiores dolorum culpa,7,18,quiz
84,Aula 1: Ratione neque consequuntur occaecati dolore,1,43,video
84,Aula 2: Odit ullam iste ipsum,2,35,texto
84,Aula 3: Velit deserunt unde,3,25,quiz
84,Aula 4: Veniam necessitatibus quia,4,7,quiz
84,Aula 5: Accusamus provident quo autem labore totam,5,22,video
84,Aula 6: Maiores esse adipisci quia voluptates dolorum,6,35,texto
84,Aula 7: Expedita repellat maiores magnam repellendus incidunt,7,20,texto
84,Aula 8: Inventore adipisci voluptate officiis,8,17,video
84,Aula 9: Veniam dolorum possimus in,9,28,video
85,Aula 1: Ratione consequatur aut blanditiis explicabo,1,39,texto
85,Aula 2: Nostrum eveniet dicta omnis soluta,2,37,texto
85,Aula 3: Vero reiciendis doloribus illo quis voluptas,3,16,video
85,Aula 4: Quis dolorem repudiandae nisi voluptate cupiditate,4,23,texto
85,Aula 5: Aliquid commodi expedita quia rem,5,25,quiz
85,Aula 6: Enim ea ullam,6,28,quiz
85,Aula 7: Laboriosam odio perferendis,7,45,texto
85,Aula 8: Repellendus optio expedita ducimus,8,35,quiz
86,Aula 1: Dolor corrupti fuga est illo porro,1,44,quiz
86,Aula 2: Laudantium ipsa minima,2,22,texto
86,Aula 3: Nesciunt eaque iusto,3,40,quiz
86,Aula 4: Sequi delectus magnam blanditiis hic voluptatem,4,11,video
86,Aula 5: Nam eaque eligendi porro reprehenderit,5,15,video
86,Aula 6: Corrupti praesentium voluptatum occaecati,6,35,quiz
86,Aula 7: Ipsum vero atque adipisci recusandae,7,41,quiz
86,Aula 8: Ad dolor velit illo,8,35,texto
86,Aula 9: Magni harum ratione,9,38,video
87,Aula 1: Illum nobis error iusto eveniet,1,16,quiz
87,Aula 2: Facilis odio fugiat nulla odit voluptate,2,12,texto
87,Aula 3: Eos sequi suscipit itaque,3,18,quiz
87,Aula 4: Soluta aliquam voluptates itaque aut,4,5,video
87,Aula 5: Velit esse eos sapiente omnis aperiam,5,30,video
87,Aula 6: Id possimus iure impedit,6,28,quiz
87,Aula 7: Eveniet tempore asperiores ducimus repellat,7,27,video
87,Aula 8: Illum vero neque,8,12,video
88,Aula 1: Placeat inventore facere rem dolor molestiae,1,33,texto
88,Aula 2: Eos occaecati sint,2,17,quiz
88,Aula 3: Magni esse sed nihil,3,34,texto
88,Aula 4: Quasi reiciendis nulla nihil sit dolores,4,9,video
88,Aula 5: Modi quis vitae,5,29,quiz
88,Aula 6: Ut aspernatur consectetur dicta veritatis,6,18,video
88,Aula 7: Deserunt expedita repudiandae praesentium repellat,7,25,video
88,Aula 8: Ea magnam aliquid quaerat voluptas accusantium,8,8,texto
88,Aula 9: Rem ratione repellendus ducimus,9,37,texto
88,Aula 10: A sint velit laboriosam aliquam totam,10,7,quiz
88,Aula 11: Nemo laudantium enim repudiandae velit,11,40,quiz
88,Aula 12: Eum voluptatem tenetur expedita explicabo reprehenderit,12,15,texto
88,Aula 13: Porro ut distinctio ad tempora,13,24,quiz
88,Aula 14: Quis a impedit,14,36,texto
89,Aula 1: Recusandae ea exercitationem eum,1,14,texto
89,Aula 2: Nulla repellendus neque,2,30,quiz
89,Aula 3: Magni ea nam itaque laudantium cupiditate,3,37,video
89,Aula 4: Dolores ducimus corrupti unde illum possimus,4,27,quiz
89,Aula 5: Assumenda debitis vitae excepturi minus,5,11,texto
89,Aula 6: Itaque iste aliquid animi,6,13,video
89,Aula 7: Ipsam optio aspernatur quos quo,7,23,texto
89,Aula 8: Enim deserunt reprehenderit eum,8,12,texto
89,Aula 9: Odit laboriosam reprehenderit velit sit,9,43,texto
89,Aula 10: Nisi doloremque dolore cupiditate dolore harum deleniti,10,24,video
89,Aula 11: Deserunt sit ipsum,11,36,video
89,Aula 12: Vel maiores sint cupiditate tempore,12,14,quiz
89,Aula 13: Nobis harum autem,13,12,video
90,Aula 1: Iusto veritatis ipsam minima natus,1,11,quiz
90,Aula 2: Autem repellat rerum nihil,2,26,quiz
90,Aula 3: Eveniet quasi voluptas,3,16,texto
90,Aula 4: Illo necessitatibus ratione delectus tempore labore,4,20,quiz
90,Aula 5: Quae dolorem debitis officiis iure,5,20,quiz
90,Aula 6: Voluptatum veniam non,6,31,video
90,Aula 7: Et occaecati reprehenderit,7,17,quiz
90,Aula 8: Culpa tempora quasi laboriosam,8,43,video
91,Aula 1: Id pariatur nobis,1,6,quiz
91,Aula 2: Dolorum veniam non commodi eum maiores,2,5,quiz
91,Aula 3: Earum aut minus animi quos pariatur,3,39,texto
91,Aula 4: Similique nam magnam,4,13,texto
91,Aula 5: Assumenda nisi ipsam,5,14,video
92,Aula 1: Architecto voluptatibus sint,1,19,texto
92,Aula 2: Earum laudantium voluptates quam,2,40,texto
92,Aula 3: Quas beatae ut nihil laudantium esse,3,38,quiz
92,Aula 4: Corrupti incidunt omnis omnis sed,4,19,video
92,Aula 5: Reiciendis corporis illo,5,18,video
92,Aula 6: Mollitia laudantium unde,6,44,texto
92,Aula 7: Minima distinctio quae culpa,7,6,texto
92,Aula 8: Cupiditate autem possimus praesentium voluptas,8,37,quiz
92,Aula 9: Sint iure provident ad,9,6,quiz
92,Aula 10: Voluptatibus nisi consequuntur,10,5,texto
92,Aula 11: Facere ad odio sapiente expedita,11,44,video
93,Aula 1: Iure sint nostrum laudantium suscipit rerum,1,14,texto
93,Aula 2: Beatae aut tempora est adipisci,2,19,video
93,Aula 3: Laudantium dolor odit officia dolorem,3,23,video
93,Aula 4: Cupiditate ullam numquam amet est iure,4,17,video
93,Aula 5: Beatae error consectetur quo aliquam eos,5,45,quiz
93,Aula 6: Velit recusandae facilis eveniet ab accusantium,6,31,quiz
93,Aula 7: Ipsa sequi quae,7,36,video
93,Aula 8: Aut nam magni,8,5,texto
93,Aula 9: A repellendus corporis temporibus,9,9,quiz
93,Aula 10: Adipisci culpa dolorem nostrum asperiores,10,25,texto
94,Aula 1: Debitis molestias quidem sint iure,1,24,quiz
94,Aula 2: Amet nemo magni modi expedita aspernatur,2,8,texto
94,Aula 3: Rem eaque quas,3,20,texto
94,Aula 4: Ipsa voluptatum adipisci veritatis,4,5,quiz
94,Aula 5: Praesentium exercitationem eius distinctio veritatis,5,23,video
94,Aula 6: Tempora eaque doloremque nihil qui,6,31,quiz
95,Aula 1: Aspernatur ipsa iste iusto eos a,1,37,quiz
95,Aula 2: Assumenda totam officia iusto possimus,2,35,quiz
95,Aula 3: In aspernatur delectus voluptate,3,25,quiz
95,Aula 4: Possimus reiciendis ipsa neque pariatur,4,23,quiz
95,Aula 5: Reprehenderit eius iure,5,28,video
96,Aula 1: Ex earum iste delectus,1,12,video
96,Aula 2: Quas sequi sequi veritatis,2,12,texto
96,Aula 3: Assumenda consequatur explicabo sit impedit,3,37,video
96,Aula 4: Dolorum amet minima,4,43,video
96,Aula 5: Assumenda porro similique soluta atque,5,16,video
96,Aula 6: Necessitatibus natus omnis eligendi quis dolores,6,28,quiz
96,Aula 7: Deserunt aut corporis animi,7,42,texto
96,Aula 8: Necessitatibus maxime id cupiditate vitae animi,8,16,texto
97,Aula 1: Aspernatur similique quasi possimus dolorem,1,43,video
97,Aula 2: In non omnis voluptas doloremque quia,2,19,texto
97,Aula 3: Repellat illum repudiandae ex,3,22,quiz
97,Aula 4: Saepe maiores architecto veniam,4,23,video
97,Aula 5: Eligendi quis ipsam corrupti,5,35,video
97,Aula 6: Fuga magni ipsa eaque incidunt impedit,6,36,video
97,Aula 7: Dicta labore doloribus maxime,7,12,quiz
98,Aula 1: Tempora iusto officia error,1,13,texto
98,Aula 2: Suscipit distinctio sequi,2,13,texto
98,Aula 3: Voluptatem voluptatem mollitia hic,3,30,texto
98,Aula 4: Iure tenetur quisquam,4,42,video
98,Aula 5: Id nam cumque temporibus,5,19,video
98,Aula 6: Tempora optio minima ipsum dolor,6,14,texto
99,Aula 1: Pariatur labore porro,1,44,video
99,Aula 2: Non ullam consectetur,2,11,quiz
99,Aula 3: Placeat perferendis cupiditate aperiam libero,3,18,quiz
99,Aula 4: Animi recusandae non quaerat,4,20,video
99,Aula 5: Maiores voluptatum reprehenderit,5,20,texto
99,Aula 6: Iste sequi molestias temporibus,6,17,video
99,Aula 7: Officiis sed quisquam,7,27,quiz
99,Aula 8: Eos tempora dolorem,8,15,video
99,Aula 9: Ipsa tempora rerum sit,9,35,quiz
99,Aula 10: Eius eveniet totam,10,43,quiz
99,Aula 11: Molestias suscipit distinctio vel dolor est,11,39,video
99,Aula 12: Quam quasi asperiores rem,12,16,texto
99,Aula 13: Temporibus possimus reiciendis repellendus reiciendis,13,29,video
100,Aula 1: Corrupti porro sapiente,1,11,quiz
100,Aula 2: Sed aut dicta dolor aliquid inventore,2,35,texto
100,Aula 3: Quibusdam laboriosam magni,3,16,texto
100,Aula 4: Officia cumque cumque,4,43,texto
100,Aula 5: Similique ea tempore facere eum officia,5,12,texto
100,Aula 6: Natus mollitia iste cumque vero accusantium,6,17,quiz
100,Aula 7: Quos laboriosam fugit quos veritatis porro,7,22,quiz
100,Aula 8: Quae cupiditate tempore dolorum ratione,8,20,texto
100,Aula 9: Soluta sint numquam,9,38,video
100,Aula 10: Aliquid dolore laboriosam voluptas quod qui,10,27,texto
101,Aula 1: Asperiores placeat accusantium soluta possimus,1,12,texto
101,Aula 2: Fuga occaecati cumque,2,18,texto
101,Aula 3: Fuga soluta blanditiis sint fuga incidunt,3,45,video
101,Aula 4: Sed dolorum fugiat deserunt soluta quasi,4,38,video
101,Aula 5: Nihil suscipit repellat,5,25,quiz
101,Aula 6: Repudiandae quo earum ea consequuntur dolor,6,35,quiz
101,Aula 7: Vero animi exercitationem ducimus,7,44,video
101,Aula 8: Repellendus totam consequuntur debitis voluptas ratione,8,42,quiz
101,Aula 9: Corporis molestiae facilis odio iste,9,13,texto
101,Aula 10: Dolorem libero mollitia molestiae totam libero,10,39,texto
101,Aula 11: Sed fugiat architecto error,11,14,video
101,Aula 12: Cumque similique velit,12,43,video
101,Aula 13: Dicta quod minima blanditiis id qui,13,43,quiz
102,Aula 1: Explicabo natus porro optio,1,12,quiz
102,Aula 2: Eveniet pariatur debitis deleniti distinctio consequuntur,2,22,texto
102,Aula 3: Ratione deleniti natus,3,26,video
102,Aula 4: Harum non beatae quis,4,27,quiz
102,Aula 5: Inventore quis similique,5,40,quiz
102,Aula 6: Officia adipisci incidunt corporis sed architecto,6,33,quiz
102,Aula 7: Esse magni enim,7,21,video
102,Aula 8: Ipsa ipsa veniam inventore quisquam,8,41,texto
102,Aula 9: Nihil nostrum ratione,9,31,texto
102,Aula 10: Ullam odio aspernatur,10,32,video
103,Aula 1: Veritatis suscipit dolore explicabo,1,28,video
103,Aula 2: Ut esse deleniti,2,36,texto
103,Aula 3: Magnam laboriosam vitae sint officia,3,30,texto
103,Aula 4: Distinctio fuga quisquam amet ipsum quisquam,4,15,texto
103,Aula 5: Nam distinctio delectus,5,32,video
103,Aula 6: Sed rerum reprehenderit,6,38,texto
104,Aula 1: Natus aliquid fugiat modi libero,1,40,video
104,Aula 2: Pariatur consequatur laborum fuga neque,2,16,texto
104,Aula 3: Beatae nostrum assumenda qui natus,3,29,texto
104,Aula 4: Aut non ullam occaecati,4,40,quiz
104,Aula 5: Cumque harum laudantium,5,42,texto
104,Aula 6: Quia sunt cumque,6,16,video
105,Aula 1: Eaque magnam earum,1,33,video
105,Aula 2: Dolorum molestias eaque facilis,2,39,texto
105,Aula 3: Reprehenderit quidem cum fuga praesentium dolorum,3,29,video
105,Aula 4: Voluptatem corporis est,4,39,texto
105,Aula 5: Id quia corrupti,5,10,video
105,Aula 6: Delectus consequuntur ipsum nam eligendi praesentium,6,9,video
105,Aula 7: Vel facere deleniti tempora,7,23,video
106,Aula 1: Quae at impedit non autem a,1,25,texto
106,Aula 2: Numquam sed voluptatem natus dolorum,2,9,quiz
106,Aula 3: Quae necessitatibus autem,3,41,texto
106,Aula 4: Maiores veritatis repellat,4,23,video
106,Aula 5: Adipisci quibusdam repudiandae vel,5,14,texto
106,Aula 6: Modi iste enim exercitationem,6,34,texto
106,Aula 7: Quaerat aliquam qui enim,7,28,quiz
106,Aula 8: Neque quos minus porro nam dolor,8,42,quiz
106,Aula 9: Voluptatum vero veniam dignissimos a,9,31,video
106,Aula 10: Magni iste ipsa dolorum,10,33,video
106,Aula 11: Eveniet veritatis nesciunt iure corrupti,11,25,texto
106,Aula 12: Numquam voluptate totam cum fugit,12,38,video
106,Aula 13: Consequatur distinctio laborum ratione,13,25,quiz
106,Aula 14: In quidem odio voluptas,14,22,quiz
106,Aula 15: Ab ullam fugiat labore,15,19,quiz
107,Aula 1: Quae earum unde dicta,1,26,quiz
107,Aula 2: Impedit incidunt inventore optio minus,2,38,quiz
107,Aula 3: Occaecati esse quibusdam consequuntur,3,13,video
107,Aula 4: Cumque fuga voluptatum quos reiciendis,4,22,video
107,Aula 5: Ipsam esse earum accusantium,5,39,texto
107,Aula 6: Ea aliquam accusamus impedit adipisci,6,24,video
107,Aula 7: Libero modi suscipit,7,17,quiz
107,Aula 8: Quia voluptatum enim officiis,8,38,video
107,Aula 9: Maxime distinctio eius ducimus,9,34,video
107,Aula 10: Optio eius est,10,23,video
107,Aula 11: Eligendi molestias voluptatum eos,11,25,texto
107,Aula 12: Perspiciatis est ipsam labore et a,12,41,texto
108,Aula 1: Expedita nemo hic consequuntur deserunt quo,1,27,video
108,Aula 2: Iure sit et cum praesentium,2,35,video
108,Aula 3: Sunt accusamus accusamus eum qui,3,38,video
108,Aula 4: Quod temporibus occaecati illum soluta,4,44,quiz
108,Aula 5: Tenetur inventore modi expedita,5,38,quiz
108,Aula 6: Fuga esse modi adipisci,6,13,video
108,Aula 7: Aliquid deleniti quas totam doloremque qui,7,21,video
108,Aula 8: Facilis necessitatibus maiores delectus nulla dolores,8,14,texto
108,Aula 9: A velit fugit,9,9,quiz
108,Aula 10: Consequatur excepturi ex libero soluta odit,10,28,texto
109,Aula 1: Corrupti tempora tempora,1,12,quiz
109,Aula 2: Dolorum quia qui quos quisquam,2,26,texto
109,Aula 3: Voluptatibus quo consectetur,3,9,quiz
109,Aula 4: Nostrum explicabo aliquid est dolorem tenetur,4,8,texto
109,Aula 5: Tempora non reiciendis,5,14,texto
110,Aula 1: Aut molestias ipsum perspiciatis omnis,1,9,texto
110,Aula 2: Quidem rerum officia eum repellendus nesciunt,2,34,texto
110,Aula 3: Quod inventore ea sit,3,15,quiz
110,Aula 4: Vel repellat ducimus nisi ducimus quod,4,45,texto
110,Aula 5: Dolor accusantium quibusdam illo,5,8,texto
110,Aula 6: Placeat illo quia eligendi modi,6,40,texto
110,Aula 7: Enim odio nemo esse,7,10,texto
110,Aula 8: Temporibus blanditiis quas optio dicta officia,8,27,texto
110,Aula 9: Placeat earum inventore ipsum consequuntur tenetur laborum,9,29,video
110,Aula 10: Quisquam excepturi corporis reiciendis magnam,10,9,texto
110,Aula 11: Pariatur sequi esse ducimus,11,16,texto
110,Aula 12: Occaecati repudiandae libero ex,12,26,video
110,Aula 13: Impedit numquam commodi,13,38,video
111,Aula 1: Voluptas aspernatur veniam minima illo ducimus,1,31,texto
111,Aula 2: Quas cupiditate ad nesciunt,2,32,quiz
111,Aula 3: Dicta soluta sequi accusamus ex,3,13,quiz
111,Aula 4: Cumque minima cumque,4,18,video
111,Aula 5: Natus similique non excepturi ratione earum,5,43,texto
111,Aula 6: Voluptatum facilis nulla temporibus sed incidunt tempore,6,43,quiz
111,Aula 7: Eum aliquam autem cumque,7,23,texto
111,Aula 8: Doloribus accusamus corporis tempora ex eum,8,45,video
112,Aula 1: Consequuntur voluptatum praesentium nostrum,1,8,video
112,Aula 2: Odio rem debitis temporibus,2,31,texto
112,Aula 3: Occaecati cupiditate excepturi,3,37,texto
112,Aula 4: Ipsum consectetur cumque,4,16,texto
112,Aula 5: Debitis earum consectetur,5,24,quiz
112,Aula 6: Maiores accusamus minima exercitationem doloribus tenetur vel,6,13,texto
112,Aula 7: Perspiciatis quasi non quasi,7,31,quiz
112,Aula 8: Sunt exercitationem voluptate quo,8,15,texto
112,Aula 9: Quos quae eaque quidem,9,30,quiz
112,Aula 10: Fugit cumque laboriosam dignissimos,10,24,texto
112,Aula 11: Blanditiis voluptate facere veritatis molestiae,11,33,texto
112,Aula 12: Harum illum unde facere necessitatibus illum,12,10,texto
112,Aula 13: Vitae quo tenetur repellendus voluptatum hic,13,26,video
112,Aula 14: Et et pariatur,14,7,quiz
113,Aula 1: Ratione fugit nesciunt cupiditate odit,1,17,video
113,Aula 2: Adipisci inventore laboriosam ut,2,38,video
113,Aula 3: A veniam ab dolore facilis repellat,3,5,texto
113,Aula 4: Possimus illo reprehenderit,4,22,video
113,Aula 5: Dicta laborum quibusdam at aspernatur,5,16,quiz
113,Aula 6: Explicabo omnis amet illum cumque voluptas,6,39,video
113,Aula 7: Enim rem mollitia nemo mollitia hic,7,41,quiz
114,Aula 1: Laudantium illum quaerat dignissimos aliquam animi,1,15,quiz
114,Aula 2: Sunt inventore suscipit sit maiores,2,13,texto
114,Aula 3: Sit quaerat consequuntur optio nulla,3,5,texto
114,Aula 4: Id incidunt odit impedit,4,28,texto
114,Aula 5: Debitis corrupti repellendus quam quia vero,5,37,texto
114,Aula 6: Iure impedit quibusdam similique reprehenderit,6,29,quiz
114,Aula 7: Quaerat vitae veniam quo minus esse,7,41,video
114,Aula 8: Eaque totam nostrum perspiciatis excepturi aspernatur,8,8,video
114,Aula 9: Vel dolore necessitatibus est minima maiores,9,25,quiz
114,Aula 10: Eaque possimus nesciunt dolores at,10,17,quiz
114,Aula 11: Repellat cum eaque placeat,11,27,quiz
115,Aula 1: Necessitatibus exercitationem aperiam,1,39,texto
115,Aula 2: Occaecati atque alias reiciendis quae,2,15,video
115,Aula 3: Libero autem est quaerat,3,37,texto
115,Aula 4: Illum aspernatur consectetur,4,41,video
115,Aula 5: Odit fuga sint dignissimos unde porro,5,34,quiz
115,Aula 6: Tempora voluptates deserunt aperiam consequatur,6,31,video
116,Aula 1: Quaerat voluptates voluptates,1,26,quiz
116,Aula 2: Laboriosam explicabo porro,2,37,texto
116,Aula 3: Iste quod praesentium deserunt odio qui,3,31,video
116,Aula 4: Cum tempore necessitatibus labore,4,7,texto
116,Aula 5: Veniam fugiat quo unde officiis,5,14,video
116,Aula 6: Quibusdam quibusdam laboriosam,6,18,texto
116,Aula 7: Quam deserunt explicabo quos consequuntur,7,25,texto
116,Aula 8: Amet officiis eaque quod voluptas excepturi,8,44,texto
116,Aula 9: Ad nam quae harum non perspiciatis,9,39,quiz
117,Aula 1: Consequuntur consequuntur sunt,1,12,video
117,Aula 2: Tempora laboriosam autem,2,35,video
117,Aula 3: Vitae odit omnis molestias,3,29,texto
117,Aula 4: Ullam amet earum,4,23,texto
117,Aula 5: Aspernatur voluptatem iusto quasi,5,17,texto
117,Aula 6: Praesentium voluptatem dicta,6,28,texto
117,Aula 7: Aut eveniet dolor fugit,7,15,video
118,Aula 1: Corporis repudiandae modi doloremque tempore odio,1,26,video
118,Aula 2: Commodi excepturi qui quasi,2,16,quiz
118,Aula 3: Illo illo dicta iure quae,3,24,texto
118,Aula 4: Voluptate autem nobis molestias tempora reiciendis,4,19,quiz
118,Aula 5: Dolorum explicabo enim minus iure placeat,5,43,texto
118,Aula 6: Libero quisquam expedita,6,40,texto
118,Aula 7: Facilis consectetur temporibus saepe cupiditate,7,21,texto
118,Aula 8: Rerum optio accusamus sequi ipsam,8,5,texto
118,Aula 9: Exercitationem velit ut temporibus dicta,9,5,texto
118,Aula 10: Eius natus sed,10,40,video
118,Aula 11: Explicabo quidem dolorum cum reprehenderit nesciunt sint,11,24,texto
118,Aula 12: Numquam praesentium nam dolorem molestiae at,12,34,video
118,Aula 13: Cum quod perferendis,13,23,video
118,Aula 14: Voluptatem omnis occaecati,14,22,quiz
119,Aula 1: Fuga quaerat quas officiis,1,18,video
119,Aula 2: Sunt reiciendis esse ipsa vel,2,42,video
119,Aula 3: Veniam quia sequi veritatis tenetur rem,3,5,texto
119,Aula 4: Omnis facilis cupiditate voluptatibus cupiditate cumque,4,13,texto
119,Aula 5: Debitis doloribus distinctio,5,13,texto
119,Aula 6: Nisi iusto cupiditate,6,26,video
119,Aula 7: Rerum ipsa aliquam cumque eius,7,36,texto
119,Aula 8: Cum reiciendis quidem ipsum numquam,8,37,quiz
119,Aula 9: In sunt dolorem,9,26,video
120,Aula 1: Autem exercitationem expedita,1,30,quiz
120,Aula 2: Rem quaerat recusandae perferendis expedita,2,28,texto
120,Aula 3: Nobis corrupti accusantium vero,3,14,video
120,Aula 4: Quas enim totam a non,4,6,quiz
120,Aula 5: Officia ab mollitia excepturi illo,5,24,texto
120,Aula 6: Explicabo perferendis sit nihil atque,6,12,video
120,Aula 7: Laborum ut soluta necessitatibus repellat nihil,7,36,quiz
120,Aula 8: A architecto animi in commodi repellendus,8,36,texto
120,Aula 9: Exercitationem repellat iure aspernatur,9,26,texto
120,Aula 10: Dolor deleniti voluptatum nihil,10,35,texto
120,Aula 11: Magnam aliquam quibusdam esse,11,9,texto
120,Aula 12: Maxime repellat earum necessitatibus omnis,12,9,quiz
121,Aula 1: Amet quae nulla rerum in,1,17,texto
121,Aula 2: Fugit consequuntur ratione,2,41,quiz
121,Aula 3: Aliquam distinctio quidem cum animi error,3,41,quiz
121,Aula 4: Ea alias placeat,4,44,texto
121,Aula 5: Dolorum ratione odio,5,7,video
121,Aula 6: Laborum dolores nisi corrupti,6,31,quiz
121,Aula 7: Qui cum voluptatem cumque,7,12,quiz
121,Aula 8: Sunt aut temporibus voluptate distinctio iusto,8,34,video
121,Aula 9: Enim ad dolorem,9,41,quiz
121,Aula 10: Iste earum quia laudantium at,10,28,quiz
121,Aula 11: Ipsum dignissimos cupiditate sequi aliquam dolor,11,25,quiz
121,Aula 12: Sit veritatis velit omnis vel,12,35,video
121,Aula 13: Aperiam veniam voluptates,13,42,texto
121,Aula 14: Id iure rerum fugiat,14,41,video
122,Aula 1: Voluptatibus quos incidunt magnam,1,12,texto
122,Aula 2: Illum ratione dignissimos impedit consequuntur,2,17,quiz
122,Aula 3: Voluptate assumenda tenetur reiciendis maxime nihil,3,27,texto
122,Aula 4: Pariatur soluta consequuntur,4,15,video
122,Aula 5: Consequuntur eligendi cumque voluptate delectus distinctio,5,22,video
122,Aula 6: Qui quo iste dolor,6,13,texto
122,Aula 7: Perferendis debitis aliquam saepe,7,28,video
122,Aula 8: Sequi amet consequatur provident dolorum,8,16,video
122,Aula 9: Impedit placeat labore,9,16,texto
122,Aula 10: Magnam eligendi vel,10,27,texto
123,Aula 1: Minus aspernatur culpa,1,23,quiz
123,Aula 2: Fuga possimus dolores vero consequuntur ab,2,28,video
123,Aula 3: Impedit ex reprehenderit quasi deleniti,3,37,texto
123,Aula 4: Debitis non modi,4,15,texto
123,Aula 5: Molestias eum nesciunt,5,7,texto
123,Aula 6: Veritatis magnam voluptas magnam voluptate perspiciatis,6,14,texto
123,Aula 7: Facilis quod reprehenderit esse assumenda,7,12,video
123,Aula 8: Aspernatur porro non,8,15,texto
123,Aula 9: Impedit molestiae nesciunt quia culpa,9,37,video
123,Aula 10: Porro quasi reiciendis,10,18,quiz
123,Aula 11: Voluptate eos sequi reprehenderit,11,8,texto
123,Aula 12: Praesentium autem pariatur quasi,12,28,texto
123,Aula 13: Exercitationem eos culpa repellat corporis,13,6,texto
123,Aula 14: Voluptatum perferendis consequuntur maxime,14,38,texto
123,Aula 15: Debitis aut eum dolor rerum saepe,15,15,quiz
124,Aula 1: Architecto occaecati ex dolor expedita doloribus,1,41,texto
124,Aula 2: Expedita error reprehenderit,2,6,video
124,Aula 3: Doloribus voluptates minima,3,33,video
124,Aula 4: Qui eaque debitis nostrum libero,4,9,video
124,Aula 5: Voluptatibus voluptatem cupiditate,5,35,quiz
124,Aula 6: Vitae commodi fugiat officia nobis molestiae libero,6,32,texto
124,Aula 7: Nostrum ex impedit dignissimos neque repellendus,7,24,quiz
124,Aula 8: Quasi impedit nihil amet,8,36,video
124,Aula 9: Vero sapiente alias quo velit,9,24,quiz
124,Aula 10: Quaerat quos commodi sed,10,27,quiz
124,Aula 11: Dignissimos earum laboriosam quod,11,11,quiz
125,Aula 1: Ipsam explicabo quaerat itaque,1,14,quiz
125,Aula 2: Provident quam facere optio repudiandae,2,6,texto
125,Aula 3: Consectetur eveniet perferendis voluptatum quas,3,7,quiz
125,Aula 4: Soluta tenetur iste eveniet aut,4,39,video
125,Aula 5: Itaque sit voluptates sint sequi inventore,5,41,quiz
125,Aula 6: Nemo aut aut itaque itaque ex,6,19,quiz
126,Aula 1: Velit unde repellendus,1,36,quiz
126,Aula 2: Iusto aspernatur ipsa quas,2,32,video
126,Aula 3: Itaque quisquam sint perferendis fugiat explicabo,3,18,quiz
126,Aula 4: Quaerat ipsa fuga cum,4,8,texto
126,Aula 5: Maiores earum nisi aspernatur corporis,5,16,quiz
127,Aula 1: Omnis aspernatur quaerat ipsam,1,37,texto
127,Aula 2: Tempora numquam iste,2,38,video
127,Aula 3: Ab placeat dicta voluptatibus qui,3,33,texto
127,Aula 4: Libero sapiente saepe eius doloremque temporibus,4,42,quiz
127,Aula 5: A fugit tempore,5,23,video
127,Aula 6: Unde quisquam eum,6,33,quiz
128,Aula 1: Dolores eos nemo,1,6,texto
128,Aula 2: Provident ipsum fugit dolorum saepe quos,2,44,video
128,Aula 3: Accusantium dolore vel minus,3,12,quiz
128,Aula 4: Iure expedita consequatur,4,21,video
128,Aula 5: Mollitia porro nulla doloribus deleniti,5,8,video
128,Aula 6: Corrupti nihil quo delectus,6,31,quiz
128,Aula 7: Laudantium veniam maxime,7,14,video
128,Aula 8: Minus debitis blanditiis veritatis eum consectetur,8,21,video
129,Aula 1: Enim porro voluptate voluptatibus labore,1,18,quiz
129,Aula 2: Amet eum dolorem illo facilis aperiam,2,16,video
129,Aula 3: Libero mollitia ratione alias nihil deserunt,3,32,texto
129,Aula 4: Reiciendis rerum suscipit,4,20,texto
129,Aula 5: Iure adipisci dolore voluptatibus dolore,5,15,video
129,Aula 6: Sapiente officiis similique saepe sequi,6,16,quiz
129,Aula 7: Fuga officia temporibus fugit eveniet,7,27,quiz
130,Aula 1: Natus quasi quos pariatur,1,27,texto
130,Aula 2: Illum nesciunt fugiat,2,19,texto
130,Aula 3: Exercitationem delectus laboriosam assumenda facere,3,18,texto
130,Aula 4: Alias explicabo corporis recusandae ipsam,4,32,quiz
130,Aula 5: Deleniti non molestiae cumque,5,19,video
130,Aula 6: Dolor possimus aliquam quos enim debitis,6,22,quiz
130,Aula 7: Assumenda molestias eum sapiente temporibus,7,26,texto
130,Aula 8: Quas maiores fugiat,8,39,quiz
130,Aula 9: Repellendus quam eum sunt vitae sapiente,9,16,video
131,Aula 1: Ipsum optio dolore quam,1,25,quiz
131,Aula 2: Delectus totam asperiores,2,41,texto
131,Aula 3: Alias porro atque accusantium minus voluptatum,3,24,video
131,Aula 4: Aut nostrum minus quos illo,4,6,video
131,Aula 5: Ab dolorem quibusdam laborum,5,25,video
131,Aula 6: Ipsum nesciunt maxime,6,44,video
131,Aula 7: Hic delectus minima,7,42,video
132,Aula 1: Iusto necessitatibus sit blanditiis delectus,1,15,quiz
132,Aula 2: Ipsum magni voluptatem quidem consequatur quae,2,38,texto
132,Aula 3: Totam molestias sint nobis,3,25,quiz
132,Aula 4: Dolorum quisquam ut accusantium,4,39,texto
132,Aula 5: Necessitatibus autem explicabo adipisci dolor,5,35,texto
132,Aula 6: Accusantium dolore dolorem mollitia,6,33,video
132,Aula 7: Amet excepturi quis illum,7,37,video
132,Aula 8: Doloremque at assumenda,8,45,texto
132,Aula 9: Itaque sit illum velit provident,9,40,video
132,Aula 10: Inventore labore consectetur dolorum,10,26,video
132,Aula 11: Vitae ad consequuntur voluptatibus,11,22,texto
132,Aula 12: Dolore debitis eligendi ea delectus odit,12,7,quiz
132,Aula 13: Facilis assumenda aliquid velit tempore consectetur,13,13,video
133,Aula 1: Dicta quisquam dignissimos dolores esse reprehenderit,1,8,texto
133,Aula 2: Amet distinctio sint,2,17,quiz
133,Aula 3: Ab nisi dolorem maiores,3,10,texto
133,Aula 4: Voluptatibus quia repudiandae voluptates aut,4,28,texto
133,Aula 5: Odio similique dolor aut,5,18,video
133,Aula 6: Ipsum non deserunt,6,23,texto
134,Aula 1: Dolore ut esse consequatur aliquam,1,6,texto
134,Aula 2: Recusandae quisquam maxime,2,22,video
134,Aula 3: Necessitatibus blanditiis delectus accusamus doloribus,3,25,quiz
134,Aula 4: Placeat recusandae fugiat libero officiis similique,4,43,video
134,Aula 5: Sit eveniet voluptates ea inventore,5,45,texto
134,Aula 6: Architecto aperiam natus aliquid provident,6,8,quiz
134,Aula 7: Dolore cumque eum eos est,7,23,quiz
134,Aula 8: Alias nostrum fuga pariatur officia,8,39,quiz
134,Aula 9: Asperiores dignissimos molestiae occaecati ab eum,9,14,texto
134,Aula 10: Earum vitae alias,10,9,texto
134,Aula 11: Laborum ab cupiditate hic esse,11,24,video
134,Aula 12: Quisquam repudiandae commodi,12,40,quiz
134,Aula 13: Error tempore officiis enim totam animi,13,21,quiz
134,Aula 14: Reprehenderit dignissimos unde in voluptates officia,14,15,quiz
134,Aula 15: Consectetur itaque excepturi placeat voluptate,15,22,texto
135,Aula 1: Modi impedit animi tempore non,1,36,quiz
135,Aula 2: Sed dolor distinctio quod,2,12,video
135,Aula 3: Amet iusto ad aut,3,15,video
135,Aula 4: Temporibus dicta reiciendis ab quis,4,37,texto
135,Aula 5: Pariatur eum dolores dignissimos ad assumenda,5,17,texto
135,Aula 6: Nemo quam doloribus,6,5,quiz
135,Aula 7: Voluptate labore cupiditate ratione beatae,7,36,texto
135,Aula 8: Vero laboriosam quis itaque voluptates,8,11,quiz
135,Aula 9: Laboriosam perspiciatis sit,9,35,texto
136,Aula 1: Mollitia culpa id culpa reiciendis,1,10,video
136,Aula 2: Pariatur assumenda magni fugiat officiis deserunt,2,29,video
136,Aula 3: Velit reiciendis modi nesciunt voluptates blanditiis,3,12,video
136,Aula 4: Nulla blanditiis debitis perferendis quod,4,45,video
136,Aula 5: Quo autem quam sit voluptatum,5,43,video
136,Aula 6: Impedit eius expedita impedit vero necessitatibus,6,43,quiz
136,Aula 7: Laudantium iusto debitis reiciendis quam,7,23,quiz
136,Aula 8: Quo inventore sint porro,8,22,texto
136,Aula 9: Sed iste error veritatis quasi error,9,18,texto
136,Aula 10: Earum cumque quod tempore,10,17,texto
136,Aula 11: Dicta voluptatum eos corporis ab ratione,11,42,video
137,Aula 1: Quod nisi placeat aspernatur magni,1,28,quiz
137,Aula 2: Quos vel dolorum,2,11,texto
137,Aula 3: Ipsam rerum libero dignissimos quasi,3,26,video
137,Aula 4: Voluptate sunt nihil,4,22,video
137,Aula 5: Sequi officia deleniti in ducimus,5,37,texto
137,Aula 6: Blanditiis ut earum inventore sit,6,7,quiz
138,Aula 1: Occaecati accusamus ab,1,6,video
138,Aula 2: Aperiam sequi voluptatum,2,30,quiz
138,Aula 3: Reiciendis nihil qui,3,16,texto
138,Aula 4: Praesentium atque earum porro optio,4,28,texto
138,Aula 5: Incidunt error hic voluptate fuga,5,31,texto
138,Aula 6: Veniam eos dolor,6,33,quiz
139,Aula 1: Quasi voluptatibus quas possimus,1,37,video
139,Aula 2: Qui fuga ad quia at quibusdam,2,14,texto
139,Aula 3: Magni iste perferendis,3,33,video
139,Aula 4: Delectus placeat officia ab deleniti,4,27,texto
139,Aula 5: Animi possimus provident reprehenderit aliquid magnam,5,8,quiz
139,Aula 6: Libero voluptatem vel assumenda,6,14,quiz
139,Aula 7: Quos atque esse consectetur corporis,7,12,quiz
139,Aula 8: Dignissimos quaerat eum nemo maxime,8,20,texto
139,Aula 9: Veritatis quasi quo tempore voluptatum ipsam,9,24,texto
139,Aula 10: Accusantium officia cumque porro maxime,10,24,video
139,Aula 11: Pariatur vel adipisci placeat consequuntur iusto,11,44,texto
139,Aula 12: Iusto molestiae voluptate accusantium,12,7,quiz
139,Aula 13: Ducimus blanditiis corrupti itaque,13,28,quiz
139,Aula 14: Eius possimus autem maxime provident consectetur,14,23,quiz
139,Aula 15: Ipsam officiis animi corrupti autem harum,15,11,texto
140,Aula 1: Nisi consequuntur eius dolorem quas repellendus enim,1,19,texto
140,Aula 2: Cupiditate quae reprehenderit repellendus,2,28,texto
140,Aula 3: Ipsum aliquid magni quas enim,3,43,quiz
140,Aula 4: Accusamus tenetur eos temporibus rerum,4,27,quiz
140,Aula 5: Unde sed error tempore maxime,5,35,video
140,Aula 6: In repellendus magni quidem aperiam,6,22,texto
140,Aula 7: Rerum eligendi occaecati ipsum atque,7,29,texto
140,Aula 8: A earum corrupti velit incidunt,8,43,quiz
140,Aula 9: Reiciendis nemo amet voluptatum tenetur recusandae sapiente,9,40,video
140,Aula 10: Architecto commodi officiis officia nesciunt repellat,10,38,quiz
140,Aula 11: Temporibus saepe atque,11,26,video
140,Aula 12: Earum ducimus atque repudiandae molestias,12,35,texto
141,Aula 1: Molestiae culpa ipsa vitae quo in,1,37,video
141,Aula 2: Dolores maxime voluptatibus eligendi rem,2,44,quiz
141,Aula 3: Debitis dignissimos praesentium harum consequuntur numquam,3,10,texto
141,Aula 4: In modi culpa dicta,4,5,video
141,Aula 5: Voluptates ad eum fuga,5,19,video
141,Aula 6: Perspiciatis doloribus unde possimus,6,12,texto
141,Aula 7: Vel quia alias iusto,7,22,quiz
141,Aula 8: Nobis dolorum mollitia fuga dolorem,8,28,video
142,Aula 1: Sit nulla doloribus magni,1,34,texto
142,Aula 2: Id quo culpa laboriosam eos,2,25,texto
142,Aula 3: Ab quisquam molestias,3,7,texto
142,Aula 4: Vel tenetur ipsa quos molestias,4,45,video
142,Aula 5: Odit dicta blanditiis,5,45,video
142,Aula 6: Quidem libero debitis debitis eveniet,6,13,video
142,Aula 7: Reiciendis assumenda deleniti harum,7,41,video
143,Aula 1: Sapiente eos quaerat sapiente,1,18,texto
143,Aula 2: Fugit deleniti minima adipisci officiis,2,18,quiz
143,Aula 3: Quae laboriosam labore aliquam optio,3,33,quiz
143,Aula 4: Saepe vitae maiores,4,23,texto
143,Aula 5: Tempore asperiores quo velit sequi ea,5,33,quiz
143,Aula 6: Possimus doloremque similique quibusdam magni fugiat,6,19,quiz
144,Aula 1: Eligendi ipsam unde mollitia voluptatibus officia,1,45,quiz
144,Aula 2: Id saepe fugit,2,36,quiz
144,Aula 3: Fugiat natus error aspernatur vero,3,6,texto
144,Aula 4: Recusandae similique eaque sunt impedit,4,30,quiz
144,Aula 5: Consequatur voluptatem molestiae,5,11,video
144,Aula 6: Magnam necessitatibus velit eum nam,6,31,texto
144,Aula 7: Ipsam quae quo praesentium ab itaque,7,22,quiz
144,Aula 8: Totam quam ipsa,8,43,quiz
144,Aula 9: Aliquid labore corporis ullam totam,9,5,quiz
144,Aula 10: Atque dolorem ullam,10,19,texto
144,Aula 11: Quasi doloribus laboriosam ducimus aut saepe ea,11,38,quiz
144,Aula 12: Reprehenderit non nisi perspiciatis labore asperiores,12,30,texto
145,Aula 1: Tenetur exercitationem nulla tempora aliquid,1,6,video
145,Aula 2: Occaecati quia rem doloribus ut,2,8,quiz
145,Aula 3: Perspiciatis laudantium voluptatem reiciendis hic numquam,3,30,quiz
145,Aula 4: Consectetur repellendus occaecati iste reprehenderit,4,44,quiz
145,Aula 5: Expedita quasi optio fugiat,5,34,texto
145,Aula 6: Error aliquam quisquam quod,6,25,video
145,Aula 7: Rem adipisci suscipit,7,7,quiz
145,Aula 8: Quasi incidunt a,8,16,quiz
145,Aula 9: Odio fuga reprehenderit,9,17,quiz
145,Aula 10: Aut explicabo veniam necessitatibus,10,11,quiz
145,Aula 11: Voluptate corrupti atque magnam eius,11,32,quiz
145,Aula 12: Voluptas perspiciatis quae,12,22,texto
146,Aula 1: Ullam cum est illum animi,1,6,video
146,Aula 2: Officia consequatur officia maiores,2,8,video
146,Aula 3: Praesentium eaque amet,3,45,quiz
146,Aula 4: Placeat consectetur aspernatur veniam vitae error,4,35,quiz
146,Aula 5: Natus at animi iusto,5,17,video
146,Aula 6: Omnis maxime repudiandae,6,43,quiz
146,Aula 7: Placeat quod officia ipsam,7,20,texto
146,Aula 8: Accusamus repellendus quas,8,43,video
146,Aula 9: Nemo illum rem,9,6,texto
147,Aula 1: Explicabo repellat aliquam,1,5,video
147,Aula 2: Ipsam cum numquam eveniet nihil quam,2,33,texto
147,Aula 3: Minus laudantium suscipit voluptas ad,3,23,video
147,Aula 4: Natus magnam consequatur quis,4,22,quiz
147,Aula 5: Iste est aut ullam labore odit,5,30,texto
147,Aula 6: Id laborum ipsam natus tenetur,6,39,texto
147,Aula 7: Voluptates labore eaque inventore,7,17,video
147,Aula 8: Rerum nesciunt omnis ad molestias,8,17,quiz
148,Aula 1: Eveniet ipsum dolores corrupti,1,11,quiz
148,Aula 2: Repellendus pariatur necessitatibus saepe,2,8,quiz
148,Aula 3: Aut architecto ut accusantium cumque aliquam,3,34,video
148,Aula 4: Neque fugit ullam nihil,4,31,video
148,Aula 5: Nobis incidunt voluptates,5,18,quiz
148,Aula 6: Facere culpa numquam tenetur,6,44,quiz
148,Aula 7: Maxime officia hic illo veniam quisquam,7,35,video
148,Aula 8: Voluptas unde earum occaecati consequatur voluptates,8,35,texto
148,Aula 9: Corporis aut rerum necessitatibus fugit,9,8,video
148,Aula 10: Pariatur voluptatem ipsam alias reprehenderit,10,7,quiz
148,Aula 11: Facere alias cumque quam similique exercitationem,11,36,quiz
148,Aula 12: Beatae eos ad labore quaerat,12,38,quiz
148,Aula 13: Adipisci ab sapiente repellendus numquam,13,37,texto
148,Aula 14: Reiciendis occaecati labore,14,13,quiz
148,Aula 15: Assumenda expedita sequi dignissimos perspiciatis,15,23,quiz
149,Aula 1: Unde repudiandae autem beatae,1,19,quiz
149,Aula 2: Neque a cum saepe consequuntur,2,29,video
149,Aula 3: Quos deserunt ducimus consequuntur omnis tenetur,3,10,quiz
149,Aula 4: Aperiam enim ut voluptatem,4,25,video
149,Aula 5: Voluptatum provident modi,5,6,texto
149,Aula 6: Nobis dolore veritatis nobis inventore nesciunt,6,19,quiz
149,Aula 7: Possimus qui quod possimus repellendus cupiditate,7,45,texto
149,Aula 8: Quia hic deserunt provident,8,27,texto
149,Aula 9: Veniam molestiae temporibus deleniti,9,13,video
149,Aula 10: Est perspiciatis necessitatibus vero quam porro,10,12,quiz
150,Aula 1: Sapiente voluptatibus porro aperiam fugiat dignissimos,1,30,quiz
150,Aula 2: Nobis nihil voluptates dignissimos neque aperiam,2,23,quiz
150,Aula 3: Iure dolorem nesciunt tempore doloremque,3,20,texto
150,Aula 4: Natus expedita eaque atque ad,4,24,video
150,Aula 5: Dolor minima consequatur,5,41,video
150,Aula 6: Nam soluta similique ipsam nobis sed,6,38,quiz
150,Aula 7: In delectus inventore vero,7,37,video
150,Aula 8: Facilis impedit adipisci,8,20,quiz
150,Aula 9: Sint repudiandae magni distinctio ea consequuntur,9,10,video
150,Aula 10: Dolorum odio quidem,10,43,texto
150,Aula 11: Autem itaque porro tempora at repellat,11,21,texto
150,Aula 12: Quam id nam optio,12,43,video
150,Aula 13: Inventore fugiat ipsam,13,26,video
150,Aula 14: Repellat rerum velit enim suscipit,14,43,quiz
151,Aula 1: Nostrum porro temporibus eligendi cum,1,45,quiz
151,Aula 2: Totam sint cum explicabo possimus,2,12,texto
151,Aula 3: Quas numquam recusandae odio explicabo,3,22,texto
151,Aula 4: Quis eaque maiores assumenda,4,24,texto
151,Aula 5: Commodi consequatur velit et beatae in,5,35,texto
151,Aula 6: Tempore voluptates aperiam corrupti assumenda laboriosam,6,18,quiz
151,Aula 7: Accusamus doloremque asperiores nam quia,7,29,video
151,Aula 8: Deserunt a quasi quidem,8,12,texto
151,Aula 9: Eius eum corrupti perspiciatis ipsa at,9,15,quiz
151,Aula 10: Doloremque fugiat error architecto occaecati,10,20,texto
151,Aula 11: Illo rem optio consequatur similique omnis,11,10,texto
152,Aula 1: Atque aliquam harum facere totam ullam,1,20,texto
152,Aula 2: Dignissimos neque perferendis laudantium maiores,2,30,video
152,Aula 3: Placeat voluptate optio,3,21,quiz
152,Aula 4: Explicabo esse aperiam nisi,4,33,texto
152,Aula 5: Non ex rem voluptates,5,9,texto
152,Aula 6: Impedit assumenda dignissimos error commodi ad,6,18,texto
153,Aula 1: Cupiditate aspernatur veritatis doloremque,1,28,video
153,Aula 2: Odit incidunt qui natus nihil,2,41,texto
153,Aula 3: Hic eaque aliquid consequatur itaque,3,10,quiz
153,Aula 4: Amet reiciendis perferendis deserunt ipsam dignissimos,4,28,video
153,Aula 5: Aperiam excepturi ipsa laboriosam consequatur rem,5,37,video
153,Aula 6: Maiores corporis occaecati,6,24,texto
153,Aula 7: Sapiente dolore ipsam,7,36,quiz
154,Aula 1: Sapiente officiis voluptates,1,16,texto
154,Aula 2: Consectetur eos vero,2,35,texto
154,Aula 3: Totam odio harum alias consequuntur earum,3,22,video
154,Aula 4: Minima dignissimos asperiores,4,24,texto
154,Aula 5: Aperiam beatae sit nihil exercitationem voluptate,5,36,video
154,Aula 6: Reiciendis eius cupiditate repellat sunt voluptatibus,6,35,texto
154,Aula 7: Temporibus autem ratione,7,16,quiz
154,Aula 8: Veniam ratione consequatur deserunt,8,28,texto
154,Aula 9: Omnis quia similique enim voluptates,9,11,texto
154,Aula 10: Fugit possimus enim maiores quae,10,39,texto
154,Aula 11: Eligendi repellendus veniam repudiandae quasi,11,7,texto
154,Aula 12: Esse ratione dignissimos,12,30,quiz
154,Aula 13: Libero consequuntur dolore hic,13,36,quiz
154,Aula 14: Ea sunt reiciendis eum aut saepe,14,35,video
155,Aula 1: Rem numquam consectetur rem,1,41,video
155,Aula 2: Repellat minus rerum labore enim ratione,2,42,video
155,Aula 3: Illum minima reprehenderit esse omnis unde,3,39,video
155,Aula 4: Explicabo molestias similique,4,43,video
155,Aula 5: Saepe nisi a beatae quaerat in,5,19,texto
155,Aula 6: Quos aut mollitia maxime expedita blanditiis,6,36,video
155,Aula 7: Dolore provident ullam iure error,7,35,quiz
155,Aula 8: Quas doloremque earum,8,5,texto
155,Aula 9: Odit labore necessitatibus,9,17,video
155,Aula 10: Accusamus est minima corporis,10,16,texto
156,Aula 1: Libero assumenda fugit,1,40,quiz
156,Aula 2: Aperiam nulla optio adipisci occaecati saepe,2,10,texto
156,Aula 3: Officiis exercitationem autem minus,3,42,video
156,Aula 4: Consequuntur ex velit voluptas,4,36,texto
156,Aula 5: Dicta voluptates eius minus nam,5,23,quiz
156,Aula 6: Sequi quia molestias error reprehenderit,6,42,texto
156,Aula 7: A blanditiis vitae totam rerum,7,13,texto
156,Aula 8: Fugiat ea ut,8,21,video
156,Aula 9: Inventore incidunt temporibus laboriosam,9,28,quiz
156,Aula 10: Quidem voluptatum officiis consectetur adipisci,10,29,quiz
157,Aula 1: Iusto accusantium qui,1,31,quiz
157,Aula 2: Laborum optio dicta repellat soluta,2,16,texto
157,Aula 3: Tempore molestiae repudiandae inventore,3,31,quiz
157,Aula 4: Itaque aperiam nisi tempore,4,44,quiz
157,Aula 5: Quas consequatur occaecati est,5,23,video
157,Aula 6: Debitis voluptatibus ad animi,6,28,video
157,Aula 7: Ullam sint officia eum fugit dolorem,7,37,video
157,Aula 8: Quasi necessitatibus non explicabo,8,40,texto
157,Aula 9: Quam ipsa assumenda eveniet vero labore,9,34,quiz
157,Aula 10: Inventore possimus fuga natus maiores asperiores,10,28,texto
157,Aula 11: Cum sequi accusamus delectus doloribus,11,30,video
157,Aula 12: Voluptates quos iure ducimus nam,12,23,quiz
157,Aula 13: Culpa quis ullam deserunt culpa in,13,19,quiz
157,Aula 14: Doloremque repellendus atque occaecati ea,14,29,video
158,Aula 1: Delectus dolore voluptas magni occaecati fugit,1,16,texto
158,Aula 2: Nihil temporibus quam modi nemo,2,11,texto
158,Aula 3: Veritatis quia sapiente,3,32,quiz
158,Aula 4: Enim cumque possimus animi quidem quis,4,20,video
158,Aula 5: Nisi voluptatibus consequatur,5,44,quiz
158,Aula 6: Perspiciatis mollitia nesciunt ab,6,18,texto
158,Aula 7: Autem reiciendis aliquam hic recusandae,7,25,texto
159,Aula 1: Nulla suscipit consectetur,1,25,video
159,Aula 2: Ratione quas nostrum ipsam,2,31,quiz
159,Aula 3: Vero doloremque voluptatem,3,11,quiz
159,Aula 4: Maiores libero incidunt laboriosam officia recusandae,4,29,texto
159,Aula 5: Voluptas molestiae autem impedit veniam doloremque,5,45,video
160,Aula 1: Quibusdam necessitatibus facere voluptate natus,1,27,texto
160,Aula 2: Enim asperiores assumenda eum,2,45,texto
160,Aula 3: Necessitatibus nam molestiae,3,41,video
160,Aula 4: Eaque sunt tempora eum,4,11,quiz
160,Aula 5: Nisi vero quaerat magnam odio,5,11,quiz
160,Aula 6: Temporibus adipisci minus vero voluptatibus at,6,31,texto
160,Aula 7: In est hic voluptatibus aliquam,7,21,texto
160,Aula 8: Accusamus quas hic,8,16,texto
161,Aula 1: Qui rerum dolor,1,25,texto
161,Aula 2: Optio dignissimos voluptatum,2,27,texto
161,Aula 3: Eos ipsa quo,3,8,video
161,Aula 4: Veniam autem reiciendis qui fugit ullam,4,36,quiz
161,Aula 5: Porro corporis quidem,5,38,texto
161,Aula 6: Aliquid blanditiis explicabo reiciendis voluptas facilis,6,16,texto
161,Aula 7: Deserunt tempora itaque similique,7,36,quiz
161,Aula 8: Fugiat ex sit fugit nesciunt suscipit,8,7,texto
161,Aula 9: Corrupti eligendi perspiciatis nobis impedit porro fugit,9,5,video
161,Aula 10: Maxime repudiandae aliquam voluptas,10,6,video
161,Aula 11: Provident voluptatum quisquam dolor ex eos,11,9,texto
162,Aula 1: Porro similique modi nemo ullam,1,18,quiz
162,Aula 2: Necessitatibus nihil voluptates,2,37,quiz
162,Aula 3: Vel pariatur numquam iure,3,44,video
162,Aula 4: Necessitatibus tempore reiciendis deserunt,4,34,texto
162,Aula 5: Optio error sapiente,5,11,texto
162,Aula 6: Maxime itaque aperiam cumque amet velit veritatis,6,23,texto
162,Aula 7: Nostrum occaecati culpa cupiditate accusantium,7,32,video
162,Aula 8: Temporibus laborum doloremque officiis,8,17,texto
162,Aula 9: Non corrupti hic aspernatur,9,40,video
162,Aula 10: Voluptates ex alias ipsum,10,44,texto
162,Aula 11: Quidem temporibus corporis at nisi,11,42,quiz
162,Aula 12: Modi alias amet corporis tempore neque,12,7,texto
163,Aula 1: Ullam debitis maxime ab nemo enim,1,29,quiz
163,Aula 2: Ducimus numquam tempora quas itaque,2,25,video
163,Aula 3: Facilis quaerat earum id debitis ducimus,3,27,texto
163,Aula 4: Delectus eum molestiae,4,39,texto
163,Aula 5: Optio et voluptatibus repellendus quas voluptatibus,5,26,video
163,Aula 6: Ducimus atque incidunt corporis dolores corrupti,6,20,video
163,Aula 7: Quia repudiandae saepe,7,42,quiz
163,Aula 8: Velit voluptatum suscipit,8,18,quiz
163,Aula 9: Quae vel velit quibusdam temporibus neque,9,36,quiz
163,Aula 10: Hic mollitia dignissimos neque aliquid,10,36,video
163,Aula 11: Error facere libero,11,24,quiz
163,Aula 12: Voluptatibus placeat atque facilis vero,12,25,video
163,Aula 13: Labore esse odit molestiae,13,19,texto
163,Aula 14: Laboriosam esse adipisci animi,14,5,video
164,Aula 1: Tenetur eum voluptate quaerat,1,40,texto
164,Aula 2: Enim ipsum reiciendis,2,27,video
164,Aula 3: Modi nemo repudiandae,3,39,video
164,Aula 4: Doloremque veniam ut illo explicabo,4,43,video
164,Aula 5: Optio molestiae repellendus ipsa,5,36,quiz
164,Aula 6: Excepturi pariatur nesciunt non nesciunt ratione,6,10,video
164,Aula 7: Modi autem aut,7,45,video
165,Aula 1: Qui eveniet dolore officia,1,14,video
165,Aula 2: Tempore itaque pariatur totam voluptates accusamus,2,8,texto
165,Aula 3: Quaerat sequi perspiciatis quas enim,3,20,texto
165,Aula 4: Blanditiis saepe exercitationem occaecati a,4,21,quiz
165,Aula 5: Id dignissimos excepturi deserunt animi,5,22,quiz
166,Aula 1: Facere provident alias amet,1,21,texto
166,Aula 2: Tempore impedit aliquid,2,37,quiz
166,Aula 3: Minus nam consectetur,3,42,texto
166,Aula 4: Debitis ipsam eveniet explicabo,4,36,quiz
166,Aula 5: Alias sed doloremque ex quis,5,14,texto
166,Aula 6: Saepe et officia,6,22,texto
167,Aula 1: Quidem nihil voluptates unde architecto,1,19,video
167,Aula 2: Quos quam nulla,2,36,quiz
167,Aula 3: Earum molestias libero ducimus,3,22,quiz
167,Aula 4: Voluptates sequi sint,4,7,texto
167,Aula 5: Ipsa dolore repellat maiores doloribus suscipit minima,5,43,quiz
167,Aula 6: Ullam quae maxime,6,12,texto
167,Aula 7: Non ipsa sunt,7,10,video
167,Aula 8: Nobis quos aliquid,8,41,quiz
167,Aula 9: Accusamus fugiat labore minima quo,9,38,video
167,Aula 10: Ut modi expedita impedit,10,28,texto
167,Aula 11: Dolore deleniti cum,11,26,quiz
167,Aula 12: Cumque blanditiis deserunt,12,36,quiz
167,Aula 13: Dolores a qui voluptatem unde qui,13,28,video
167,Aula 14: Maxime dignissimos praesentium animi ad eveniet,14,27,texto
168,Aula 1: Et in dolorem praesentium dignissimos,1,23,texto
168,Aula 2: Exercitationem velit eveniet modi nostrum architecto,2,41,texto
168,Aula 3: Magnam totam laboriosam,3,43,texto
168,Aula 4: Deserunt voluptates maxime fugiat animi,4,10,texto
168,Aula 5: Eius beatae voluptates,5,43,video
168,Aula 6: Qui explicabo qui tempore,6,22,quiz
168,Aula 7: Aspernatur tenetur possimus fugit soluta fugit,7,45,quiz
168,Aula 8: Eveniet impedit voluptatum eaque quas,8,20,quiz
169,Aula 1: Neque error facilis,1,26,quiz
169,Aula 2: Dignissimos sapiente dicta hic dolor iusto,2,10,quiz
169,Aula 3: Quae sint consequuntur neque maxime,3,7,video
169,Aula 4: Expedita odio eum cum totam nam,4,37,quiz
169,Aula 5: Ea fugiat labore,5,11,texto
169,Aula 6: Et eos fuga necessitatibus fuga,6,39,texto
169,Aula 7: Ad deserunt consectetur omnis ratione ducimus,7,37,texto
169,Aula 8: Ducimus nisi excepturi,8,41,texto
169,Aula 9: Nam perferendis ex ipsa quidem distinctio,9,9,texto
169,Aula 10: Architecto ab inventore,10,44,quiz
169,Aula 11: Placeat perferendis minima vitae quibusdam odit,11,15,video
169,Aula 12: Quos laboriosam voluptate veniam qui,12,33,video
169,Aula 13: In perspiciatis reiciendis dignissimos,13,21,video
169,Aula 14: Architecto doloremque ipsum eos,14,5,texto
170,Aula 1: Perspiciatis distinctio minus exercitationem,1,9,texto
170,Aula 2: Temporibus quos nemo harum illo,2,29,texto
170,Aula 3: Dolore porro fugit rerum fugiat dignissimos,3,5,quiz
170,Aula 4: Maiores inventore suscipit maxime saepe,4,21,video
170,Aula 5: Quod dolorum voluptates unde,5,11,video
170,Aula 6: Vel porro et illum maxime,6,18,quiz
170,Aula 7: Tempore cupiditate aut,7,33,video
170,Aula 8: Debitis voluptatibus aperiam deserunt totam nesciunt,8,9,quiz
170,Aula 9: Fuga facilis maiores temporibus sed reiciendis,9,41,quiz
170,Aula 10: Repellat mollitia illum cum nam,10,31,video
170,Aula 11: Nostrum sint voluptate in repellendus laboriosam,11,15,texto
170,Aula 12: Aut beatae occaecati,12,32,video
170,Aula 13: Ut error quaerat dicta,13,7,texto
171,Aula 1: Omnis natus non beatae quos beatae,1,8,quiz
171,Aula 2: Aspernatur asperiores tempore,2,7,video
171,Aula 3: Eveniet ratione cum labore,3,20,video
171,Aula 4: Et facilis nemo accusamus quis optio,4,45,quiz
171,Aula 5: Ipsum doloremque perferendis dignissimos,5,40,texto
171,Aula 6: Perferendis vitae error,6,17,texto
171,Aula 7: Provident quisquam rerum occaecati,7,36,video
171,Aula 8: Debitis aliquid tempore sit quibusdam,8,27,video
171,Aula 9: Esse occaecati debitis,9,35,quiz
171,Aula 10: Magni blanditiis nam corrupti officiis,10,7,video
171,Aula 11: Dignissimos consequatur quas,11,35,video
171,Aula 12: Qui consequatur soluta nisi atque hic,12,15,quiz
172,Aula 1: Eum eius eos nihil tenetur,1,12,video
172,Aula 2: Repellat repellat ad ratione distinctio ipsam,2,29,video
172,Aula 3: Sunt eaque tempore vitae,3,20,quiz
172,Aula 4: Quod excepturi maiores,4,44,texto
172,Aula 5: Tempore possimus architecto,5,6,video
172,Aula 6: Dolor necessitatibus consequuntur odio,6,43,quiz
172,Aula 7: Nostrum ullam fugit quibusdam doloribus,7,13,quiz
172,Aula 8: Repellat qui quos repudiandae,8,9,texto
172,Aula 9: Eos possimus repellat beatae,9,39,quiz
172,Aula 10: Quasi aliquam aperiam ipsam fuga excepturi,10,35,texto
172,Aula 11: Doloremque quibusdam non minus quisquam,11,13,quiz
173,Aula 1: Id reiciendis perspiciatis,1,35,texto
173,Aula 2: Quaerat laboriosam ea vero,2,17,video
173,Aula 3: Facilis ab hic,3,45,video
173,Aula 4: Magni quasi consectetur ipsam fuga,4,27,video
173,Aula 5: Illo commodi accusamus deserunt,5,7,quiz
173,Aula 6: Deleniti odit harum veniam possimus temporibus,6,37,video
174,Aula 1: Ratione magni doloribus sequi facilis,1,37,video
174,Aula 2: Maxime incidunt magni harum,2,5,texto
174,Aula 3: Repellat quos impedit odio minus inventore,3,24,quiz
174,Aula 4: Molestiae magni repellat consectetur temporibus,4,20,quiz
174,Aula 5: Inventore quis ratione impedit sit atque,5,24,video
174,Aula 6: Dolorum vero omnis natus atque recusandae,6,13,video
175,Aula 1: Illo unde fugit,1,18,quiz
175,Aula 2: Libero numquam ut similique debitis,2,11,video
175,Aula 3: Vel hic inventore pariatur ex soluta,3,43,quiz
175,Aula 4: Totam porro iusto nesciunt reiciendis minima,4,20,texto
175,Aula 5: Sint nisi fuga quibusdam sit,5,9,texto
175,Aula 6: Ex voluptatem illo eum ea,6,26,video
175,Aula 7: Illo odit quis nostrum,7,43,video
175,Aula 8: Impedit eaque illo voluptate iure,8,12,quiz
175,Aula 9: Dolorum aliquid harum dolorem,9,26,video
175,Aula 10: Assumenda qui deleniti,10,38,texto
175,Aula 11: Numquam nisi ipsa at,11,34,quiz
175,Aula 12: Accusamus minima voluptates quasi,12,18,video
175,Aula 13: Soluta nisi cumque sequi ullam,13,34,video
176,Aula 1: Exercitationem eveniet praesentium animi doloremque aperiam,1,45,quiz
176,Aula 2: Minima eveniet vel quidem,2,40,quiz
176,Aula 3: Dolor suscipit ipsa,3,20,texto
176,Aula 4: Repellendus blanditiis quisquam delectus,4,37,texto
176,Aula 5: Occaecati ipsa laudantium facere impedit,5,26,quiz
176,Aula 6: Aliquam itaque id minus,6,44,quiz
176,Aula 7: Saepe laboriosam laudantium assumenda,7,22,texto
176,Aula 8: Aliquam corporis explicabo,8,9,video
176,Aula 9: Exercitationem quae odio facilis,9,31,video
176,Aula 10: Ut aliquid tempore corporis recusandae,10,19,texto
176,Aula 11: Enim iusto odio aspernatur,11,36,quiz
177,Aula 1: Laboriosam cupiditate impedit natus nulla possimus,1,30,quiz
177,Aula 2: Iusto incidunt neque rem,2,16,texto
177,Aula 3: Nesciunt blanditiis ipsa animi voluptatem odit,3,20,quiz
177,Aula 4: Atque rerum porro provident ipsa,4,20,video
177,Aula 5: Culpa ipsum eligendi illo temporibus,5,23,quiz
177,Aula 6: Omnis dolorem ad soluta molestiae odit,6,37,video
177,Aula 7: Recusandae repellendus incidunt incidunt,7,41,texto
177,Aula 8: Qui modi magni quam tenetur reprehenderit,8,13,texto
177,Aula 9: Veniam labore ad veritatis,9,32,video
177,Aula 10: Culpa ab aliquam,10,7,video
177,Aula 11: Dolorum possimus occaecati repudiandae ipsa,11,34,quiz
178,Aula 1: Quas voluptates odio adipisci facere eos,1,24,video
178,Aula 2: Quam placeat harum molestias mollitia quas,2,19,quiz
178,Aula 3: Quibusdam vitae nihil,3,16,quiz
178,Aula 4: Nobis neque officia nihil modi sunt,4,11,texto
178,Aula 5: Delectus fuga dicta incidunt accusantium,5,21,texto
178,Aula 6: Maiores atque officia cumque recusandae in,6,42,video
178,Aula 7: Ut ab exercitationem,7,10,quiz
178,Aula 8: Occaecati nulla amet,8,6,video
178,Aula 9: Blanditiis libero suscipit laudantium voluptatibus exercitationem,9,8,texto
178,Aula 10: Amet eligendi maxime nobis quasi,10,32,quiz
178,Aula 11: Doloribus ducimus non possimus veritatis,11,16,video
178,Aula 12: Unde rerum minima,12,6,video
178,Aula 13: Nulla vitae accusamus inventore,13,37,texto
178,Aula 14: Atque inventore quibusdam eveniet,14,39,quiz
178,Aula 15: Blanditiis consequuntur non beatae vitae molestiae,15,34,quiz
179,Aula 1: Quia deserunt architecto quae modi,1,20,texto
179,Aula 2: Nisi sint neque,2,29,texto
179,Aula 3: Repellendus mollitia excepturi totam beatae dolores,3,11,texto
179,Aula 4: Numquam id sapiente officia magnam ipsam,4,31,video
179,Aula 5: Temporibus dicta ex ipsum,5,30,quiz
179,Aula 6: Expedita at tempora assumenda veniam,6,34,quiz
179,Aula 7: Assumenda vero explicabo expedita maiores,7,17,texto
179,Aula 8: Dolores odit velit,8,42,video
180,Aula 1: Repellendus similique tempora cum accusantium,1,30,quiz
180,Aula 2: Reprehenderit dolorem debitis nobis cumque,2,24,video
180,Aula 3: Exercitationem facere dolorum,3,34,quiz
180,Aula 4: Tempora maiores temporibus,4,42,quiz
180,Aula 5: Pariatur ad quaerat,5,32,texto
180,Aula 6: Tempore molestias beatae quisquam,6,16,video
180,Aula 7: Delectus aspernatur ea,7,16,texto
180,Aula 8: Soluta earum debitis nostrum laudantium nostrum,8,9,texto
180,Aula 9: Magnam non atque,9,31,video
180,Aula 10: Voluptate placeat necessitatibus consectetur natus,10,21,video
180,Aula 11: Quae voluptatem delectus eaque deleniti voluptas,11,26,texto
180,Aula 12: Excepturi eos harum,12,16,texto
180,Aula 13: Labore illum error similique commodi id,13,10,quiz
181,Aula 1: Dicta nostrum libero rem,1,34,texto
181,Aula 2: Sint deserunt sequi vel,2,43,video
181,Aula 3: Quaerat impedit animi autem illum,3,41,video
181,Aula 4: Ducimus molestias quo perspiciatis,4,45,texto
181,Aula 5: Voluptate enim reprehenderit ullam laudantium voluptatem,5,25,quiz
181,Aula 6: Rem reprehenderit ut eos quasi corporis,6,14,video
181,Aula 7: Molestiae incidunt pariatur magnam,7,32,texto
181,Aula 8: Sequi nemo veritatis asperiores molestiae autem,8,24,texto
181,Aula 9: Nemo placeat vitae ad,9,28,quiz
181,Aula 10: Error quo exercitationem recusandae deserunt,10,5,video
181,Aula 11: Ex quisquam explicabo amet nihil voluptatum,11,44,quiz
181,Aula 12: Cupiditate nesciunt aliquam distinctio error,12,37,texto
181,Aula 13: Corporis odio totam quaerat sed ab,13,29,video
181,Aula 14: Reprehenderit a ea amet,14,43,video
182,Aula 1: Tenetur quibusdam nemo molestiae esse ut,1,14,texto
182,Aula 2: At fugiat perferendis,2,42,texto
182,Aula 3: Ipsum ex deserunt minus maiores,3,6,quiz
182,Aula 4: Ut molestias similique hic eaque,4,31,texto
182,Aula 5: Voluptatibus sed sequi,5,32,texto
182,Aula 6: Accusamus praesentium in,6,17,video
182,Aula 7: At molestias possimus,7,36,texto
182,Aula 8: Animi placeat dignissimos,8,16,quiz
182,Aula 9: Debitis laborum cum est rem,9,22,texto
182,Aula 10: Eligendi accusantium cupiditate,10,16,quiz
182,Aula 11: Vitae praesentium fuga necessitatibus,11,6,video
182,Aula 12: At eius inventore quod molestias accusantium,12,43,quiz
183,Aula 1: Adipisci a nemo sed,1,43,video
183,Aula 2: Quo exercitationem soluta,2,11,video
183,Aula 3: Optio quidem accusamus animi quae porro,3,29,quiz
183,Aula 4: Minima ipsa omnis,4,45,quiz
183,Aula 5: Maxime placeat porro,5,41,quiz
184,Aula 1: At nemo tempora veniam dolorum doloribus,1,28,quiz
184,Aula 2: Atque aliquid possimus,2,38,quiz
184,Aula 3: Ratione odit facilis,3,22,texto
184,Aula 4: Ullam earum quibusdam,4,22,video
184,Aula 5: Iure labore cupiditate,5,18,quiz
184,Aula 6: Quos nobis provident excepturi placeat quidem,6,45,texto
184,Aula 7: Totam eius in laudantium atque,7,16,video
184,Aula 8: Aperiam aliquam ipsa iusto officia deleniti,8,14,quiz
184,Aula 9: Perferendis consequuntur assumenda at alias,9,29,quiz
185,Aula 1: Aut aliquam ut magnam facere modi,1,26,texto
185,Aula 2: Quis necessitatibus enim ad,2,38,video
185,Aula 3: Totam inventore nesciunt velit,3,25,texto
185,Aula 4: Magnam repellat nostrum nemo repellat,4,29,quiz
185,Aula 5: Occaecati neque optio accusantium,5,30,video
185,Aula 6: Incidunt hic voluptates laborum vitae quod,6,33,video
185,Aula 7: Dolore minus deleniti animi eius,7,41,quiz
185,Aula 8: Voluptate veniam beatae at possimus,8,44,video
185,Aula 9: Quasi tempora odio non,9,40,quiz
185,Aula 10: Dolore quasi illum,10,21,video
185,Aula 11: Maiores tempora nisi nisi ducimus,11,11,video
185,Aula 12: Delectus repellat dicta harum,12,11,quiz
186,Aula 1: Praesentium nesciunt voluptates et,1,6,quiz
186,Aula 2: Assumenda ducimus accusamus,2,38,texto
186,Aula 3: Corporis accusantium fuga doloremque,3,19,video
186,Aula 4: Reiciendis aperiam dolor perferendis,4,16,texto
186,Aula 5: Neque dignissimos minus doloribus esse,5,34,texto
186,Aula 6: Voluptates quia fuga,6,32,video
186,Aula 7: Delectus deserunt corporis reiciendis,7,39,video
186,Aula 8: Exercitationem nobis omnis et voluptatum ipsum,8,20,quiz
186,Aula 9: Odio deleniti suscipit tempora ut ipsum,9,37,video
186,Aula 10: Aut assumenda voluptas quibusdam eaque,10,24,quiz
186,Aula 11: Voluptatem facere dolorem sapiente blanditiis,11,6,video
186,Aula 12: Soluta velit voluptatibus totam quam,12,25,texto
186,Aula 13: Magni quo ipsa voluptatum consequuntur,13,41,video
187,Aula 1: Perferendis ipsa suscipit quo,1,7,texto
187,Aula 2: Ipsa deserunt nihil similique animi occaecati,2,34,texto
187,Aula 3: Accusantium reiciendis distinctio dolor,3,20,quiz
187,Aula 4: Repellat molestias sint,4,17,quiz
187,Aula 5: Occaecati tenetur dolor maiores,5,28,quiz
187,Aula 6: Nisi magni aut,6,11,video
187,Aula 7: Iure cumque fuga omnis quibusdam,7,45,quiz
187,Aula 8: Cumque quibusdam doloribus praesentium in,8,7,quiz
187,Aula 9: Modi nam velit laborum unde rerum,9,6,video
187,Aula 10: Fugiat quisquam ut,10,41,quiz
187,Aula 11: Nisi doloremque ducimus magni provident itaque,11,32,video
188,Aula 1: Illo ducimus ipsa commodi illo,1,24,texto
188,Aula 2: Ut esse ipsum,2,14,video
188,Aula 3: Inventore ullam harum suscipit atque,3,7,quiz
188,Aula 4: Minima saepe totam maiores optio illum,4,16,quiz
188,Aula 5: Ad autem iure,5,18,quiz
188,Aula 6: Blanditiis suscipit placeat,6,21,video
188,Aula 7: Fugit molestiae est odio voluptatum,7,42,quiz
188,Aula 8: Necessitatibus possimus nulla,8,5,texto
188,Aula 9: Inventore saepe culpa cupiditate magni,9,10,quiz
188,Aula 10: Consequatur nulla exercitationem illo,10,6,quiz
188,Aula 11: Totam doloribus quisquam error sed,11,22,video
188,Aula 12: Soluta eum in,12,26,texto
188,Aula 13: Sunt pariatur autem,13,36,texto
188,Aula 14: Quaerat accusantium commodi quibusdam aut reiciendis sapiente,14,40,quiz
188,Aula 15: Rem libero porro aliquam,15,7,texto
189,Aula 1: Ullam in commodi repudiandae accusantium,1,8,video
189,Aula 2: Quas cumque tenetur ex hic excepturi,2,5,texto
189,Aula 3: Nobis quam quisquam,3,10,texto
189,Aula 4: Nesciunt est modi sint animi,4,33,texto
189,Aula 5: Ullam asperiores occaecati veritatis atque,5,20,texto
189,Aula 6: Autem quaerat iusto facere,6,45,texto
189,Aula 7: Unde exercitationem minus,7,39,texto
189,Aula 8: Et magnam sit tenetur quis,8,37,texto
190,Aula 1: Facilis ullam repellendus est amet,1,12,video
190,Aula 2: Porro fugit nesciunt quaerat,2,41,video
190,Aula 3: Dolore harum dicta autem exercitationem,3,35,video
190,Aula 4: Et minus maxime quisquam,4,42,quiz
190,Aula 5: Veritatis incidunt asperiores quaerat voluptas saepe,5,25,video
190,Aula 6: Adipisci nostrum repellat quibusdam,6,16,video
190,Aula 7: Consequatur porro asperiores libero,7,39,quiz
190,Aula 8: Consequatur asperiores dolores quasi voluptatem,8,43,quiz
190,Aula 9: Itaque eius ipsa,9,21,quiz
190,Aula 10: Animi quas inventore labore,10,12,texto
191,Aula 1: Blanditiis ex quibusdam molestiae,1,39,texto
191,Aula 2: Ut expedita quo culpa,2,8,video
191,Aula 3: Praesentium amet corporis modi voluptates maiores,3,23,video
191,Aula 4: Fugit sit necessitatibus consequatur,4,12,video
191,Aula 5: Numquam officia sequi rerum,5,9,video
191,Aula 6: Autem ratione officiis sequi,6,20,quiz
191,Aula 7: Delectus ut unde ab culpa repellendus,7,9,quiz
191,Aula 8: Eligendi labore quis assumenda molestias,8,31,texto
191,Aula 9: Rem ad veritatis fugit consequatur aliquam,9,22,video
191,Aula 10: Quibusdam recusandae vel,10,9,quiz
191,Aula 11: Totam eos accusamus quia deserunt,11,18,texto
191,Aula 12: Voluptatibus ullam beatae error deserunt,12,21,quiz
191,Aula 13: Eaque temporibus atque laudantium temporibus aspernatur,13,41,texto
192,Aula 1: Neque quae iure molestias nesciunt molestias,1,13,quiz
192,Aula 2: Recusandae optio culpa expedita,2,5,video
192,Aula 3: Exercitationem id excepturi dolorem nobis enim,3,30,texto
192,Aula 4: Quia vitae natus illo sequi,4,22,quiz
192,Aula 5: Neque nemo debitis,5,21,video
192,Aula 6: Iusto cum consequatur corporis natus laboriosam,6,13,texto
192,Aula 7: Explicabo rem omnis placeat commodi,7,13,quiz
192,Aula 8: Iusto hic esse harum sunt ab,8,42,quiz
192,Aula 9: Voluptates vel necessitatibus cumque mollitia pariatur,9,12,video
193,Aula 1: Nemo voluptate quod,1,28,video
193,Aula 2: In quia eius,2,5,texto
193,Aula 3: Inventore esse quae,3,45,video
193,Aula 4: Corporis aut facere voluptas,4,45,video
193,Aula 5: Saepe nihil officia,5,12,video
193,Aula 6: In minus aut non repellat facere,6,35,texto
194,Aula 1: Voluptas fugiat blanditiis,1,24,quiz
194,Aula 2: Fugiat nobis vero,2,7,quiz
194,Aula 3: Pariatur voluptas beatae sequi,3,12,quiz
194,Aula 4: Adipisci eum hic a doloremque,4,11,texto
194,Aula 5: Consequatur porro nisi tenetur,5,15,video
194,Aula 6: Delectus quibusdam adipisci,6,40,quiz
194,Aula 7: Sapiente corrupti error saepe,7,40,texto
194,Aula 8: Tenetur velit non,8,37,texto
194,Aula 9: Quidem culpa non eveniet,9,18,texto
194,Aula 10: Commodi facere ratione,10,43,texto
194,Aula 11: Nostrum provident minus eos atque libero,11,18,texto
194,Aula 12: Fuga ipsa distinctio sapiente dolorum quas,12,13,quiz
194,Aula 13: Doloremque sapiente pariatur quos vitae numquam,13,41,quiz
195,Aula 1: Quasi nesciunt error porro repudiandae sunt,1,5,video
195,Aula 2: Voluptas suscipit fugiat officiis velit,2,35,video
195,Aula 3: Dolores nobis corrupti perferendis,3,31,quiz
195,Aula 4: Exercitationem consequuntur quod numquam,4,21,quiz
195,Aula 5: Fuga id optio,5,29,video
195,Aula 6: Quia ullam voluptates,6,32,video
195,Aula 7: Dolorem culpa quas id,7,38,video
196,Aula 1: Optio culpa sit illum assumenda nobis,1,26,video
196,Aula 2: Totam quidem delectus,2,14,texto
196,Aula 3: Quod nesciunt magni dolorum nisi doloremque,3,7,video
196,Aula 4: Voluptas odio maxime saepe,4,9,texto
196,Aula 5: Aperiam in nulla excepturi,5,16,video
197,Aula 1: Dolores autem qui qui,1,12,video
197,Aula 2: Explicabo ipsum impedit reiciendis impedit,2,35,texto
197,Aula 3: Repellendus veritatis magnam facilis,3,25,texto
197,Aula 4: Debitis commodi voluptatibus,4,34,quiz
197,Aula 5: Accusamus magnam ea facilis quae,5,24,texto
197,Aula 6: Maiores officia cum,6,31,video
197,Aula 7: Aspernatur ipsam dicta pariatur,7,45,video
197,Aula 8: Voluptates minus provident vel error cum,8,35,quiz
197,Aula 9: Fugit atque impedit tempora dolor quia,9,27,texto
197,Aula 10: Illo perferendis quos,10,12,video
197,Aula 11: Quasi eos quod mollitia atque,11,20,video
197,Aula 12: Aspernatur non sed,12,15,quiz
197,Aula 13: Reiciendis labore aliquid dolores incidunt,13,22,video
197,Aula 14: Perspiciatis porro aliquam magnam quam,14,8,quiz
197,Aula 15: A perferendis saepe quis aperiam,15,25,quiz
198,Aula 1: Voluptates eaque veniam minus fuga,1,39,video
198,Aula 2: Quaerat deserunt perferendis accusamus et,2,34,texto
198,Aula 3: Fugiat voluptatem excepturi eius beatae,3,30,quiz
198,Aula 4: Cupiditate distinctio maxime minus animi,4,17,quiz
198,Aula 5: Aspernatur sunt enim asperiores,5,5,quiz
198,Aula 6: Dolores illo adipisci,6,27,video
198,Aula 7: Nemo doloremque amet occaecati magnam animi,7,33,video
198,Aula 8: Quisquam neque ab qui magni,8,31,quiz
198,Aula 9: Dicta error omnis rem asperiores quod,9,13,video
198,Aula 10: Consectetur delectus quam labore sequi,10,20,video
198,Aula 11: Quaerat maxime soluta,11,11,video
199,Aula 1: Dolorem quo provident dolorum,1,5,video
199,Aula 2: Tempora accusamus animi odit ullam,2,18,quiz
199,Aula 3: Nihil assumenda magnam,3,15,texto
199,Aula 4: Dolores corporis labore,4,23,quiz
199,Aula 5: At temporibus dignissimos eius,5,19,texto
199,Aula 6: Maxime hic perspiciatis,6,34,texto
199,Aula 7: A voluptas atque enim maxime autem,7,21,video
199,Aula 8: Occaecati deserunt ipsa,8,12,texto
199,Aula 9: Nesciunt culpa laborum veritatis,9,6,quiz
199,Aula 10: Eos modi facilis,10,24,texto
199,Aula 11: Deleniti ipsum officiis sequi at,11,19,video
199,Aula 12: Assumenda consectetur illum,12,44,quiz
199,Aula 13: Molestiae voluptates ullam sit officia illum,13,30,texto
199,Aula 14: Occaecati consectetur tempore velit pariatur laborum,14,6,video
199,Aula 15: Magni ducimus eligendi tempora,15,44,video
200,Aula 1: Quae numquam sapiente ut nobis a,1,30,video
200,Aula 2: Ratione est quis eaque,2,11,video
200,Aula 3: Quis soluta veritatis quidem officia ad,3,35,texto
200,Aula 4: Dolores magnam recusandae fugit excepturi,4,40,quiz
200,Aula 5: Perspiciatis et esse ducimus optio sed,5,41,video
200,Aula 6: Dolorum exercitationem officiis,6,15,quiz
200,Aula 7: Deserunt inventore ratione aliquam ea,7,13,video
201,Aula 1: Harum alias voluptas veritatis illo,1,45,texto
201,Aula 2: Voluptatibus asperiores consequuntur ut,2,24,texto
201,Aula 3: Quod alias ratione ex,3,19,video
201,Aula 4: Perferendis deleniti fugit ipsa odit nihil,4,40,video
201,Aula 5: Aliquam iste pariatur impedit,5,20,texto
201,Aula 6: Officia excepturi quisquam quas magnam eum,6,28,video
201,Aula 7: Similique qui veritatis praesentium quaerat,7,21,texto
201,Aula 8: Optio dicta deserunt maiores minus,8,32,video
201,Aula 9: Alias dignissimos earum,9,19,quiz
201,Aula 10: Eum excepturi illo accusantium tempore,10,9,video
201,Aula 11: Deleniti reprehenderit quod voluptatibus adipisci ipsam,11,10,quiz
201,Aula 12: Dolor blanditiis veritatis quam,12,37,video
201,Aula 13: Dolores tempore eveniet quis,13,34,texto
201,Aula 14: Impedit amet earum,14,30,texto
202,Aula 1: Libero accusamus fugiat,1,37,quiz
202,Aula 2: Fuga a delectus placeat,2,9,texto
202,Aula 3: Ullam vero ratione voluptates,3,30,quiz
202,Aula 4: Molestias iure sint,4,18,quiz
202,Aula 5: Sunt eos ad neque,5,41,video
203,Aula 1: Voluptas dolorum dolorum amet,1,12,texto
203,Aula 2: Dolor eligendi praesentium,2,42,texto
203,Aula 3: Distinctio nisi tempora,3,15,video
203,Aula 4: Rem nesciunt saepe similique illum libero error,4,44,texto
203,Aula 5: Dolorem debitis nisi placeat unde aut,5,29,texto
203,Aula 6: Excepturi possimus iusto unde,6,9,quiz
204,Aula 1: Incidunt eius accusamus id hic ut,1,11,quiz
204,Aula 2: Nihil repudiandae soluta quo quod,2,11,texto
204,Aula 3: Molestiae aut ullam cupiditate ipsum odit,3,44,video
204,Aula 4: Quisquam aliquid delectus,4,21,video
204,Aula 5: Illum alias deserunt,5,42,video
204,Aula 6: Inventore quod eum ullam laudantium,6,24,quiz
204,Aula 7: Autem aliquid libero iusto nemo aspernatur,7,34,video
204,Aula 8: Dolore esse porro,8,6,quiz
204,Aula 9: Placeat dolores dolore,9,5,quiz
204,Aula 10: Rem veritatis ducimus nobis voluptas voluptatem,10,29,video
204,Aula 11: Sapiente dolorum dolore ad voluptatum dignissimos,11,15,quiz
204,Aula 12: Aperiam nemo perspiciatis dicta,12,29,texto
204,Aula 13: Quo voluptates in,13,8,texto
205,Aula 1: Similique officia doloribus similique,1,29,quiz
205,Aula 2: Aliquam alias dolore,2,28,quiz
205,Aula 3: Laborum maiores quas nesciunt saepe beatae,3,24,quiz
205,Aula 4: Provident nihil quos aliquam facilis,4,9,texto
205,Aula 5: Quidem doloribus ullam nihil,5,43,texto
205,Aula 6: Veniam quas quasi delectus,6,13,video
205,Aula 7: Quod quos iure quaerat iusto,7,44,quiz
205,Aula 8: Itaque asperiores modi,8,44,texto
205,Aula 9: Modi modi aut,9,34,texto
205,Aula 10: Consequuntur deserunt ipsum cumque,10,13,video
205,Aula 11: Impedit sapiente accusamus quisquam ullam,11,5,texto
205,Aula 12: Saepe corporis officiis,12,10,quiz
206,Aula 1: Molestiae sit ullam cumque repellat accusantium,1,24,quiz
206,Aula 2: Veniam laboriosam pariatur,2,43,video
206,Aula 3: Voluptas earum sit dignissimos tempore ab,3,43,texto
206,Aula 4: Illo molestiae ex expedita itaque,4,31,quiz
206,Aula 5: Iste alias nostrum ad veniam aliquam,5,27,quiz
206,Aula 6: Necessitatibus fugiat expedita quisquam nihil,6,38,quiz
206,Aula 7: Numquam consequuntur aliquid perferendis atque accusamus,7,9,quiz
206,Aula 8: Repellendus asperiores iure sit,8,19,texto
206,Aula 9: Est ea sit ad,9,33,quiz
206,Aula 10: Neque distinctio eum aspernatur,10,44,quiz
206,Aula 11: Quia suscipit velit distinctio neque voluptatibus,11,44,quiz
206,Aula 12: Numquam provident praesentium quisquam nostrum,12,37,texto
206,Aula 13: Eaque culpa debitis,13,25,texto
207,Aula 1: Id vero autem quas corrupti,1,11,quiz
207,Aula 2: Asperiores inventore quaerat cupiditate quod quidem,2,33,quiz
207,Aula 3: Perferendis adipisci sit magnam possimus perspiciatis,3,35,quiz
207,Aula 4: Sed est quaerat nam ex,4,16,texto
207,Aula 5: Accusantium quos nihil asperiores illum,5,34,texto
207,Aula 6: Fugit modi quas molestiae,6,39,texto
207,Aula 7: Dolor quas minima non veniam necessitatibus,7,41,quiz
207,Aula 8: Sint dolores illo amet optio,8,37,quiz
207,Aula 9: Reprehenderit iusto fuga omnis qui,9,40,video
207,Aula 10: Deserunt quasi sit,10,14,quiz
207,Aula 11: Amet nesciunt blanditiis,11,27,video
207,Aula 12: Molestiae ab quo,12,6,quiz
208,Aula 1: Blanditiis error iusto dignissimos ducimus,1,12,quiz
208,Aula 2: Amet earum magni tenetur,2,30,quiz
208,Aula 3: Dolorum dolore temporibus,3,33,quiz
208,Aula 4: Magnam voluptates delectus eveniet,4,38,texto
208,Aula 5: Veniam id ea autem eveniet rerum,5,29,video
208,Aula 6: Dolorem amet inventore nostrum quisquam,6,27,texto
208,Aula 7: Unde qui vel rerum facere doloribus,7,35,video
208,Aula 8: Atque facilis doloribus quasi,8,18,texto
208,Aula 9: Esse incidunt nam ea,9,45,quiz
208,Aula 10: Natus distinctio libero amet,10,34,quiz
208,Aula 11: Laborum itaque sed laudantium facilis,11,14,quiz
208,Aula 12: Quo esse animi dignissimos,12,43,video
209,Aula 1: Consectetur sunt inventore natus sed temporibus,1,13,video
209,Aula 2: Sit natus alias facere sit,2,5,texto
209,Aula 3: Tempora temporibus dolorum cum perspiciatis nobis,3,27,texto
209,Aula 4: Voluptates vero quia dolor temporibus,4,30,texto
209,Aula 5: Alias quaerat fugit velit culpa,5,43,quiz
209,Aula 6: Quod deserunt rerum,6,30,texto
209,Aula 7: Doloremque perferendis consequuntur temporibus reprehenderit molestias,7,16,texto
209,Aula 8: Rerum harum hic et recusandae eum,8,15,texto
209,Aula 9: Quas iure officia eum in est,9,17,texto
209,Aula 10: Atque sit eius,10,18,quiz
209,Aula 11: Velit sit nihil,11,29,video
209,Aula 12: Totam placeat animi saepe,12,37,video
209,Aula 13: Amet sapiente impedit officiis hic,13,9,video
209,Aula 14: Aliquam veniam esse expedita excepturi,14,5,texto
210,Aula 1: Ea dolores officia perspiciatis repellendus quae,1,30,texto
210,Aula 2: Doloribus ab saepe illum praesentium amet,2,21,video
210,Aula 3: Ipsa magni nemo libero blanditiis repudiandae,3,10,texto
210,Aula 4: Molestiae incidunt quam corrupti,4,22,texto
210,Aula 5: Fuga sequi accusamus,5,25,quiz
210,Aula 6: Mollitia voluptates sapiente repellat eveniet,6,7,video
210,Aula 7: Eum modi laboriosam voluptas ad,7,32,texto
211,Aula 1: Dolor nulla neque,1,10,video
211,Aula 2: Fugit omnis similique doloremque,2,18,texto
211,Aula 3: Facilis non deserunt temporibus distinctio odit,3,8,video
211,Aula 4: Rerum assumenda cum debitis,4,15,quiz
211,Aula 5: Ipsa ducimus minus impedit,5,43,texto
211,Aula 6: Maxime nam doloribus molestiae similique enim,6,18,texto
212,Aula 1: Ducimus provident nesciunt,1,14,video
212,Aula 2: Atque accusantium impedit quo eius,2,5,quiz
212,Aula 3: Molestiae veritatis pariatur hic nemo non,3,11,video
212,Aula 4: Voluptatum minus autem,4,40,quiz
212,Aula 5: Recusandae doloremque modi,5,5,texto
212,Aula 6: Cupiditate commodi modi eos,6,27,video
213,Aula 1: Vero quo inventore odio,1,25,quiz
213,Aula 2: Totam quisquam numquam quis corporis voluptatum,2,43,quiz
213,Aula 3: Animi ullam sint nobis natus,3,39,video
213,Aula 4: Nam distinctio consectetur placeat,4,41,quiz
213,Aula 5: Reprehenderit assumenda dolor,5,9,video
213,Aula 6: Nihil molestiae necessitatibus laborum cum cupiditate,6,45,quiz
213,Aula 7: Reprehenderit fuga pariatur tempora vel quis,7,27,texto
213,Aula 8: Illo eveniet corrupti,8,24,quiz
213,Aula 9: Voluptatem atque magnam quod maiores,9,39,quiz
213,Aula 10: Animi assumenda dicta excepturi,10,22,video
213,Aula 11: Unde esse voluptate asperiores,11,23,texto
213,Aula 12: Veritatis consequatur facilis excepturi laboriosam et,12,29,video
214,Aula 1: Maxime a maiores sint odio,1,42,quiz
214,Aula 2: Iusto optio aperiam animi qui,2,32,video
214,Aula 3: Nemo fugiat minima magni,3,13,video
214,Aula 4: Est et deserunt magnam eos,4,33,video
214,Aula 5: Mollitia quae doloribus magni delectus placeat,5,24,quiz
214,Aula 6: Numquam impedit quaerat,6,27,video
214,Aula 7: Nesciunt mollitia dolorem id neque repellendus,7,45,texto
214,Aula 8: Inventore distinctio nam ea quas,8,21,texto
214,Aula 9: Non tempora in laboriosam vitae,9,19,quiz
214,Aula 10: Quaerat et est corrupti deleniti cupiditate,10,24,texto
214,Aula 11: Reiciendis ea dicta,11,16,video
214,Aula 12: Adipisci dicta eaque,12,23,video
214,Aula 13: Voluptas sint dolor deleniti,13,23,quiz
215,Aula 1: Corrupti aperiam fugit debitis,1,25,quiz
215,Aula 2: Et deserunt ipsum totam,2,21,quiz
215,Aula 3: Atque voluptate tempora consectetur tempora,3,33,video
215,Aula 4: Quo quasi beatae eum,4,19,video
215,Aula 5: Voluptatem quo similique,5,21,quiz
215,Aula 6: Iste quos voluptate explicabo nostrum,6,6,quiz
215,Aula 7: Soluta voluptatum tenetur corrupti sint,7,28,texto
215,Aula 8: Odio optio deleniti,8,24,video
216,Aula 1: Dolorum perferendis architecto animi,1,15,quiz
216,Aula 2: Labore laborum impedit,2,9,texto
216,Aula 3: Vel ratione quos facilis eveniet,3,17,texto
216,Aula 4: Quaerat exercitationem dicta optio corporis,4,25,texto
216,Aula 5: Ad iste exercitationem,5,15,quiz
217,Aula 1: Cupiditate tempora dignissimos praesentium commodi,1,31,texto
217,Aula 2: Enim ipsa repellat,2,43,quiz
217,Aula 3: Blanditiis fuga at,3,41,texto
217,Aula 4: Nostrum officiis cumque,4,19,video
217,Aula 5: Perferendis sint rem harum,5,21,quiz
217,Aula 6: Beatae fugiat recusandae architecto,6,42,video
217,Aula 7: Eaque commodi adipisci,7,16,video
217,Aula 8: Ipsum inventore ipsa cupiditate alias,8,11,texto
217,Aula 9: Ullam dolorem corrupti aut fugiat,9,19,video
217,Aula 10: Aperiam reprehenderit nisi quo error,10,12,texto
217,Aula 11: Exercitationem repellendus impedit dignissimos optio,11,24,video
218,Aula 1: Amet fugit repudiandae suscipit eum voluptatibus iste,1,13,texto
218,Aula 2: Harum aut architecto doloremque quam,2,34,video
218,Aula 3: Dolores iusto dicta facilis nesciunt est,3,10,quiz
218,Aula 4: Tenetur possimus quisquam consectetur,4,35,video
218,Aula 5: Iste voluptas nesciunt laborum ipsam nisi,5,14,texto
218,Aula 6: Reprehenderit ratione officia et nisi,6,45,video
218,Aula 7: Totam alias iste fuga tempora,7,8,texto
218,Aula 8: Ex ad iste earum eligendi praesentium,8,41,texto
218,Aula 9: Consequatur facere doloribus vero occaecati harum,9,32,texto
218,Aula 10: Esse vitae qui,10,35,quiz
219,Aula 1: Rem rerum eos maxime,1,29,texto
219,Aula 2: Repellendus amet delectus facere,2,21,video
219,Aula 3: Doloribus rerum rem porro blanditiis,3,26,texto
219,Aula 4: Nam vel eum odio odit,4,26,texto
219,Aula 5: Hic laudantium sunt asperiores doloremque,5,34,quiz
219,Aula 6: Quasi consectetur soluta iste laborum,6,16,texto
219,Aula 7: Eum cum numquam facere,7,19,video
219,Aula 8: Illo vel veritatis consequatur modi debitis,8,37,texto
219,Aula 9: Rerum commodi voluptatem,9,13,texto
219,Aula 10: Nesciunt rem consequuntur natus deleniti,10,32,quiz
219,Aula 11: Quam voluptatum quia similique quam hic,11,44,texto
219,Aula 12: Asperiores quibusdam a,12,27,quiz
220,Aula 1: Assumenda quam tenetur temporibus at,1,33,texto
220,Aula 2: Nemo occaecati repudiandae,2,40,quiz
220,Aula 3: Commodi quibusdam voluptatum eveniet minima ab,3,18,quiz
220,Aula 4: Suscipit blanditiis ducimus ipsa minima odio,4,22,quiz
220,Aula 5: Ab rem cupiditate,5,37,texto
220,Aula 6: Inventore itaque mollitia,6,22,video
220,Aula 7: Id rerum tempore nobis,7,26,video
220,Aula 8: Dolores modi expedita cumque reprehenderit temporibus,8,33,video
220,Aula 9: Qui dolor iste,9,16,video
220,Aula 10: Illo provident odit cumque,10,15,texto
220,Aula 11: Voluptatem facilis rerum,11,5,quiz
220,Aula 12: Magni dignissimos rerum velit,12,24,quiz
220,Aula 13: Veritatis ipsa asperiores blanditiis,13,15,video
220,Aula 14: Dolorem quia nobis,14,22,quiz
220,Aula 15: Est inventore ut illo,15,13,quiz
221,Aula 1: Distinctio sunt molestiae ipsa voluptates quae,1,13,quiz
221,Aula 2: Dolorum ducimus distinctio,2,30,quiz
221,Aula 3: Illum vero error sed,3,37,texto
221,Aula 4: Atque enim officiis,4,25,texto
221,Aula 5: Voluptates aperiam molestiae,5,29,texto
221,Aula 6: Eveniet dicta odio aut,6,19,quiz
222,Aula 1: Aliquid totam impedit suscipit quia ab,1,12,video
222,Aula 2: Possimus id iste pariatur eligendi,2,11,texto
222,Aula 3: Distinctio alias labore,3,38,quiz
222,Aula 4: Atque aliquam esse,4,5,quiz
222,Aula 5: Deleniti dolores dolor porro,5,24,texto
222,Aula 6: Quam rem nihil praesentium nulla consequuntur maxime,6,10,texto
222,Aula 7: Velit numquam ipsam vitae,7,39,quiz
222,Aula 8: Doloribus sapiente eveniet explicabo tenetur velit,8,8,quiz
222,Aula 9: Nisi animi fugiat cupiditate eveniet impedit,9,35,texto
222,Aula 10: Magni ducimus praesentium laboriosam sint quidem,10,13,texto
222,Aula 11: Minima voluptate sunt vitae minus aperiam,11,24,quiz
223,Aula 1: Maiores nobis alias voluptate eaque sit,1,18,quiz
223,Aula 2: Quod optio esse esse,2,6,texto
223,Aula 3: Debitis atque nemo,3,8,texto
223,Aula 4: Laborum error recusandae,4,20,texto
223,Aula 5: Reprehenderit molestias beatae,5,39,video
224,Aula 1: Eligendi dignissimos at iusto,1,37,video
224,Aula 2: Neque eaque ex repellendus,2,7,video
224,Aula 3: Delectus in dicta ex,3,6,quiz
224,Aula 4: Exercitationem suscipit esse cumque tenetur illo,4,6,video
224,Aula 5: Corporis similique deserunt ea possimus,5,39,quiz
225,Aula 1: Earum maiores sint quidem officiis natus,1,19,quiz
225,Aula 2: Dolorem fugit earum officiis,2,10,texto
225,Aula 3: Eligendi accusamus alias,3,8,quiz
225,Aula 4: Recusandae et officia minima mollitia optio,4,21,quiz
225,Aula 5: Rem veritatis quod,5,32,texto
225,Aula 6: Vel porro minus neque velit quisquam,6,45,quiz
225,Aula 7: Dolores magni amet ipsam nobis dolorum,7,36,texto
225,Aula 8: Vitae voluptas delectus,8,7,texto
225,Aula 9: Incidunt sunt odit asperiores rem,9,30,quiz
225,Aula 10: Voluptatibus autem beatae eos,10,13,quiz
225,Aula 11: Ratione nisi libero explicabo facere aliquid,11,5,texto
225,Aula 12: Iusto quaerat iste labore dolore,12,14,quiz
225,Aula 13: Pariatur laborum tempora,13,15,texto
225,Aula 14: Debitis temporibus libero perspiciatis quos,14,22,texto
226,Aula 1: Tempora eos delectus,1,16,quiz
226,Aula 2: Non beatae dicta,2,23,video
226,Aula 3: Placeat dolore quod vitae,3,40,quiz
226,Aula 4: Id tempore ex autem,4,29,video
226,Aula 5: Id odit enim consequuntur omnis,5,38,quiz
226,Aula 6: Aut similique dolorum officiis facere quidem,6,18,video
226,Aula 7: Atque dicta delectus velit cum iure,7,12,video
227,Aula 1: Voluptates pariatur repudiandae,1,44,video
227,Aula 2: Laborum ea exercitationem,2,8,texto
227,Aula 3: Rem debitis corrupti iste cum,3,35,video
227,Aula 4: Magnam vero itaque odit corrupti earum,4,35,texto
227,Aula 5: Expedita alias vero pariatur,5,27,texto
227,Aula 6: Illo nobis unde autem,6,39,texto
227,Aula 7: Consequatur a blanditiis,7,5,quiz
227,Aula 8: Optio nobis animi illum consequatur ratione,8,23,video
227,Aula 9: Nobis officia magni consectetur,9,26,texto
227,Aula 10: Eius nisi tempora sequi,10,8,texto
227,Aula 11: Doloremque distinctio explicabo,11,22,texto
227,Aula 12: Dolores excepturi aliquam ut similique fugit,12,35,video
227,Aula 13: Quos saepe facere,13,35,quiz
227,Aula 14: Odio iste qui sequi praesentium,14,38,quiz
227,Aula 15: Pariatur laboriosam quisquam quae,15,13,texto
228,Aula 1: Possimus saepe ut cumque ex,1,37,video
228,Aula 2: Accusamus voluptas aliquid enim quam repellendus,2,25,texto
228,Aula 3: Nulla beatae est placeat,3,37,quiz
228,Aula 4: Consectetur dolorum ab in doloremque,4,19,video
228,Aula 5: Quod in nulla odio in,5,31,texto
228,Aula 6: Minima nisi natus at hic laboriosam,6,28,texto
228,Aula 7: Consequuntur sequi ipsam,7,45,texto
228,Aula 8: Reprehenderit harum alias rem,8,42,texto
228,Aula 9: Ratione necessitatibus fugit totam nisi ex,9,33,quiz
229,Aula 1: Animi veritatis omnis nihil nemo nisi vel,1,19,video
229,Aula 2: Ullam harum aut,2,32,quiz
229,Aula 3: Vitae distinctio quae officiis est,3,31,quiz
229,Aula 4: Cupiditate eos vel placeat esse eum,4,42,texto
229,Aula 5: Vel nulla accusamus sapiente,5,13,quiz
229,Aula 6: Nemo officia hic aliquid expedita impedit,6,43,texto
229,Aula 7: Ab maxime quis quibusdam,7,28,texto
229,Aula 8: Modi neque culpa eius porro,8,35,quiz
229,Aula 9: Quis porro totam sapiente rem eveniet,9,21,quiz
229,Aula 10: Nisi est qui cupiditate vel,10,10,video
229,Aula 11: Corporis voluptatibus impedit similique nemo soluta,11,24,quiz
229,Aula 12: Libero praesentium eveniet rem perspiciatis nihil,12,34,texto
229,Aula 13: Ex repellendus cupiditate,13,9,video
229,Aula 14: Praesentium eos sequi,14,10,quiz
230,Aula 1: Molestiae quidem iusto accusantium in sunt,1,9,quiz
230,Aula 2: Consectetur nemo necessitatibus minus,2,32,video
230,Aula 3: Ea natus beatae magnam possimus,3,12,video
230,Aula 4: Pariatur rem at nobis,4,24,texto
230,Aula 5: Asperiores cum quidem excepturi,5,39,texto
230,Aula 6: Minus beatae expedita impedit quia culpa,6,32,video
230,Aula 7: Accusamus sit illum,7,42,texto
230,Aula 8: Nobis commodi totam,8,37,quiz
230,Aula 9: Placeat quos quis impedit,9,14,quiz
231,Aula 1: Consequatur molestiae qui quae non,1,44,quiz
231,Aula 2: Fuga quisquam numquam,2,35,quiz
231,Aula 3: Laboriosam laboriosam quisquam facere,3,20,quiz
231,Aula 4: Pariatur deserunt repellendus pariatur reiciendis rem,4,22,video
231,Aula 5: Voluptate distinctio quos esse est velit,5,28,video
231,Aula 6: Itaque non iste sequi,6,12,texto
232,Aula 1: Facere dolorem vel similique natus,1,31,texto
232,Aula 2: Commodi numquam quibusdam,2,6,texto
232,Aula 3: Nisi fugiat quod quos tempore labore,3,31,video
232,Aula 4: Sit autem quasi dicta officia,4,40,quiz
232,Aula 5: Distinctio atque et,5,13,video
232,Aula 6: Neque nostrum excepturi cumque dolor fuga,6,37,texto
232,Aula 7: Recusandae officia cumque necessitatibus mollitia,7,11,texto
233,Aula 1: Eos doloribus temporibus quasi,1,14,texto
233,Aula 2: Eligendi nobis maiores consequatur id ab,2,6,quiz
233,Aula 3: Accusamus consequuntur ex porro soluta provident,3,31,quiz
233,Aula 4: Saepe provident aperiam optio,4,22,quiz
233,Aula 5: Ullam quidem minus,5,24,quiz
233,Aula 6: Corporis quam cupiditate,6,37,texto
233,Aula 7: Voluptates praesentium esse necessitatibus harum,7,28,texto
233,Aula 8: Id totam ullam eum voluptatem,8,34,video
233,Aula 9: Assumenda reiciendis asperiores fuga sit,9,5,video
233,Aula 10: Velit ullam repellat suscipit,10,23,video
233,Aula 11: Officia nam tenetur quas quos in,11,33,texto
233,Aula 12: Magnam beatae consectetur,12,43,video
233,Aula 13: Ex esse labore tempora,13,44,quiz
233,Aula 14: Veritatis assumenda porro ab iste deleniti,14,23,texto
234,Aula 1: Ipsum minus placeat,1,23,quiz
234,Aula 2: Consequatur facere consequuntur voluptatem,2,43,quiz
234,Aula 3: Mollitia voluptatum veniam sapiente,3,25,quiz
234,Aula 4: Sapiente distinctio atque harum,4,42,quiz
234,Aula 5: Accusamus alias libero accusamus recusandae,5,41,texto
234,Aula 6: Nam et assumenda rem nostrum omnis,6,37,quiz
235,Aula 1: Adipisci illum corrupti consequuntur asperiores,1,17,video
235,Aula 2: Tenetur dolorum molestiae reprehenderit,2,37,video
235,Aula 3: Ducimus culpa facilis,3,40,texto
235,Aula 4: Autem dolore impedit dignissimos ex,4,39,texto
235,Aula 5: Quidem quam quo,5,36,texto
235,Aula 6: Quisquam recusandae mollitia minima,6,29,quiz
235,Aula 7: Eveniet mollitia id recusandae nihil,7,26,quiz
235,Aula 8: Beatae est voluptatum vero alias recusandae,8,40,video
235,Aula 9: Occaecati nam iure,9,6,quiz
235,Aula 10: Maxime iste provident temporibus,10,45,quiz
235,Aula 11: Aliquid repellat vel iure,11,37,texto
235,Aula 12: Voluptates suscipit earum recusandae,12,10,video
236,Aula 1: Eos nisi cupiditate,1,14,texto
236,Aula 2: Porro distinctio rem alias quod explicabo,2,24,video
236,Aula 3: Dolor beatae sapiente praesentium reprehenderit,3,24,video
236,Aula 4: Fuga nobis voluptate,4,5,texto
236,Aula 5: Autem praesentium quo,5,18,texto
236,Aula 6: Quas impedit pariatur,6,45,video
236,Aula 7: Recusandae eligendi eos odio,7,44,video
236,Aula 8: Quisquam animi ducimus cum ratione,8,9,video
236,Aula 9: Veritatis voluptate fugiat hic explicabo laboriosam,9,25,texto
236,Aula 10: Quae corporis asperiores ut,10,32,quiz
236,Aula 11: Dolor temporibus nisi tenetur error,11,24,texto
237,Aula 1: Similique sed numquam,1,22,video
237,Aula 2: Neque fuga nemo,2,33,texto
237,Aula 3: Eveniet culpa sequi quaerat,3,8,texto
237,Aula 4: Exercitationem voluptates blanditiis,4,35,video
237,Aula 5: Alias ex repellat,5,25,video
238,Aula 1: Libero quidem exercitationem,1,42,quiz
238,Aula 2: Tempora mollitia eveniet cupiditate,2,42,texto
238,Aula 3: Ipsa minus debitis doloribus,3,40,quiz
238,Aula 4: Quod assumenda dolorem inventore id eveniet,4,34,video
238,Aula 5: Dolore repellendus suscipit quod,5,37,quiz
238,Aula 6: Voluptatum ut vel,6,12,texto
238,Aula 7: Mollitia porro soluta,7,14,texto
238,Aula 8: Corporis magni deleniti ex,8,43,texto
238,Aula 9: Neque tempora optio,9,28,quiz
238,Aula 10: Hic nemo a adipisci praesentium hic,10,15,quiz
238,Aula 11: Aperiam iste beatae,11,44,quiz
238,Aula 12: Provident totam necessitatibus necessitatibus quidem,12,12,video
238,Aula 13: Enim explicabo quas voluptatem at sit,13,16,quiz
239,Aula 1: Rerum autem eligendi earum,1,6,video
239,Aula 2: Excepturi cupiditate tenetur praesentium velit,2,20,quiz
239,Aula 3: Est eos adipisci ducimus debitis,3,30,texto
239,Aula 4: Porro esse ipsum ipsa,4,38,quiz
239,Aula 5: A optio quas accusantium alias,5,36,texto
239,Aula 6: Amet provident similique at fugiat ipsum expedita,6,23,quiz
239,Aula 7: Ipsam nam voluptatum,7,28,quiz
239,Aula 8: Doloribus delectus eius dicta debitis expedita,8,22,texto
239,Aula 9: Doloribus rerum ducimus itaque animi,9,45,texto
239,Aula 10: Incidunt alias ullam,10,43,video
239,Aula 11: Consectetur ab repellat sequi,11,5,video
239,Aula 12: Aliquid fuga illum,12,18,video
239,Aula 13: Dolores non maiores doloremque,13,32,video
240,Aula 1: Officia et voluptates qui,1,11,video
240,Aula 2: Et excepturi ducimus quae porro repellat,2,29,quiz
240,Aula 3: Sint blanditiis beatae,3,12,texto
240,Aula 4: Necessitatibus maxime molestiae est eaque,4,7,texto
240,Aula 5: Dolor odit aut aliquid exercitationem minus,5,34,quiz
240,Aula 6: Dolor tempora porro laboriosam numquam hic,6,6,video
240,Aula 7: Officia dolor deleniti,7,7,video
240,Aula 8: Culpa accusantium eaque,8,32,quiz
240,Aula 9: Totam eaque veniam,9,31,quiz
240,Aula 10: Impedit explicabo minus facilis tenetur nesciunt,10,38,texto
240,Aula 11: Magnam sapiente maiores ducimus,11,13,texto
240,Aula 12: Repellendus exercitationem consequatur,12,13,quiz
240,Aula 13: Eligendi omnis ducimus at omnis modi,13,44,texto
240,Aula 14: Atque labore voluptatem voluptatibus modi,14,44,video
241,Aula 1: Provident deleniti ut,1,15,texto
241,Aula 2: Magnam fugiat maxime neque saepe,2,25,quiz
241,Aula 3: Quam non pariatur,3,42,video
241,Aula 4: Veniam perferendis vitae,4,27,quiz
241,Aula 5: Debitis saepe voluptates ex,5,37,quiz
242,Aula 1: Tempora vitae commodi,1,39,quiz
242,Aula 2: Autem odio omnis itaque autem,2,39,texto
242,Aula 3: Quam placeat et sapiente quas,3,37,texto
242,Aula 4: Vero expedita rerum nemo,4,36,video
242,Aula 5: Esse eos magnam,5,20,texto
242,Aula 6: Quam eveniet saepe,6,29,video
242,Aula 7: Quaerat nobis dolorem laudantium accusamus,7,11,video
242,Aula 8: Unde provident tempora placeat natus at,8,24,texto
242,Aula 9: In praesentium iure,9,21,texto
242,Aula 10: Est rerum hic,10,14,video
242,Aula 11: Nobis illum alias amet a,11,43,quiz
242,Aula 12: Doloremque recusandae tempora non vitae aliquam,12,31,texto
243,Aula 1: Officiis perferendis consectetur dolorum perferendis,1,25,texto
243,Aula 2: Occaecati quasi fugit,2,38,texto
243,Aula 3: Iure temporibus eaque nam vero magnam,3,40,quiz
243,Aula 4: Dolor laboriosam totam aut,4,22,quiz
243,Aula 5: Saepe iste quam accusantium,5,5,video
243,Aula 6: A facilis ducimus,6,44,video
243,Aula 7: Doloremque explicabo quasi quis,7,38,texto
243,Aula 8: Deserunt facilis quam cum nihil,8,20,video
243,Aula 9: Id sint officiis,9,22,video
244,Aula 1: Quos rem consequatur distinctio sint,1,28,quiz
244,Aula 2: Consectetur maxime deleniti beatae magni,2,38,video
244,Aula 3: Praesentium sint dignissimos maiores deleniti,3,44,quiz
244,Aula 4: Quasi atque laborum maiores nam asperiores,4,44,texto
244,Aula 5: Aut nobis provident recusandae,5,12,texto
245,Aula 1: Nulla explicabo quia quia,1,6,video
245,Aula 2: Adipisci accusantium ratione nobis voluptatem optio,2,15,texto
245,Aula 3: Laudantium quaerat exercitationem,3,35,quiz
245,Aula 4: Eveniet illo atque,4,39,quiz
245,Aula 5: Dolor dolorem consequatur,5,30,quiz
245,Aula 6: Qui praesentium quidem consequatur delectus quae,6,9,quiz
245,Aula 7: Sequi laboriosam necessitatibus,7,44,video
245,Aula 8: Ex sint asperiores ullam rem sunt,8,32,texto
245,Aula 9: Beatae et consequuntur sunt,9,27,texto
245,Aula 10: Architecto necessitatibus nemo porro dolores,10,39,quiz
245,Aula 11: Ea placeat quaerat assumenda voluptas ipsa,11,43,quiz
245,Aula 12: Eos libero rerum dolore natus,12,43,texto
246,Aula 1: Eum odio dolore,1,36,texto
246,Aula 2: Commodi velit error ipsa,2,19,video
246,Aula 3: Harum doloribus illum,3,36,quiz
246,Aula 4: Eum optio dolore,4,18,quiz
246,Aula 5: Illo iure esse aliquid nisi provident,5,14,video
246,Aula 6: Voluptatem soluta veritatis dignissimos,6,5,texto
246,Aula 7: Ducimus a error ea repellat,7,8,video
246,Aula 8: Pariatur velit reiciendis molestias placeat eum,8,38,texto
246,Aula 9: Mollitia quos veniam quas laudantium veritatis,9,17,texto
246,Aula 10: Inventore voluptas maxime doloribus nisi voluptate,10,25,quiz
246,Aula 11: Deleniti quod cum maiores harum similique,11,27,video
246,Aula 12: Eos recusandae nemo,12,44,texto
246,Aula 13: Accusantium labore ea,13,8,texto
247,Aula 1: Totam aut autem esse at culpa,1,35,video
247,Aula 2: Nam corrupti cum eius,2,12,video
247,Aula 3: Molestiae sequi ab,3,10,video
247,Aula 4: Aliquid magnam ipsum praesentium sed,4,18,quiz
247,Aula 5: Doloremque explicabo aspernatur modi a nam,5,18,quiz
247,Aula 6: Id animi illum,6,19,video
247,Aula 7: Nesciunt pariatur atque eveniet repellat,7,8,texto
247,Aula 8: Quidem reiciendis odio vero,8,39,video
247,Aula 9: Voluptatem odio ullam expedita earum animi,9,29,video
248,Aula 1: Optio fugiat rerum similique,1,30,texto
248,Aula 2: Eligendi corporis vitae est autem atque,2,35,texto
248,Aula 3: Accusamus iusto modi perspiciatis illo rerum,3,40,quiz
248,Aula 4: Reprehenderit molestias accusantium,4,28,quiz
248,Aula 5: Minus sit accusantium ex laboriosam ipsa,5,25,texto
248,Aula 6: Nam consequatur recusandae saepe quibusdam,6,39,video
248,Aula 7: Accusamus maiores molestias,7,42,quiz
248,Aula 8: Voluptatibus facere eveniet reiciendis atque,8,7,texto
248,Aula 9: Soluta corporis hic necessitatibus,9,21,texto
248,Aula 10: Ratione repudiandae consectetur culpa incidunt,10,34,video
248,Aula 11: Odio voluptatum excepturi neque,11,16,texto
248,Aula 12: Provident animi deleniti iste,12,33,quiz
249,Aula 1: Facilis sint id asperiores sit facere soluta,1,22,quiz
249,Aula 2: Dicta alias ab officia excepturi,2,24,video
249,Aula 3: Libero rerum aliquid placeat culpa,3,29,video
249,Aula 4: Corporis minima sint quasi odit,4,35,video
249,Aula 5: Officiis ipsa recusandae veniam consectetur ab,5,7,quiz
249,Aula 6: Sunt qui dolorem laborum,6,22,texto
249,Aula 7: Aut ipsam aperiam,7,41,quiz
249,Aula 8: Quidem quo provident,8,23,video
249,Aula 9: Dicta perspiciatis ab,9,45,quiz
249,Aula 10: Numquam ut officia delectus a omnis,10,15,video
249,Aula 11: Sequi beatae in deserunt hic cum,11,19,quiz
249,Aula 12: Ducimus rerum minima,12,34,texto
249,Aula 13: Aut quos quibusdam magni tempora,13,39,video
249,Aula 14: Unde laudantium totam vero porro dignissimos,14,8,video
250,Aula 1: Facilis doloremque labore,1,20,texto
250,Aula 2: Incidunt unde expedita architecto,2,34,quiz
250,Aula 3: Officia tempora labore deleniti,3,7,texto
250,Aula 4: Asperiores repudiandae debitis totam modi numquam,4,28,video
250,Aula 5: Voluptate natus quod nulla voluptate quaerat,5,40,quiz
250,Aula 6: Exercitationem debitis eius molestias iusto,6,41,video
250,Aula 7: Exercitationem dolorem minus aspernatur quos,7,14,video
250,Aula 8: Officiis reprehenderit tenetur,8,41,quiz
250,Aula 9: Assumenda alias natus laudantium,9,12,quiz
250,Aula 10: Fugiat laudantium odit magni dicta,10,36,texto
251,Aula 1: Tempore non perferendis nobis,1,8,texto
251,Aula 2: Natus animi quae,2,35,texto
251,Aula 3: Perspiciatis sint cumque maiores ea,3,36,video
251,Aula 4: Enim facilis ea exercitationem at corrupti,4,18,texto
251,Aula 5: Possimus provident reiciendis,5,22,video
251,Aula 6: Vitae tempora nisi et a provident,6,28,video
251,Aula 7: Rerum totam rerum sunt,7,10,video
251,Aula 8: Eligendi possimus ex nam corporis,8,20,texto
251,Aula 9: Blanditiis nisi quibusdam praesentium quaerat,9,30,texto
251,Aula 10: Quae autem nam consectetur,10,33,texto
252,Aula 1: Illo eum perferendis id dignissimos quia,1,33,video
252,Aula 2: Quibusdam autem nulla rerum,2,44,video
252,Aula 3: Reiciendis labore autem atque occaecati,3,7,video
252,Aula 4: Odit nihil ullam voluptates dolorum aperiam,4,24,quiz
252,Aula 5: Corrupti sit unde,5,8,video
252,Aula 6: Atque earum dolore,6,7,video
253,Aula 1: Recusandae accusamus non minima eveniet,1,38,video
253,Aula 2: Corporis corporis suscipit quisquam,2,20,video
253,Aula 3: Neque magni quo officia deserunt sit,3,18,quiz
253,Aula 4: Temporibus laboriosam eveniet inventore id,4,27,quiz
253,Aula 5: Quod aliquid veritatis sapiente,5,27,quiz
253,Aula 6: Nihil quasi sit dolorum eos consectetur,6,45,texto
253,Aula 7: Excepturi quas cumque deserunt illo impedit,7,19,quiz
253,Aula 8: Totam dolores dolore temporibus quam,8,11,video
253,Aula 9: Tempore debitis nemo accusamus,9,7,texto
253,Aula 10: Quod earum dignissimos,10,26,texto
253,Aula 11: Eius illo temporibus delectus sint blanditiis,11,8,video
253,Aula 12: Nihil eum nulla mollitia laborum minima sed,12,39,quiz
253,Aula 13: Non deleniti iusto neque,13,8,texto
254,Aula 1: Voluptatibus illum dolor,1,24,quiz
254,Aula 2: Nam ipsum eos,2,39,video
254,Aula 3: Tempore beatae laboriosam,3,19,quiz
254,Aula 4: Expedita facilis sint,4,27,texto
254,Aula 5: Dignissimos quaerat magni impedit maiores autem,5,27,quiz
254,Aula 6: Dolores necessitatibus quaerat,6,10,video
254,Aula 7: Perspiciatis quae tenetur architecto modi,7,7,quiz
254,Aula 8: Nobis vel labore est impedit,8,42,quiz
254,Aula 9: Quod nostrum in perspiciatis occaecati animi,9,41,texto
254,Aula 10: Sapiente nostrum ad similique,10,28,video
255,Aula 1: Veniam tempora tempore aspernatur nulla facilis,1,11,quiz
255,Aula 2: Corrupti neque autem eos beatae ipsam,2,8,video
255,Aula 3: Culpa iste omnis repudiandae repellat,3,33,texto
255,Aula 4: Officiis architecto quia ab minima,4,35,quiz
255,Aula 5: Modi tenetur dolor,5,34,quiz
255,Aula 6: Nobis voluptates quia et eligendi,6,42,quiz
255,Aula 7: Voluptate recusandae dicta itaque molestiae,7,24,texto
255,Aula 8: Nihil nisi quisquam aliquid quam,8,13,video
255,Aula 9: Officiis molestiae maiores fugiat reprehenderit,9,20,quiz
255,Aula 10: Aut dolores quidem dicta pariatur praesentium,10,45,texto
255,Aula 11: Repellat quisquam similique,11,33,quiz
255,Aula 12: Cum consequatur doloribus dicta reiciendis,12,22,texto
256,Aula 1: Expedita atque consectetur,1,25,video
256,Aula 2: Consequatur impedit nam incidunt,2,31,video
256,Aula 3: Officia quae fugit,3,31,texto
256,Aula 4: Sunt ratione nemo,4,9,video
256,Aula 5: Soluta ea illum quos,5,21,quiz
256,Aula 6: Quaerat quisquam harum architecto necessitatibus optio,6,40,quiz
256,Aula 7: Sunt quibusdam beatae aliquid repellendus,7,43,video
256,Aula 8: Magni earum odio consequuntur delectus culpa,8,25,texto
256,Aula 9: Incidunt error fugit,9,31,video
256,Aula 10: Perferendis qui nihil,10,7,video
256,Aula 11: Illum quibusdam debitis rerum sit,11,44,quiz
256,Aula 12: Ex veniam incidunt totam quis cupiditate,12,40,texto
256,Aula 13: Totam saepe molestias voluptatem odit expedita,13,38,video
257,Aula 1: Veritatis modi nam quasi laborum sit,1,17,quiz
257,Aula 2: Optio exercitationem voluptas repudiandae,2,31,video
257,Aula 3: Velit dolores aperiam,3,18,video
257,Aula 4: Aspernatur omnis illo quod,4,26,texto
257,Aula 5: Dolore dolorem reiciendis vitae,5,42,video
257,Aula 6: Perspiciatis vel beatae aperiam,6,22,quiz
257,Aula 7: Dolore impedit reiciendis,7,11,video
258,Aula 1: Nostrum nostrum necessitatibus provident saepe non,1,38,video
258,Aula 2: Eveniet sint sed dolorem corporis,2,9,quiz
258,Aula 3: Cumque doloribus repellendus,3,41,quiz
258,Aula 4: Natus perferendis dolorum,4,25,quiz
258,Aula 5: Totam sunt officia ad vel,5,24,texto
258,Aula 6: A numquam tenetur suscipit nisi dignissimos quaerat,6,12,video
258,Aula 7: Amet odio soluta perferendis nihil temporibus,7,35,texto
258,Aula 8: Ratione consequatur perferendis molestiae unde,8,19,texto
258,Aula 9: Asperiores harum debitis facere mollitia,9,29,video
259,Aula 1: Ipsam quas libero facere optio,1,44,video
259,Aula 2: Repudiandae dignissimos possimus aliquid explicabo,2,35,video
259,Aula 3: Laboriosam quaerat unde,3,14,video
259,Aula 4: Reprehenderit ea expedita ipsum sequi,4,29,texto
259,Aula 5: Cumque tempora sit laborum quas,5,29,video
259,Aula 6: Occaecati minus ratione,6,43,quiz
259,Aula 7: Vitae voluptas suscipit culpa maxime,7,39,quiz
259,Aula 8: Aliquid ipsa ipsa aut maiores,8,27,quiz
259,Aula 9: Dolor eveniet aliquid,9,25,quiz
259,Aula 10: Blanditiis blanditiis incidunt,10,20,video
259,Aula 11: Quos nisi tempora quasi adipisci,11,23,texto
259,Aula 12: Non error recusandae explicabo optio facere,12,30,texto
259,Aula 13: Quia vero laborum,13,43,quiz
259,Aula 14: Sapiente aliquid atque nihil atque quas,14,15,texto
260,Aula 1: Suscipit assumenda cum,1,7,video
260,Aula 2: Illo nesciunt ducimus,2,27,quiz
260,Aula 3: Eveniet quisquam corporis facilis dolores,3,38,video
260,Aula 4: Iste ea repellendus adipisci minus,4,37,video
260,Aula 5: Aliquid aspernatur molestias itaque,5,27,texto
260,Aula 6: Voluptas laboriosam quibusdam doloribus,6,15,quiz
260,Aula 7: Pariatur nobis laborum quaerat non,7,6,texto
260,Aula 8: Quas rem beatae velit,8,24,quiz
260,Aula 9: Rem ducimus sit,9,43,texto
261,Aula 1: Modi hic qui perspiciatis vitae,1,10,texto
261,Aula 2: Quibusdam voluptatem eveniet,2,34,video
261,Aula 3: Nesciunt quos velit,3,37,quiz
261,Aula 4: Pariatur illo occaecati ipsum necessitatibus id,4,27,quiz
261,Aula 5: Quibusdam doloremque architecto rem earum,5,45,quiz
261,Aula 6: Beatae quod optio,6,10,video
261,Aula 7: Debitis sunt eum,7,25,video
261,Aula 8: Distinctio tempore saepe,8,17,texto
262,Aula 1: Numquam quas provident dolor tempora,1,38,video
262,Aula 2: Fugit officiis necessitatibus vitae,2,33,texto
262,Aula 3: Nisi laudantium officia cupiditate ipsa,3,18,video
262,Aula 4: Recusandae rem harum,4,5,quiz
262,Aula 5: Labore atque quas laborum,5,28,video
262,Aula 6: Eveniet autem blanditiis,6,43,texto
262,Aula 7: Voluptates asperiores et dicta cum inventore,7,25,texto
262,Aula 8: Illo deserunt explicabo,8,18,video
262,Aula 9: Nam beatae facilis,9,36,quiz
262,Aula 10: Magni vero sequi,10,11,video
263,Aula 1: Dolorem adipisci ipsa,1,34,texto
263,Aula 2: Eius quia modi laborum,2,21,quiz
263,Aula 3: Hic doloremque rem laboriosam sed molestias,3,21,quiz
263,Aula 4: Reiciendis sapiente beatae,4,20,quiz
263,Aula 5: Corporis quam quos voluptatibus expedita in,5,12,quiz
263,Aula 6: Omnis iste nulla,6,31,quiz
264,Aula 1: Laborum eveniet quisquam magnam,1,42,video
264,Aula 2: Fugit quaerat voluptatem modi ipsa qui,2,30,video
264,Aula 3: Odit quibusdam non labore totam,3,39,video
264,Aula 4: Impedit quo exercitationem unde delectus,4,19,video
264,Aula 5: Aliquam sequi ullam,5,18,video
264,Aula 6: Nostrum eaque ea totam aliquam molestias,6,23,texto
264,Aula 7: Occaecati beatae possimus eligendi,7,28,quiz
264,Aula 8: Voluptates nihil quos quaerat optio repellendus,8,18,quiz
265,Aula 1: Fugit laborum quisquam nesciunt,1,17,quiz
265,Aula 2: Ex ducimus quibusdam ea,2,10,quiz
265,Aula 3: Dolores atque reprehenderit voluptas,3,8,video
265,Aula 4: Hic cumque exercitationem perspiciatis voluptates dolorum aspernatur,4,37,video
265,Aula 5: Dolorem accusamus in,5,23,video
265,Aula 6: Mollitia repellat reprehenderit temporibus iure,6,26,quiz
265,Aula 7: Explicabo deleniti reiciendis odit commodi,7,25,video
265,Aula 8: Provident quibusdam explicabo ipsum omnis,8,43,video
265,Aula 9: Dignissimos aliquid rem eaque architecto,9,22,quiz
265,Aula 10: Harum repellendus excepturi,10,27,texto
265,Aula 11: Illo expedita nam laboriosam,11,18,quiz
265,Aula 12: Amet magnam a et similique qui,12,9,quiz
266,Aula 1: Aliquam eum veniam qui ullam ipsa,1,7,video
266,Aula 2: Amet hic adipisci nobis,2,17,video
266,Aula 3: Vero maiores eos velit repellendus,3,35,texto
266,Aula 4: Laborum quaerat iure,4,26,texto
266,Aula 5: Reiciendis architecto velit voluptatum,5,19,video
266,Aula 6: Adipisci accusamus corporis,6,12,texto
266,Aula 7: Harum aspernatur eos,7,33,quiz
266,Aula 8: Expedita perspiciatis sequi,8,26,video
266,Aula 9: Modi necessitatibus mollitia officia mollitia iusto,9,22,texto
266,Aula 10: Deserunt perferendis minus iure incidunt magni,10,30,video
266,Aula 11: Perferendis veritatis a eaque sint corrupti,11,25,texto
266,Aula 12: Sit incidunt reprehenderit,12,25,video
266,Aula 13: Animi possimus quasi aliquid et,13,10,quiz
267,Aula 1: Iste delectus ducimus dolor,1,29,texto
267,Aula 2: Consequatur veniam cum ab nihil,2,11,texto
267,Aula 3: Qui impedit hic quam alias quae,3,40,quiz
267,Aula 4: Fugit laborum reiciendis non aliquam,4,12,video
267,Aula 5: Atque enim dolore ducimus autem,5,25,texto
267,Aula 6: Eum odit cumque ipsa,6,26,texto
267,Aula 7: Consequuntur deleniti quisquam quas,7,45,video
267,Aula 8: Dolores ea et quo illum repellendus,8,19,texto
267,Aula 9: Beatae harum itaque ab,9,27,texto
268,Aula 1: Autem non adipisci,1,41,quiz
268,Aula 2: Quod dolor esse cum aliquam,2,19,quiz
268,Aula 3: Neque provident ex,3,43,quiz
268,Aula 4: Explicabo odit aspernatur ipsa inventore vel,4,32,quiz
268,Aula 5: Quisquam quae distinctio aut corporis,5,17,texto
268,Aula 6: Nostrum nam cum similique quaerat,6,44,video
268,Aula 7: Quaerat a officia placeat,7,5,video
268,Aula 8: Libero nostrum culpa,8,41,quiz
268,Aula 9: Magnam temporibus et nihil,9,17,texto
268,Aula 10: Dignissimos doloribus fugiat,10,29,video
268,Aula 11: A quos assumenda harum,11,31,quiz
268,Aula 12: Repudiandae exercitationem laudantium nihil,12,43,texto
268,Aula 13: Debitis harum sapiente,13,15,texto
269,Aula 1: Aliquid mollitia voluptates incidunt,1,17,quiz
269,Aula 2: Illum temporibus dolorem quaerat,2,40,quiz
269,Aula 3: Sapiente ipsam nemo tempora,3,32,video
269,Aula 4: Debitis hic architecto,4,36,video
269,Aula 5: Nam quisquam inventore,5,15,texto
269,Aula 6: Facilis nisi maiores quisquam,6,34,texto
269,Aula 7: Veritatis itaque itaque tempora consequatur,7,40,quiz
269,Aula 8: Atque nisi similique,8,32,video
270,Aula 1: Pariatur consectetur quidem,1,43,quiz
270,Aula 2: Reprehenderit optio totam,2,22,video
270,Aula 3: Architecto labore voluptatem non odit,3,30,video
270,Aula 4: Maxime iure voluptas nostrum fuga,4,15,video
270,Aula 5: Ad quos ipsum blanditiis,5,35,video
271,Aula 1: Dolor eveniet libero id expedita,1,27,texto
271,Aula 2: Laboriosam corporis sequi modi molestias,2,13,quiz
271,Aula 3: Expedita alias voluptas fugiat,3,43,texto
271,Aula 4: Eligendi nostrum totam corporis consequuntur,4,24,texto
271,Aula 5: Officia assumenda in fugiat occaecati quibusdam,5,34,video
271,Aula 6: Enim nihil totam facilis alias,6,13,texto
271,Aula 7: Commodi dignissimos quia veniam,7,42,video
271,Aula 8: Optio temporibus commodi molestias non,8,10,video
271,Aula 9: Magnam provident alias totam voluptates,9,7,texto
271,Aula 10: Rerum facere recusandae aliquam rem hic,10,32,quiz
272,Aula 1: Quos ipsam dolore inventore,1,23,video
272,Aula 2: Nulla vitae molestias,2,13,quiz
272,Aula 3: Delectus debitis sequi,3,8,quiz
272,Aula 4: Aliquam sed unde atque recusandae,4,30,video
272,Aula 5: Iure corporis recusandae quasi assumenda,5,11,texto
272,Aula 6: Voluptates iure officiis,6,40,quiz
272,Aula 7: Fuga explicabo ipsum,7,37,quiz
272,Aula 8: Dolores culpa consectetur quas non sit,8,8,texto
272,Aula 9: Quaerat beatae suscipit,9,38,quiz
272,Aula 10: Amet eius accusamus illum labore,10,41,texto
272,Aula 11: Quos iure doloremque minima,11,35,quiz
272,Aula 12: Et temporibus modi assumenda aliquid minima,12,34,video
272,Aula 13: Officia delectus vero voluptas nostrum dolorum aliquid,13,43,quiz
272,Aula 14: Consequuntur nam tenetur,14,15,quiz
272,Aula 15: Quasi atque ipsa,15,29,texto
273,Aula 1: Eum totam temporibus,1,5,quiz
273,Aula 2: Sint dicta sunt iste asperiores doloribus,2,20,quiz
273,Aula 3: Ipsam cumque quos,3,32,video
273,Aula 4: Soluta totam illo,4,25,video
273,Aula 5: Voluptates blanditiis eligendi quae aliquam veritatis,5,33,texto
273,Aula 6: Hic dolorem nam reprehenderit,6,11,video
273,Aula 7: Quas labore quibusdam,7,38,video
273,Aula 8: Voluptatibus eius inventore voluptatibus ad consequatur,8,30,video
273,Aula 9: Qui eum asperiores numquam,9,5,video
273,Aula 10: Ducimus atque itaque debitis maiores corrupti,10,17,texto
273,Aula 11: Quas nesciunt perferendis omnis voluptate,11,28,video
273,Aula 12: Voluptatibus labore eius hic in,12,22,quiz
273,Aula 13: Iusto et repudiandae saepe aliquam,13,43,video
273,Aula 14: Consectetur atque facilis maiores beatae officiis,14,13,video
274,Aula 1: Consectetur voluptatibus eius eius eveniet,1,6,video
274,Aula 2: Id commodi dicta est,2,36,texto
274,Aula 3: Aspernatur aspernatur provident dignissimos,3,15,video
274,Aula 4: Dolore provident quam impedit,4,45,quiz
274,Aula 5: Accusamus doloribus atque doloremque quaerat,5,26,texto
274,Aula 6: Autem distinctio quibusdam,6,23,quiz
274,Aula 7: Ab ipsa occaecati architecto est harum,7,34,quiz
274,Aula 8: Quis nulla assumenda assumenda,8,28,quiz
274,Aula 9: Architecto saepe adipisci eius,9,30,quiz
274,Aula 10: Repudiandae saepe beatae,10,18,quiz
274,Aula 11: Optio voluptatum nesciunt sapiente,11,29,texto
275,Aula 1: Delectus ratione corrupti molestias voluptatibus,1,42,video
275,Aula 2: Delectus quae qui tempore,2,33,quiz
275,Aula 3: Quaerat pariatur modi nesciunt cumque dolore,3,18,quiz
275,Aula 4: Autem nisi doloribus adipisci,4,10,texto
275,Aula 5: Labore voluptate quod,5,42,video
275,Aula 6: Maxime ullam accusantium,6,44,quiz
275,Aula 7: Delectus dolor ut,7,7,texto
275,Aula 8: Sunt voluptatem voluptas,8,9,quiz
275,Aula 9: Nostrum nemo voluptates fuga possimus aperiam,9,17,texto
275,Aula 10: In et consequatur saepe velit,10,43,texto
275,Aula 11: Corporis officiis molestias nam nam magnam quas,11,7,quiz
275,Aula 12: Earum facere veritatis eum,12,44,texto
275,Aula 13: Qui reiciendis alias officia error,13,9,texto
275,Aula 14: Nobis eum laboriosam,14,22,texto
275,Aula 15: Aliquid repellendus laboriosam aut possimus ab,15,7,video
276,Aula 1: Doloremque fugiat molestias distinctio,1,6,video
276,Aula 2: Ea dolores doloribus asperiores,2,26,quiz
276,Aula 3: Aliquid esse hic eligendi,3,21,texto
276,Aula 4: Laudantium dolores aliquid deleniti dolores laudantium,4,42,video
276,Aula 5: Reprehenderit rerum quibusdam accusantium,5,27,video
276,Aula 6: Debitis at rerum,6,42,quiz
276,Aula 7: Labore minima ratione amet eos perspiciatis,7,12,quiz
276,Aula 8: Quasi cupiditate voluptas voluptates velit,8,16,video
276,Aula 9: Quisquam alias minima quidem voluptatum id,9,32,quiz
276,Aula 10: Iure quis aperiam veniam nesciunt,10,13,texto
276,Aula 11: Consequatur pariatur iste porro soluta,11,8,texto
276,Aula 12: Nam corrupti quae porro porro,12,14,texto
276,Aula 13: Maiores quam commodi,13,16,video
276,Aula 14: Pariatur aliquid cupiditate libero,14,8,video
277,Aula 1: Omnis dolore eveniet voluptate,1,11,quiz
277,Aula 2: Dolor veniam excepturi deserunt,2,29,quiz
277,Aula 3: Velit perspiciatis ad eligendi a accusamus,3,21,video
277,Aula 4: Hic consequuntur rerum,4,9,video
277,Aula 5: Dolor natus ipsam inventore harum rerum,5,16,texto
277,Aula 6: Officiis fugit porro reiciendis sapiente,6,31,texto
277,Aula 7: Laudantium rem aspernatur animi cupiditate excepturi,7,42,quiz
277,Aula 8: Excepturi veritatis libero modi fuga fugiat,8,17,video
277,Aula 9: Cum repellat eligendi quia esse,9,31,texto
277,Aula 10: Laborum dolor itaque unde,10,12,texto
277,Aula 11: Id repellat debitis nihil,11,17,quiz
277,Aula 12: Natus excepturi officiis libero nostrum similique,12,35,quiz
277,Aula 13: Nobis ab molestiae,13,30,texto
277,Aula 14: Veritatis modi hic,14,23,quiz
278,Aula 1: Neque vero veniam dolor,1,6,texto
278,Aula 2: Molestiae voluptates fuga cupiditate quos corporis,2,17,texto
278,Aula 3: Modi voluptate vel in,3,23,video
278,Aula 4: Ipsam officia quo cumque,4,38,quiz
278,Aula 5: Officia in expedita,5,17,video
278,Aula 6: Quod nulla ad blanditiis corrupti,6,28,texto
278,Aula 7: Voluptas magnam aliquid hic,7,38,video
278,Aula 8: Repudiandae consectetur eius sed necessitatibus accusantium,8,15,texto
278,Aula 9: Quam optio quaerat totam quibusdam aspernatur,9,41,texto
278,Aula 10: Possimus incidunt fugiat,10,9,texto
278,Aula 11: Dolore laborum quae,11,13,texto
278,Aula 12: Laudantium at debitis dignissimos,12,34,video
278,Aula 13: Distinctio porro enim facere culpa cupiditate,13,28,video
279,Aula 1: Inventore iure iusto,1,34,texto
279,Aula 2: Non in quis repellendus molestiae,2,11,texto
279,Aula 3: Quibusdam unde atque,3,42,texto
279,Aula 4: Quae excepturi ratione expedita sunt,4,9,video
279,Aula 5: Earum facere qui,5,38,texto
279,Aula 6: Beatae porro itaque consectetur,6,10,quiz
280,Aula 1: Nulla nemo illum pariatur eum,1,18,quiz
280,Aula 2: Amet beatae quod molestias quae dicta,2,45,quiz
280,Aula 3: Doloribus eius a vel,3,44,video
280,Aula 4: Culpa accusamus eos magnam earum,4,20,texto
280,Aula 5: Recusandae aliquid quibusdam,5,22,video
280,Aula 6: Tenetur distinctio assumenda,6,32,texto
280,Aula 7: Pariatur hic laudantium,7,23,texto
280,Aula 8: Recusandae ratione esse sint,8,45,quiz
280,Aula 9: Deleniti cum sed autem atque quos,9,33,video
280,Aula 10: Voluptatum enim quae illo necessitatibus,10,5,video
281,Aula 1: Possimus doloribus at repellat molestiae,1,42,video
281,Aula 2: Magni eveniet dolore,2,6,video
281,Aula 3: Numquam architecto explicabo,3,19,texto
281,Aula 4: Dolore doloribus molestias,4,24,texto
281,Aula 5: Deleniti molestiae nulla animi,5,41,quiz
281,Aula 6: Incidunt deleniti quibusdam,6,8,quiz
281,Aula 7: Quod quidem sapiente ut quae,7,20,quiz
282,Aula 1: Cupiditate tempora atque consectetur,1,29,video
282,Aula 2: Eum fugiat eum iusto,2,7,video
282,Aula 3: Necessitatibus error totam,3,39,quiz
282,Aula 4: Saepe harum neque reiciendis odio,4,35,quiz
282,Aula 5: Ipsa corporis doloremque nihil,5,24,texto
282,Aula 6: Quasi laudantium totam eius ducimus accusantium,6,21,video
282,Aula 7: Minima ea quis pariatur ipsam,7,6,texto
282,Aula 8: Doloribus laborum quisquam minus repellat iusto,8,10,texto
282,Aula 9: Eum praesentium ratione,9,22,quiz
282,Aula 10: A atque ullam,10,24,texto
282,Aula 11: Eaque dolore harum id,11,29,video
282,Aula 12: Ea iste architecto eius voluptatibus minima,12,17,texto
282,Aula 13: Cupiditate dolore doloribus delectus,13,13,quiz
282,Aula 14: Neque fugit praesentium atque laborum incidunt,14,32,texto
283,Aula 1: Repellat amet est perspiciatis,1,8,quiz
283,Aula 2: Dolor dicta aliquam,2,8,quiz
283,Aula 3: Atque expedita nobis,3,38,quiz
283,Aula 4: Facilis alias nobis accusamus ut,4,43,texto
283,Aula 5: Repudiandae molestias culpa,5,8,texto
284,Aula 1: Nesciunt praesentium soluta,1,16,texto
284,Aula 2: Rerum voluptate excepturi excepturi officiis qui,2,16,texto
284,Aula 3: Officiis natus dolorum iusto voluptas,3,19,texto
284,Aula 4: Architecto adipisci eligendi,4,29,texto
284,Aula 5: Vitae quas animi sit,5,27,video
284,Aula 6: Occaecati impedit praesentium at aliquid,6,19,video
284,Aula 7: Accusantium dolorem dolor ullam sunt perferendis aut,7,42,video
284,Aula 8: Laboriosam pariatur optio voluptatum quis,8,31,texto
284,Aula 9: Numquam optio aspernatur excepturi numquam pariatur,9,39,quiz
284,Aula 10: Nam amet eveniet,10,34,video
284,Aula 11: Nihil occaecati eos,11,27,quiz
284,Aula 12: Officiis veritatis quas,12,42,quiz
284,Aula 13: Dolorem sint nemo inventore consequuntur,13,31,video
284,Aula 14: Est exercitationem corporis,14,12,video
285,Aula 1: Sapiente saepe doloribus facere fugiat,1,8,texto
285,Aula 2: Facilis dolores culpa enim nemo facere,2,40,texto
285,Aula 3: Magni voluptatum ratione voluptatibus officia autem,3,41,video
285,Aula 4: Accusamus ex vel ad aliquam voluptas,4,20,video
285,Aula 5: Accusamus asperiores nihil doloribus hic,5,40,quiz
285,Aula 6: Assumenda ex harum eligendi iure,6,25,video
285,Aula 7: Et eaque ut sequi rem,7,27,video
286,Aula 1: Culpa autem culpa,1,35,video
286,Aula 2: Asperiores ad assumenda quidem aspernatur,2,45,video
286,Aula 3: Sunt quo ullam,3,18,video
286,Aula 4: Atque nostrum at cumque doloremque iste,4,38,video
286,Aula 5: Temporibus odit amet possimus aut,5,14,texto
286,Aula 6: Odit vero molestias voluptatum velit,6,45,quiz
286,Aula 7: Amet sunt deleniti doloribus similique vel,7,9,quiz
286,Aula 8: Reiciendis dolor eos dolor,8,24,quiz
286,Aula 9: Hic dignissimos cupiditate alias,9,16,video
287,Aula 1: Mollitia velit corporis,1,16,video
287,Aula 2: Consectetur assumenda velit totam nemo magni,2,37,quiz
287,Aula 3: Eius iste consequatur fuga,3,25,video
287,Aula 4: Suscipit commodi ducimus perspiciatis,4,11,video
287,Aula 5: Doloremque autem ipsam amet voluptate minima,5,28,video
287,Aula 6: Molestiae nostrum odio sapiente,6,25,quiz
287,Aula 7: Necessitatibus nobis recusandae,7,14,texto
287,Aula 8: Sunt ipsam iusto debitis,8,5,quiz
287,Aula 9: Aperiam omnis praesentium cum enim cumque,9,39,video
287,Aula 10: Accusantium recusandae illo natus quas,10,32,texto
288,Aula 1: Excepturi consequuntur quasi in consequuntur,1,41,video
288,Aula 2: Veniam commodi assumenda ducimus ipsam voluptatem,2,41,video
288,Aula 3: Cupiditate libero itaque officiis deleniti,3,14,quiz
288,Aula 4: Repellat perferendis consequatur praesentium a vero,4,17,video
288,Aula 5: Aperiam quod incidunt omnis praesentium officiis,5,38,texto
288,Aula 6: Nam harum ipsam,6,6,texto
288,Aula 7: Hic sequi esse ducimus fuga beatae,7,11,texto
288,Aula 8: Quos vel voluptas,8,7,video
288,Aula 9: Hic optio dicta dolorem praesentium laudantium,9,6,video
288,Aula 10: Voluptatibus voluptate pariatur et maxime magnam,10,15,texto
288,Aula 11: Accusantium porro doloremque quos illum nesciunt,11,37,texto
288,Aula 12: Ab deleniti et,12,37,video
288,Aula 13: Distinctio possimus dolores quasi,13,13,texto
289,Aula 1: Ea fugit rem,1,29,texto
289,Aula 2: Facilis dolore veniam perferendis temporibus,2,36,video
289,Aula 3: Necessitatibus quae animi,3,22,texto
289,Aula 4: Magnam odio est distinctio illum,4,13,quiz
289,Aula 5: Nobis facilis consequuntur voluptas nihil,5,32,quiz
289,Aula 6: Accusamus quia explicabo tenetur velit,6,24,texto
289,Aula 7: Deserunt temporibus ipsum repudiandae assumenda,7,8,video
289,Aula 8: Ipsam modi exercitationem fugiat minima nostrum,8,32,texto
289,Aula 9: Quibusdam natus placeat aperiam est vitae,9,8,quiz
289,Aula 10: Praesentium temporibus quos,10,16,texto
290,Aula 1: Eveniet atque voluptas,1,24,quiz
290,Aula 2: Alias asperiores at corrupti,2,20,video
290,Aula 3: Eligendi eveniet quam quis,3,16,video
290,Aula 4: Nihil molestiae repellat corporis,4,10,texto
290,Aula 5: Rem blanditiis modi,5,41,texto
290,Aula 6: Tenetur deserunt perferendis,6,11,quiz
291,Aula 1: Porro corporis labore non expedita officiis,1,30,video
291,Aula 2: Placeat ab assumenda,2,10,quiz
291,Aula 3: Recusandae incidunt voluptate,3,24,video
291,Aula 4: Voluptates quidem quas amet libero saepe,4,34,quiz
291,Aula 5: Deserunt repellat dolorem fugit,5,27,video
291,Aula 6: Nam nam sint,6,9,texto
291,Aula 7: Minus illo illum exercitationem,7,24,video
