matricula_id,aula_id,concluida,data_conclusao,tempo_assistido_minutos
1,877,True,2025-02-18T11:37:28-03:00,10
1,847,True,2025-01-18T18:14:21-03:00,25
1,857,True,2025-09-18T13:17:18-03:00,37
1,876,False,,29
1,881,True,2024-11-07T05:19:26-03:00,41
1,839,False,,21
1,842,True,2025-09-09T21:29:32-03:00,8
1,882,True,2025-06-14T06:50:21-03:00,54
1,859,False,,27
1,834,True,2025-05-27T06:19:04-03:00,21
1,892,False,,55
1,837,True,2024-12-10T00:53:38-03:00,44
1,871,False,,29
1,852,False,,13
1,896,False,,52
1,836,True,2025-05-23T10:54:37-03:00,58
1,856,True,2025-03-30T23:34:08-03:00,27
1,850,True,2025-08-24T04:07:28-03:00,49
1,854,False,,23
1,895,True,2024-10-31T18:46:08-03:00,8
1,838,True,2025-04-13T01:38:06-03:00,51
1,875,True,2024-10-25T06:55:06-03:00,54
1,902,True,2025-07-28T04:14:12-03:00,24
1,841,True,2025-01-11T01:57:51-03:00,40
1,860,False,,29
1,893,True,2025-01-27T01:55:24-03:00,34
1,883,True,2024-11-17T00:32:49-03:00,51
1,898,True,2024-11-08T10:12:30-03:00,21
1,901,True,2024-10-20T19:36:39-03:00,57
1,865,False,,28
1,840,True,2025-08-02T08:46:04-03:00,29
1,891,True,2025-09-30T16:32:16-03:00,34
1,835,True,2024-11-29T22:19:06-03:00,33
1,873,False,,56
1,904,True,2025-02-06T21:17:23-03:00,33
1,855,False,,25
1,903,False,,17
1,866,True,2024-12-13T05:26:05-03:00,49
1,884,False,,35
1,899,True,2025-03-09T04:06:17-03:00,27
1,886,True,2025-03-09T11:35:38-03:00,43
1,849,True,2024-10-29T00:56:29-03:00,41
1,874,True,2025-08-31T22:12:16-03:00,5
1,843,True,2024-10-27T11:08:12-03:00,32
1,867,True,2024-10-31T10:09:26-03:00,12
1,868,False,,44
1,833,True,2025-06-13T10:12:49-03:00,44
1,872,True,2025-07-02T01:17:11-03:00,21
1,889,True,2025-04-02T14:53:34-03:00,55
1,885,True,2025-05-06T04:23:46-03:00,31
1,878,True,2025-08-17T10:15:11-03:00,20
1,853,True,2025-10-12T14:44:39-03:00,50
1,879,True,2025-09-01T13:32:04-03:00,26
1,888,False,,58
2,1000,True,2025-05-16T13:03:36-03:00,18
2,980,True,2025-08-27T04:56:32-03:00,54
2,999,True,2025-09-16T06:44:44-03:00,29
2,1025,True,2025-01-22T16:26:08-03:00,45
2,988,True,2024-11-07T05:23:08-03:00,17
2,1032,True,2025-06-08T17:02:28-03:00,60
2,1011,True,2025-03-22T14:24:05-03:00,22
2,997,True,2024-11-30T03:34:17-03:00,52
2,1018,True,2025-10-07T05:45:20-03:00,28
2,993,True,2025-07-09T00:10:16-03:00,10
2,1031,True,2024-11-14T03:19:26-03:00,36
2,978,False,,55
2,991,True,2025-10-14T06:25:33-03:00,57
2,1024,True,2025-02-20T14:38:04-03:00,16
2,998,True,2024-11-25T14:33:28-03:00,18
2,1021,True,2025-01-08T12:27:50-03:00,33
2,990,False,,42
2,985,True,2025-07-03T10:18:51-03:00,37
2,1007,True,2025-05-23T15:48:47-03:00,23
2,1008,True,2025-04-01T12:40:44-03:00,42
2,982,True,2025-06-22T22:26:19-03:00,44
2,995,False,,44
2,1002,True,2025-06-09T23:48:54-03:00,7
2,987,True,2025-06-29T04:11:57-03:00,19
2,1017,True,2025-08-18T05:30:09-03:00,14
2,983,True,2025-07-10T06:20:48-03:00,60
2,1009,False,,18
2,1022,True,2025-07-23T01:03:19-03:00,51
2,1028,True,2025-06-02T23:03:46-03:00,51
2,996,True,2025-08-23T15:40:36-03:00,33
4,1847,True,2025-03-25T05:09:29-03:00,12
4,1864,False,,14
4,1797,True,2025-03-12T20:43:28-03:00,18
4,1790,False,,33
4,1838,True,2025-03-24T06:24:16-03:00,14
4,1818,True,2025-07-04T23:19:29-03:00,33
4,1819,True,2024-11-04T05:55:16-03:00,16
4,1821,True,2025-05-17T16:28:35-03:00,45
4,1794,True,2025-10-02T08:59:46-03:00,27
4,1859,False,,47
4,1837,False,,41
4,1844,True,2025-01-08T03:00:07-03:00,52
4,1832,True,2025-03-25T20:59:58-03:00,26
4,1846,True,2024-10-25T03:40:38-03:00,28
4,1839,True,2025-06-08T13:29:16-03:00,38
4,1813,True,2025-05-31T03:34:25-03:00,22
4,1860,False,,11
4,1854,True,2025-10-03T06:49:18-03:00,44
4,1848,True,2025-04-30T08:37:16-03:00,23
4,1805,False,,42
4,1799,True,2024-11-06T02:38:45-03:00,40
4,1831,False,,34
4,1852,True,2025-08-27T12:12:21-03:00,12
4,1808,True,2025-02-25T12:52:00-03:00,33
4,1861,True,2025-04-02T23:32:19-03:00,56
4,1811,False,,7
4,1863,True,2025-06-14T20:08:24-03:00,51
4,1840,True,2025-05-14T02:40:00-03:00,13
4,1795,True,2025-06-06T13:58:15-03:00,32
4,1810,True,2025-06-08T16:03:00-03:00,45
4,1867,True,2025-04-07T07:27:37-03:00,16
4,1800,True,2024-12-19T03:33:27-03:00,60
4,1817,True,2025-01-15T22:03:47-03:00,20
4,1792,True,2025-06-15T22:00:10-03:00,8
4,1803,True,2024-12-12T23:26:45-03:00,29
4,1830,False,,42
4,1814,True,2025-09-28T05:58:58-03:00,19
4,1807,True,2025-03-30T22:31:29-03:00,41
4,1842,True,2024-11-22T10:47:31-03:00,11
4,1858,True,2025-06-26T04:14:17-03:00,10
4,1836,True,2025-09-19T23:41:32-03:00,45
4,1857,True,2025-03-15T02:31:59-03:00,53
4,1856,True,2025-07-03T04:47:18-03:00,31
4,1801,True,2025-08-17T18:51:44-03:00,56
5,520,True,2025-10-09T11:52:58-03:00,41
5,507,True,2024-12-04T09:04:54-03:00,29
5,519,True,2025-06-17T07:58:26-03:00,32
5,477,True,2025-10-01T12:09:27-03:00,28
5,514,False,,27
5,516,True,2025-01-14T22:33:24-03:00,39
5,467,True,2025-04-23T00:17:05-03:00,24
5,476,True,2025-09-25T04:12:41-03:00,19
5,483,True,2024-10-28T14:17:58-03:00,22
5,468,False,,8
5,479,False,,51
5,454,False,,60
5,490,True,2025-06-27T09:21:02-03:00,14
5,456,True,2025-02-18T05:43:16-03:00,54
5,455,False,,23
5,485,False,,28
5,465,True,2025-08-01T21:29:55-03:00,17
5,494,True,2024-10-21T16:59:40-03:00,40
5,478,False,,42
5,525,True,2025-04-01T15:16:26-03:00,7
5,458,True,2025-08-03T18:28:27-03:00,11
5,504,True,2025-07-14T05:17:22-03:00,30
5,515,True,2024-12-17T18:40:36-03:00,42
5,474,True,2025-06-25T15:06:41-03:00,9
5,517,False,,60
5,463,True,2024-10-29T19:59:19-03:00,9
5,499,False,,23
5,460,True,2025-04-23T09:36:01-03:00,27
5,457,True,2025-01-15T02:21:04-03:00,37
5,501,False,,30
5,491,True,2024-12-21T00:09:22-03:00,15
5,513,True,2025-04-02T22:57:57-03:00,60
5,487,True,2025-08-16T04:55:29-03:00,16
5,510,True,2025-02-13T10:25:15-03:00,52
5,495,False,,25
5,492,True,2024-11-09T19:24:25-03:00,42
5,509,True,2025-03-20T21:42:32-03:00,34
8,1486,True,2025-05-19T07:35:10-03:00,56
8,1471,True,2025-02-26T07:26:05-03:00,37
8,1500,True,2025-05-26T20:31:10-03:00,18
8,1473,True,2025-07-04T23:20:30-03:00,58
8,1459,True,2025-01-23T00:47:31-03:00,46
8,1458,True,2025-07-23T01:05:11-03:00,50
8,1461,False,,36
8,1508,True,2025-07-31T18:54:11-03:00,23
8,1511,True,2025-09-25T12:50:24-03:00,21
8,1453,True,2025-06-01T19:08:57-03:00,47
8,1498,True,2025-02-18T22:56:52-03:00,54
8,1501,False,,59
8,1446,True,2025-03-28T09:00:56-03:00,28
8,1466,True,2024-12-16T01:52:37-03:00,54
8,1477,True,2024-12-21T10:42:24-03:00,38
8,1497,True,2025-06-09T00:14:55-03:00,8
8,1493,False,,25
8,1450,True,2025-06-27T10:17:28-03:00,23
9,175,True,2025-02-10T07:18:49-03:00,45
9,163,True,2025-09-05T16:45:01-03:00,52
9,152,False,,22
9,162,True,2025-01-30T04:36:24-03:00,7
9,171,False,,60
9,174,True,2025-07-02T09:56:27-03:00,17
9,146,True,2025-02-26T11:00:52-03:00,37
9,143,False,,7
9,184,True,2025-07-24T08:21:12-03:00,43
9,144,True,2025-04-28T05:05:37-03:00,22
9,187,False,,55
9,164,True,2025-09-18T04:00:34-03:00,39
9,188,True,2025-02-28T18:38:13-03:00,24
9,165,True,2024-10-27T06:58:13-03:00,28
9,153,True,2025-08-01T09:28:38-03:00,41
9,149,True,2025-04-11T02:42:16-03:00,58
9,147,True,2025-07-14T08:33:15-03:00,16
9,150,True,2025-01-09T22:55:09-03:00,40
9,169,True,2025-02-19T10:17:21-03:00,15
9,192,True,2025-09-07T22:49:16-03:00,41
9,181,False,,19
9,167,True,2025-01-15T09:26:32-03:00,46
9,183,False,,24
9,179,True,2025-09-13T06:20:07-03:00,44
9,154,False,,10
9,168,True,2025-06-09T16:00:59-03:00,29
9,177,True,2025-02-09T19:08:33-03:00,6
9,185,True,2025-01-31T12:13:43-03:00,51
10,2751,True,2024-12-02T01:00:12-03:00,46
10,2734,False,,39
10,2752,True,2025-02-19T13:30:52-03:00,20
10,2747,True,2025-04-12T23:59:12-03:00,34
10,2695,True,2025-02-20T15:16:41-03:00,26
10,2673,True,2025-06-19T20:29:14-03:00,44
10,2707,False,,28
10,2719,True,2025-05-01T16:45:52-03:00,20
10,2684,True,2025-01-31T09:14:05-03:00,12
10,2732,True,2025-01-21T18:55:07-03:00,24
10,2741,True,2025-05-22T04:04:29-03:00,15
10,2689,False,,54
10,2750,True,2025-01-09T00:11:22-03:00,57
10,2715,True,2025-02-25T09:47:14-03:00,32
10,2731,True,2024-12-02T10:52:02-03:00,6
10,2708,True,2025-02-14T15:35:15-03:00,35
10,2702,True,2025-01-04T06:59:36-03:00,52
10,2742,True,2025-06-14T03:32:58-03:00,59
10,2697,True,2024-11-23T17:57:18-03:00,33
10,2686,True,2025-09-02T16:02:09-03:00,30
10,2672,True,2025-05-12T06:29:34-03:00,53
10,2696,True,2025-09-04T07:25:57-03:00,25
10,2746,False,,51
10,2725,False,,54
10,2733,True,2024-11-06T16:54:03-03:00,22
10,2699,True,2025-03-21T22:09:53-03:00,60
10,2706,True,2025-03-20T05:34:04-03:00,24
10,2737,True,2025-07-04T14:22:20-03:00,59
10,2739,True,2025-07-16T20:09:17-03:00,45
10,2693,True,2025-04-25T07:14:05-03:00,7
10,2679,True,2025-01-24T19:35:50-03:00,16
10,2691,True,2025-09-24T11:05:37-03:00,8
10,2756,True,2025-04-23T23:15:08-03:00,54
10,2700,True,2024-11-10T04:15:03-03:00,21
10,2690,True,2025-06-12T14:55:34-03:00,16
10,2709,True,2025-03-23T04:06:40-03:00,54
10,2687,True,2024-12-02T13:55:58-03:00,46
10,2726,False,,38
10,2705,True,2025-02-05T07:18:49-03:00,35
10,2680,False,,57
10,2743,True,2025-08-19T12:13:35-03:00,54
10,2729,True,2025-07-06T05:48:47-03:00,56
10,2744,True,2024-11-30T05:14:56-03:00,25
10,2712,False,,22
10,2738,True,2024-10-23T23:32:33-03:00,18
10,2714,True,2025-07-20T17:33:21-03:00,57
10,2682,True,2025-05-04T02:51:47-03:00,45
10,2698,False,,17
10,2703,True,2025-05-18T10:40:43-03:00,20
10,2740,True,2025-08-12T12:18:32-03:00,30
10,2755,True,2025-02-08T19:10:17-03:00,31
10,2754,False,,43
10,2728,False,,5
10,2735,True,2025-09-21T03:41:19-03:00,17
10,2736,True,2025-10-15T19:59:37-03:00,23
10,2711,True,2024-11-13T04:41:59-03:00,27
10,2685,True,2025-02-19T04:10:16-03:00,9
10,2724,True,2025-08-14T20:55:54-03:00,11
10,2710,True,2025-01-28T09:32:57-03:00,38
10,2749,True,2024-11-13T13:00:36-03:00,5
10,2694,True,2025-10-16T21:38:45-03:00,57
10,2675,False,,27
10,2701,True,2025-02-05T05:46:04-03:00,25
10,2727,True,2025-08-01T23:00:17-03:00,46
10,2720,True,2024-10-24T03:31:16-03:00,28
10,2688,False,,8
10,2718,False,,45
10,2677,True,2025-07-11T01:48:36-03:00,54
10,2723,True,2025-08-10T00:16:03-03:00,53
10,2704,True,2024-12-16T14:41:49-03:00,32
10,2713,True,2025-02-20T17:46:07-03:00,18
11,314,True,2025-05-13T00:48:37-03:00,15
11,324,True,2025-03-25T01:59:26-03:00,7
11,361,True,2025-07-08T13:04:49-03:00,60
11,342,True,2025-05-11T08:55:06-03:00,11
11,323,False,,31
11,297,True,2025-06-10T22:48:50-03:00,46
11,305,False,,18
11,325,False,,14
11,319,False,,60
11,318,True,2025-06-28T03:46:44-03:00,56
11,348,False,,40
11,341,True,2025-04-11T00:42:36-03:00,51
11,352,True,2025-01-06T21:17:50-03:00,21
11,332,True,2025-03-25T03:35:58-03:00,24
11,365,True,2025-07-11T16:07:33-03:00,39
11,313,True,2025-03-13T06:23:46-03:00,35
11,336,True,2025-08-01T00:22:41-03:00,47
11,357,False,,13
11,298,True,2025-05-06T04:44:12-03:00,45
11,327,True,2025-04-14T14:31:26-03:00,41
11,299,True,2025-06-18T00:29:19-03:00,15
11,304,False,,39
11,320,False,,45
11,316,True,2025-02-23T12:27:50-03:00,52
11,306,True,2025-08-26T22:43:45-03:00,10
11,311,False,,50
11,334,True,2025-02-25T01:53:41-03:00,18
11,351,True,2025-04-16T10:12:47-03:00,46
11,359,True,2025-06-05T22:22:00-03:00,12
11,367,True,2024-11-05T17:45:28-03:00,37
11,331,True,2025-07-09T02:57:47-03:00,26
11,346,True,2024-11-09T06:04:15-03:00,58
11,350,True,2024-12-30T11:38:39-03:00,38
12,713,True,2025-08-12T06:56:41-03:00,27
12,719,True,2025-03-01T22:01:03-03:00,51
12,707,False,,8
12,712,True,2025-06-18T23:27:45-03:00,18
12,700,True,2025-06-14T12:57:17-03:00,17
12,703,True,2025-01-15T11:14:08-03:00,16
12,686,False,,25
12,704,False,,53
12,693,True,2025-07-16T11:40:30-03:00,53
12,695,True,2025-09-22T21:44:36-03:00,26
12,688,True,2025-04-15T21:45:32-03:00,8
12,708,True,2025-10-03T01:00:29-03:00,26
12,694,True,2025-03-23T19:05:44-03:00,27
12,709,True,2025-07-18T19:11:55-03:00,30
12,691,True,2025-06-06T19:16:44-03:00,6
12,697,True,2025-06-11T16:06:18-03:00,10
12,706,False,,10
12,696,True,2025-06-05T08:55:06-03:00,28
12,701,True,2025-05-19T00:18:32-03:00,53
12,714,True,2024-12-07T04:35:29-03:00,13
12,720,True,2025-08-23T04:54:53-03:00,19
12,690,True,2025-01-28T22:18:11-03:00,33
12,718,True,2024-10-18T04:44:57-03:00,11
12,705,True,2024-12-23T00:46:05-03:00,14
12,721,True,2025-08-16T19:41:16-03:00,24
12,717,True,2025-08-12T21:57:48-03:00,55
13,2799,True,2025-04-11T23:10:35-03:00,8
13,2795,True,2025-04-04T16:55:44-03:00,40
13,2789,True,2025-03-10T06:43:02-03:00,45
13,2759,True,2025-04-22T08:10:04-03:00,23
13,2796,False,,36
13,2773,True,2025-04-24T11:27:13-03:00,51
13,2818,True,2025-03-08T18:48:04-03:00,40
13,2766,True,2025-06-16T22:54:35-03:00,59
13,2802,True,2025-04-25T07:32:47-03:00,36
13,2794,True,2025-06-23T20:16:12-03:00,8
13,2764,True,2025-04-30T17:36:32-03:00,31
13,2813,False,,21
13,2776,True,2025-10-08T07:22:58-03:00,12
13,2812,True,2025-07-19T14:35:44-03:00,7
13,2809,True,2025-09-02T04:31:27-03:00,22
13,2774,True,2025-10-04T11:26:20-03:00,55
13,2786,True,2025-07-19T04:55:43-03:00,20
13,2821,True,2025-06-21T03:26:14-03:00,49
13,2785,True,2025-09-09T00:48:26-03:00,20
13,2760,False,,31
13,2804,True,2025-05-18T02:23:31-03:00,33
13,2817,True,2024-12-23T01:41:32-03:00,32
13,2787,True,2025-06-26T21:57:27-03:00,17
13,2762,False,,30
13,2770,True,2025-03-30T08:44:33-03:00,58
13,2778,True,2025-10-13T06:57:33-03:00,25
13,2815,True,2025-09-23T12:23:01-03:00,49
13,2816,True,2025-08-16T11:15:24-03:00,59
13,2780,True,2025-10-07T07:03:40-03:00,36
13,2783,True,2024-12-13T13:16:26-03:00,28
13,2811,True,2025-01-03T14:01:33-03:00,36
13,2805,True,2025-08-03T09:40:51-03:00,20
13,2781,True,2025-09-15T11:27:50-03:00,47
13,2768,True,2025-07-25T15:44:06-03:00,46
13,2797,True,2025-08-01T19:03:22-03:00,14
13,2814,False,,50
13,2822,True,2025-02-06T00:38:59-03:00,20
13,2784,True,2025-06-27T18:36:21-03:00,40
13,2810,True,2025-01-22T04:45:40-03:00,42
13,2801,True,2025-01-10T17:24:38-03:00,59
13,2757,True,2025-01-16T19:34:45-03:00,40
13,2820,True,2025-07-04T03:54:19-03:00,47
13,2758,True,2024-10-25T20:03:08-03:00,41
13,2793,True,2025-06-20T00:30:55-03:00,7
13,2763,True,2025-09-19T04:39:39-03:00,49
13,2819,True,2025-05-14T19:04:37-03:00,30
13,2775,True,2025-04-08T20:00:50-03:00,11
13,2798,True,2025-06-15T06:35:49-03:00,10
13,2792,False,,37
13,2779,True,2024-11-30T21:22:18-03:00,51
13,2803,False,,57
13,2782,False,,9
13,2808,True,2024-10-23T00:25:53-03:00,32
13,2790,False,,29
13,2806,True,2024-10-31T00:30:13-03:00,6
13,2767,False,,35
13,2761,False,,9
13,2772,True,2025-04-27T18:11:18-03:00,6
13,2800,True,2025-06-21T22:17:32-03:00,15
16,1649,True,2025-08-26T08:50:24-03:00,28
16,1655,False,,28
16,1657,False,,18
16,1600,False,,28
16,1647,True,2025-03-26T14:01:23-03:00,24
16,1608,True,2025-09-15T02:14:24-03:00,14
16,1631,True,2025-01-08T06:46:57-03:00,53
16,1614,True,2025-06-13T10:01:56-03:00,38
16,1642,False,,47
16,1599,True,2025-01-31T22:13:23-03:00,17
16,1611,True,2025-03-31T12:17:29-03:00,55
16,1648,False,,42
16,1603,False,,39
16,1645,True,2024-11-27T09:25:22-03:00,53
16,1632,True,2025-07-02T01:24:13-03:00,16
16,1601,False,,11
16,1587,True,2024-11-12T21:23:35-03:00,45
16,1609,True,2025-07-29T18:12:22-03:00,20
16,1586,True,2025-09-05T06:25:33-03:00,20
16,1620,True,2025-07-10T03:17:57-03:00,16
16,1640,True,2024-11-09T05:27:53-03:00,27
16,1619,False,,6
16,1588,True,2025-08-10T16:13:33-03:00,55
16,1634,True,2025-03-05T22:35:38-03:00,54
16,1626,True,2024-10-25T23:25:15-03:00,41
16,1606,False,,34
16,1590,True,2025-03-08T20:57:01-03:00,47
16,1605,True,2025-06-22T01:10:49-03:00,24
16,1618,True,2025-02-18T16:56:26-03:00,42
16,1598,True,2025-05-15T21:45:48-03:00,53
16,1610,False,,42
16,1643,True,2025-01-14T12:30:05-03:00,48
16,1596,True,2024-11-10T08:13:29-03:00,18
16,1607,True,2025-09-03T11:30:05-03:00,21
16,1584,False,,23
16,1623,True,2025-04-03T19:37:35-03:00,35
17,1890,False,,25
17,1901,True,2025-08-15T03:16:15-03:00,14
17,1868,True,2025-02-22T04:39:21-03:00,56
17,1871,True,2025-05-04T14:51:52-03:00,25
17,1918,True,2025-07-01T07:09:24-03:00,12
17,1878,True,2025-02-20T19:58:55-03:00,38
17,1944,True,2025-10-14T09:27:24-03:00,36
17,1930,True,2025-03-01T04:02:13-03:00,52
17,1874,True,2025-03-03T08:11:56-03:00,33
17,1900,True,2025-10-03T00:40:48-03:00,47
17,1881,True,2025-05-21T17:02:07-03:00,8
17,1869,True,2025-07-20T17:01:31-03:00,49
17,1934,False,,23
17,1909,True,2025-06-19T02:37:19-03:00,32
17,1883,False,,41
17,1916,True,2025-02-05T23:54:34-03:00,37
17,1929,True,2024-11-22T03:36:36-03:00,60
17,1899,True,2025-05-20T02:53:37-03:00,37
17,1910,True,2025-05-21T20:01:54-03:00,7
17,1924,True,2024-11-26T13:01:57-03:00,7
17,1889,True,2025-01-26T23:10:26-03:00,22
17,1897,True,2025-04-29T15:02:35-03:00,30
17,1882,False,,51
17,1933,True,2025-02-23T07:36:53-03:00,53
17,1926,True,2025-05-26T20:19:40-03:00,12
17,1886,True,2025-09-30T04:22:04-03:00,10
17,1928,False,,20
17,1914,True,2025-04-09T00:04:03-03:00,47
17,1905,True,2025-09-28T13:59:14-03:00,33
17,1915,False,,58
17,1877,True,2025-01-03T01:23:36-03:00,26
17,1937,True,2025-07-07T19:40:18-03:00,36
17,1946,True,2025-06-13T04:05:39-03:00,12
17,1906,False,,39
17,1908,False,,57
17,1927,True,2025-02-27T18:55:25-03:00,34
17,1919,True,2024-12-05T17:28:34-03:00,52
17,1884,True,2024-12-07T01:06:52-03:00,54
17,1892,True,2024-10-29T07:08:23-03:00,11
17,1887,True,2025-07-23T04:09:39-03:00,35
19,1019,True,2025-09-21T07:56:52-03:00,46
19,1017,True,2024-11-16T01:16:22-03:00,14
19,1016,False,,39
19,998,True,2025-03-09T14:15:47-03:00,39
19,1002,True,2025-02-27T21:35:06-03:00,59
19,986,True,2025-06-08T12:31:16-03:00,26
19,1005,True,2025-04-14T03:32:18-03:00,26
19,996,False,,49
19,1014,False,,50
19,1015,True,2025-06-15T21:13:58-03:00,28
19,994,True,2025-01-29T12:55:19-03:00,49
19,980,True,2025-08-22T03:37:34-03:00,18
19,1008,True,2025-04-24T18:00:35-03:00,9
19,1000,True,2025-03-20T08:30:08-03:00,11
19,1018,True,2025-06-22T09:48:08-03:00,23
19,1032,True,2025-01-18T22:24:02-03:00,21
19,1010,True,2024-11-27T10:25:03-03:00,18
19,993,True,2025-04-19T05:48:34-03:00,39
19,983,True,2025-09-12T17:54:47-03:00,18
19,997,True,2025-08-06T15:54:28-03:00,9
19,1021,True,2025-09-22T21:33:15-03:00,22
19,1003,True,2025-03-21T10:04:10-03:00,51
19,1030,True,2025-05-18T18:01:02-03:00,37
19,1024,True,2025-04-20T12:46:46-03:00,51
19,1007,True,2024-10-22T01:36:55-03:00,19
19,1020,True,2024-10-22T21:05:44-03:00,10
19,1031,True,2025-07-10T06:47:17-03:00,40
19,981,True,2025-01-14T01:00:30-03:00,30
19,1023,True,2024-10-18T19:54:40-03:00,56
19,995,True,2025-10-05T19:34:30-03:00,35
19,988,True,2025-09-25T20:33:14-03:00,13
20,1817,True,2025-06-15T08:22:27-03:00,12
20,1857,True,2025-08-10T04:54:12-03:00,31
20,1808,True,2024-12-03T22:43:26-03:00,51
20,1819,True,2025-06-22T05:16:35-03:00,48
20,1844,False,,37
20,1825,True,2025-08-12T18:29:57-03:00,57
20,1866,False,,36
20,1854,True,2025-03-12T12:14:27-03:00,53
20,1860,True,2024-11-02T07:05:58-03:00,59
20,1820,True,2025-09-03T08:27:34-03:00,9
20,1862,True,2025-02-24T10:35:18-03:00,52
20,1867,False,,50
20,1858,True,2024-11-29T17:17:34-03:00,55
20,1856,True,2025-01-07T01:24:57-03:00,57
20,1848,True,2025-05-20T20:20:43-03:00,14
20,1859,True,2025-05-25T20:17:11-03:00,40
20,1826,True,2025-08-07T16:53:58-03:00,48
20,1822,True,2025-04-24T15:45:22-03:00,29
20,1829,False,,41
20,1835,True,2025-01-02T03:32:36-03:00,18
20,1810,True,2025-07-08T08:11:49-03:00,51
20,1800,True,2025-09-19T10:32:35-03:00,55
20,1811,True,2025-06-11T09:27:29-03:00,9
20,1865,True,2025-01-14T00:19:46-03:00,14
20,1812,True,2025-04-08T07:50:00-03:00,58
20,1821,True,2025-01-11T07:07:57-03:00,30
20,1852,True,2025-02-02T04:37:37-03:00,21
20,1805,True,2025-08-25T13:37:10-03:00,11
20,1809,True,2025-09-24T02:11:56-03:00,12
20,1801,True,2025-04-05T04:01:18-03:00,12
20,1794,True,2025-01-19T05:53:50-03:00,35
20,1789,True,2025-09-20T23:42:13-03:00,60
20,1807,True,2025-04-27T21:14:28-03:00,50
20,1790,False,,58
20,1804,True,2025-05-29T04:07:37-03:00,54
20,1832,False,,16
20,1840,True,2025-04-04T08:25:07-03:00,37
20,1849,True,2025-09-07T18:45:17-03:00,19
20,1815,True,2024-12-10T00:32:10-03:00,5
20,1791,True,2025-01-24T11:15:38-03:00,21
20,1833,True,2025-03-14T14:08:14-03:00,60
20,1803,True,2025-10-16T16:37:07-03:00,45
20,1846,True,2025-06-02T20:42:41-03:00,17
20,1824,True,2024-10-17T16:03:23-03:00,9
20,1847,True,2024-12-27T07:24:15-03:00,31
20,1851,True,2024-12-11T22:30:54-03:00,9
20,1841,True,2025-03-19T10:35:58-03:00,52
20,1799,True,2025-03-03T10:15:48-03:00,20
20,1792,False,,16
20,1816,True,2025-02-15T14:04:36-03:00,53
20,1831,True,2024-12-25T01:19:09-03:00,10
20,1795,True,2025-01-18T18:59:36-03:00,8
20,1818,True,2025-02-28T10:09:24-03:00,44
20,1798,True,2025-07-27T12:38:17-03:00,26
20,1796,True,2025-06-07T00:18:57-03:00,46
20,1823,True,2025-04-03T09:32:01-03:00,46
20,1861,True,2024-10-17T14:55:35-03:00,8
20,1855,False,,30
20,1828,True,2025-08-18T23:53:46-03:00,56
20,1850,True,2025-01-06T17:03:26-03:00,8
21,2095,True,2025-07-24T19:04:07-03:00,19
21,2081,True,2025-05-29T17:54:16-03:00,47
21,2082,True,2025-03-20T04:59:32-03:00,12
21,2110,True,2024-11-07T04:25:57-03:00,25
21,2111,False,,51
21,2105,True,2025-04-29T12:51:46-03:00,37
21,2108,True,2025-05-18T13:24:18-03:00,23
21,2091,False,,35
21,2079,True,2025-05-18T09:01:55-03:00,6
21,2084,False,,58
21,2106,False,,16
21,2087,True,2025-08-24T03:19:37-03:00,38
21,2104,False,,44
21,2089,True,2025-06-29T15:47:37-03:00,52
21,2112,True,2025-06-20T20:24:00-03:00,24
21,2107,True,2025-03-22T15:27:19-03:00,48
21,2099,True,2025-09-30T10:49:04-03:00,51
21,2085,True,2025-02-07T00:11:17-03:00,25
21,2086,True,2025-10-01T20:42:37-03:00,43
21,2094,True,2025-02-19T19:40:12-03:00,50
21,2090,False,,11
21,2114,True,2025-06-12T21:27:35-03:00,19
21,2098,True,2024-12-10T12:35:55-03:00,52
21,2103,True,2025-05-21T04:04:49-03:00,55
21,2092,True,2025-02-05T05:58:53-03:00,39
21,2093,False,,39
21,2096,True,2025-09-08T09:00:14-03:00,8
21,2101,True,2024-12-08T22:53:04-03:00,30
21,2097,False,,11
21,2080,True,2025-06-22T05:11:59-03:00,11
21,2109,False,,34
21,2102,True,2025-09-04T15:30:33-03:00,36
21,2113,True,2025-02-06T01:10:19-03:00,57
23,1918,False,,19
23,1937,True,2025-07-11T00:58:44-03:00,41
23,1945,True,2024-12-10T07:13:05-03:00,56
23,1881,True,2025-09-21T12:43:23-03:00,56
23,1903,False,,9
23,1886,True,2025-09-04T06:58:38-03:00,6
23,1882,True,2024-11-07T19:06:11-03:00,54
23,1910,True,2025-02-19T14:33:31-03:00,40
23,1925,False,,52
23,1940,True,2025-08-15T00:23:49-03:00,33
23,1892,False,,55
23,1928,True,2025-09-30T04:49:41-03:00,60
23,1869,True,2025-02-26T22:29:12-03:00,19
23,1914,False,,9
23,1923,True,2024-11-14T10:34:25-03:00,35
23,1884,True,2024-12-05T13:22:38-03:00,8
23,1909,True,2025-04-19T10:46:50-03:00,38
23,1916,True,2025-08-23T08:55:06-03:00,44
23,1930,True,2025-10-15T04:58:13-03:00,58
23,1868,True,2024-11-05T18:45:59-03:00,59
23,1876,False,,48
23,1897,True,2024-10-22T02:44:54-03:00,29
23,1921,True,2025-03-24T10:47:45-03:00,26
23,1899,True,2024-12-21T02:15:50-03:00,49
23,1908,True,2025-08-28T08:26:30-03:00,12
23,1911,True,2024-11-19T10:43:51-03:00,17
23,1883,True,2024-12-07T02:51:15-03:00,60
23,1885,True,2025-04-26T12:29:04-03:00,11
23,1875,True,2024-10-20T18:26:09-03:00,21
23,1873,False,,41
23,1907,True,2025-01-14T23:26:09-03:00,56
23,1878,True,2025-04-27T10:21:36-03:00,11
23,1894,False,,25
23,1880,True,2024-11-25T16:52:57-03:00,53
23,1877,True,2025-07-08T05:23:25-03:00,58
23,1915,True,2025-06-15T21:02:19-03:00,6
23,1905,True,2025-04-18T03:16:45-03:00,9
23,1871,True,2025-04-09T03:51:49-03:00,7
23,1906,True,2025-09-29T11:09:59-03:00,52
23,1887,True,2025-08-27T03:42:37-03:00,58
23,1891,True,2025-09-17T07:29:22-03:00,44
23,1919,True,2024-11-03T14:11:22-03:00,52
23,1924,True,2025-03-27T04:21:22-03:00,15
23,1874,True,2024-11-11T13:23:02-03:00,41
23,1895,True,2024-10-20T18:49:55-03:00,37
23,1934,True,2025-10-04T11:36:00-03:00,26
23,1931,True,2025-10-02T08:52:40-03:00,34
23,1901,True,2025-01-05T03:58:06-03:00,26
23,1889,False,,27
23,1917,True,2024-12-05T16:29:12-03:00,11
23,1932,True,2024-12-11T14:08:00-03:00,33
23,1898,True,2025-10-16T11:12:55-03:00,45
23,1900,True,2025-10-12T14:54:03-03:00,18
23,1942,False,,58
23,1927,True,2025-10-16T12:29:18-03:00,15
23,1888,True,2025-01-30T09:48:18-03:00,38
23,1939,True,2025-08-24T17:23:48-03:00,24
23,1941,True,2025-09-29T20:40:49-03:00,55
23,1933,True,2025-06-30T22:02:26-03:00,46
23,1913,True,2025-07-21T01:54:23-03:00,15
23,1872,True,2025-07-20T00:12:54-03:00,57
23,1879,True,2025-10-13T12:09:53-03:00,5
23,1902,True,2025-08-24T07:00:52-03:00,28
23,1904,True,2025-05-26T18:34:55-03:00,60
23,1938,True,2025-01-04T11:27:48-03:00,47
23,1893,True,2025-07-12T09:20:08-03:00,49
23,1920,False,,31
23,1870,True,2025-06-09T02:28:07-03:00,21
23,1912,True,2025-01-29T13:00:43-03:00,29
23,1929,True,2025-06-06T21:51:51-03:00,45
24,182,True,2025-07-14T15:34:22-03:00,27
24,188,True,2024-11-08T14:02:31-03:00,27
24,181,True,2025-04-01T06:25:23-03:00,14
24,162,True,2025-06-21T04:41:37-03:00,20
24,145,False,,31
24,159,True,2025-03-16T13:16:54-03:00,47
24,151,True,2025-08-08T03:06:11-03:00,15
24,172,True,2025-01-05T16:33:18-03:00,9
24,183,True,2025-07-30T17:37:39-03:00,31
24,143,True,2024-11-16T20:06:52-03:00,34
24,166,True,2025-01-01T14:01:09-03:00,45
24,178,True,2025-10-02T11:44:42-03:00,49
24,153,True,2025-10-12T09:40:36-03:00,46
24,186,False,,52
24,148,True,2025-05-03T11:40:16-03:00,54
24,147,True,2025-03-30T06:07:03-03:00,54
24,156,True,2025-08-23T07:37:11-03:00,55
24,161,True,2025-07-15T21:38:00-03:00,31
24,176,True,2024-12-26T06:07:11-03:00,57
24,165,True,2024-12-31T16:40:27-03:00,25
24,164,True,2025-03-05T21:14:10-03:00,23
24,150,True,2025-01-12T19:01:49-03:00,20
25,2189,True,2024-11-07T21:11:39-03:00,8
25,2190,True,2025-10-03T21:59:41-03:00,16
25,2180,True,2025-02-22T11:39:14-03:00,43
25,2213,True,2025-07-31T02:45:27-03:00,50
25,2206,True,2025-02-22T18:55:09-03:00,24
25,2208,True,2025-08-11T13:08:43-03:00,43
25,2218,False,,10
25,2222,True,2025-09-06T23:38:15-03:00,53
25,2220,True,2025-06-23T02:22:03-03:00,16
25,2200,True,2025-09-24T18:31:16-03:00,37
25,2202,True,2025-06-07T10:38:34-03:00,23
25,2216,True,2025-04-07T17:58:41-03:00,17
27,920,True,2025-04-13T17:54:49-03:00,36
27,928,False,,56
27,918,True,2024-10-26T13:02:52-03:00,46
27,916,True,2024-11-23T18:15:10-03:00,18
27,943,False,,50
27,921,True,2025-05-05T00:51:38-03:00,24
27,911,True,2024-12-01T15:08:21-03:00,33
27,959,True,2025-08-08T13:54:05-03:00,15
27,961,True,2024-10-17T18:52:07-03:00,18
27,909,True,2025-05-03T05:42:04-03:00,5
27,931,False,,34
27,941,True,2025-07-04T13:22:42-03:00,45
27,925,True,2025-02-07T23:02:26-03:00,34
27,954,True,2025-01-22T21:10:51-03:00,56
27,924,False,,10
27,935,True,2025-09-26T19:24:10-03:00,45
27,976,True,2025-08-05T16:14:19-03:00,5
27,932,False,,41
31,1131,False,,59
31,1111,False,,42
31,1119,False,,44
31,1134,True,2024-12-15T14:03:32-03:00,12
31,1105,True,2025-02-03T12:58:31-03:00,27
31,1136,True,2025-04-09T10:07:51-03:00,13
31,1133,True,2024-11-22T05:09:25-03:00,48
31,1127,True,2024-12-16T03:29:15-03:00,29
31,1110,True,2024-11-14T06:56:49-03:00,44
31,1112,True,2025-08-01T18:42:44-03:00,7
31,1107,True,2025-05-16T11:36:22-03:00,38
31,1117,False,,54
31,1135,False,,46
31,1121,False,,30
31,1106,True,2025-02-22T06:01:13-03:00,58
31,1139,True,2025-06-01T00:57:06-03:00,19
31,1102,True,2024-12-22T15:32:34-03:00,54
31,1124,True,2025-10-16T05:22:13-03:00,23
31,1108,True,2025-07-16T08:42:28-03:00,22
31,1125,True,2024-11-24T17:36:57-03:00,35
31,1113,True,2024-11-09T13:58:02-03:00,19
31,1137,True,2025-04-13T21:47:33-03:00,14
31,1109,False,,40
31,1122,False,,20
31,1132,True,2024-10-23T02:50:23-03:00,38
31,1140,True,2025-02-27T17:01:41-03:00,37
31,1128,True,2024-12-20T19:11:33-03:00,30
31,1142,True,2024-12-27T05:11:39-03:00,42
31,1104,True,2025-06-26T15:53:30-03:00,46
31,1123,True,2025-09-28T11:16:13-03:00,38
31,1138,True,2025-09-25T01:54:59-03:00,37
33,1883,True,2025-03-06T20:59:26-03:00,28
33,1879,False,,52
33,1899,False,,28
33,1917,True,2025-03-22T01:29:05-03:00,45
33,1887,True,2025-07-31T02:13:31-03:00,16
33,1933,True,2024-11-05T21:55:05-03:00,50
33,1944,True,2025-07-19T20:14:12-03:00,58
33,1943,True,2025-08-12T16:14:48-03:00,7
33,1939,True,2025-01-14T20:13:00-03:00,26
33,1921,True,2025-02-12T00:29:35-03:00,57
33,1888,False,,6
33,1907,True,2025-09-28T08:31:42-03:00,55
33,1900,True,2025-04-18T19:14:53-03:00,31
33,1910,True,2024-10-31T08:52:55-03:00,43
33,1916,True,2025-03-07T18:24:28-03:00,25
33,1942,True,2025-05-24T19:37:18-03:00,13
33,1924,True,2025-06-02T11:25:22-03:00,29
33,1934,False,,32
33,1915,True,2025-02-07T13:58:21-03:00,55
33,1937,True,2025-01-19T06:36:15-03:00,35
33,1869,True,2025-02-01T11:51:34-03:00,26
33,1891,True,2025-06-16T00:47:47-03:00,23
33,1870,True,2025-03-02T14:49:04-03:00,13
33,1878,False,,49
34,1472,True,2025-08-18T01:16:32-03:00,22
34,1477,True,2025-09-09T14:40:04-03:00,28
34,1488,False,,8
34,1489,True,2024-10-29T13:32:20-03:00,46
34,1471,True,2025-05-11T20:50:45-03:00,27
34,1449,True,2025-10-12T08:37:37-03:00,54
34,1504,True,2024-11-23T13:32:14-03:00,18
34,1463,True,2025-10-13T08:13:50-03:00,30
34,1459,False,,15
34,1513,True,2025-10-01T04:36:31-03:00,37
34,1496,False,,59
34,1505,True,2025-02-25T07:51:59-03:00,32
34,1451,True,2025-04-10T10:04:31-03:00,53
34,1473,True,2024-11-30T22:16:56-03:00,44
34,1500,True,2025-02-03T04:38:01-03:00,23
34,1508,True,2025-02-05T01:33:32-03:00,20
34,1470,True,2025-06-30T13:59:19-03:00,56
34,1469,True,2025-08-02T22:15:59-03:00,6
34,1483,True,2024-11-09T18:55:33-03:00,17
34,1506,False,,28
34,1450,True,2025-04-01T15:47:51-03:00,37
34,1494,False,,24
34,1446,True,2025-02-24T08:14:25-03:00,60
34,1478,True,2024-12-18T03:48:38-03:00,54
34,1457,True,2025-09-02T20:21:14-03:00,35
34,1479,True,2025-04-06T10:22:34-03:00,8
34,1480,False,,51
34,1498,True,2024-10-23T05:41:01-03:00,26
34,1465,True,2024-12-20T06:02:21-03:00,7
34,1466,True,2025-06-30T05:45:28-03:00,56
34,1487,True,2025-07-26T17:44:26-03:00,54
34,1453,True,2024-12-31T15:26:38-03:00,38
34,1476,True,2025-06-01T12:21:14-03:00,60
34,1452,True,2025-02-06T00:18:58-03:00,47
34,1490,True,2025-02-05T05:07:44-03:00,31
35,892,True,2024-12-20T15:10:45-03:00,25
35,856,True,2024-12-14T22:27:13-03:00,15
35,865,True,2025-01-25T22:50:39-03:00,5
35,874,False,,20
35,838,False,,14
35,868,False,,51
35,861,True,2025-06-13T00:44:53-03:00,20
35,848,True,2025-01-25T14:14:02-03:00,15
35,835,False,,25
35,867,True,2025-03-10T00:39:19-03:00,23
35,844,True,2025-02-23T11:35:45-03:00,19
35,883,True,2025-05-12T20:28:24-03:00,12
35,870,False,,48
35,877,True,2025-09-28T20:24:30-03:00,10
35,895,True,2025-05-11T16:44:28-03:00,47
35,864,True,2025-03-15T20:13:16-03:00,17
35,843,True,2025-02-18T07:20:07-03:00,47
35,887,False,,11
35,889,False,,29
35,855,False,,47
35,899,True,2025-09-26T04:56:20-03:00,32
35,860,True,2025-02-03T20:37:10-03:00,9
35,837,True,2024-11-10T22:29:23-03:00,39
35,852,True,2025-01-02T04:11:37-03:00,18
35,888,False,,48
35,842,True,2025-09-23T08:12:34-03:00,22
35,894,True,2025-01-11T11:06:01-03:00,56
35,841,False,,25
35,854,True,2025-03-05T10:42:06-03:00,52
35,873,True,2025-03-26T17:07:25-03:00,51
35,896,True,2025-06-29T07:50:39-03:00,57
35,847,True,2024-10-25T10:09:31-03:00,42
35,836,True,2025-08-30T01:38:18-03:00,31
35,853,True,2024-12-07T23:59:06-03:00,44
36,686,True,2024-12-17T14:03:23-03:00,34
36,714,False,,36
36,706,False,,22
36,712,False,,15
36,702,True,2025-07-03T10:14:16-03:00,39
36,690,True,2025-02-11T01:32:20-03:00,47
36,692,False,,27
36,707,False,,20
36,691,True,2025-02-13T22:14:46-03:00,6
36,721,True,2024-12-06T13:25:26-03:00,21
36,687,False,,23
36,720,True,2025-06-07T18:21:12-03:00,6
36,710,True,2025-03-01T20:33:01-03:00,14
36,695,True,2025-03-21T16:36:48-03:00,59
36,704,True,2025-10-14T10:40:59-03:00,36
36,703,True,2025-04-10T23:01:43-03:00,50
36,697,True,2024-12-12T05:09:30-03:00,49
36,716,False,,45
38,2086,False,,54
38,2102,False,,14
38,2083,False,,52
38,2090,True,2025-09-01T14:06:37-03:00,40
38,2109,False,,20
38,2113,True,2025-04-21T13:43:05-03:00,24
38,2108,True,2025-04-19T11:19:22-03:00,38
38,2114,False,,35
38,2098,True,2024-11-23T23:13:49-03:00,17
38,2099,False,,5
38,2084,True,2024-12-30T23:33:58-03:00,49
38,2106,False,,5
38,2088,True,2025-03-18T10:49:09-03:00,27
38,2092,True,2025-05-09T06:35:56-03:00,26
38,2087,True,2024-12-31T21:23:15-03:00,36
38,2094,True,2025-08-21T12:24:34-03:00,6
38,2097,False,,13
38,2104,True,2024-10-22T12:56:32-03:00,35
38,2105,True,2025-06-28T16:40:59-03:00,33
38,2101,True,2025-02-12T14:16:51-03:00,37
38,2110,True,2025-06-08T14:33:15-03:00,49
38,2093,False,,51
38,2085,True,2025-05-20T08:11:36-03:00,7
38,2079,True,2025-01-28T18:04:44-03:00,30
38,2095,True,2025-03-28T18:39:53-03:00,9
38,2080,True,2025-06-09T21:35:01-03:00,33
38,2081,False,,34
38,2100,True,2025-01-25T06:24:08-03:00,56
38,2111,True,2025-10-09T22:02:25-03:00,16
38,2112,True,2025-05-28T20:49:32-03:00,42
38,2103,False,,52
38,2107,True,2025-08-30T11:40:25-03:00,44
38,2089,False,,13
38,2096,False,,34
38,2082,True,2025-01-16T13:34:21-03:00,41
38,2115,False,,15
39,1760,True,2025-09-25T08:39:11-03:00,8
39,1742,True,2025-04-11T15:01:05-03:00,9
39,1739,True,2024-12-27T10:57:53-03:00,19
39,1727,True,2025-10-09T14:11:30-03:00,11
39,1717,False,,48
39,1765,True,2024-12-19T01:37:39-03:00,19
39,1726,True,2025-01-01T16:55:24-03:00,44
39,1783,False,,21
39,1748,True,2025-04-16T10:19:40-03:00,13
39,1734,False,,43
39,1723,True,2024-12-05T13:30:52-03:00,25
39,1758,True,2025-08-09T07:07:08-03:00,30
39,1719,True,2024-12-28T19:35:05-03:00,8
39,1769,True,2025-01-30T11:53:15-03:00,22
39,1787,True,2025-08-01T06:53:01-03:00,40
39,1781,True,2025-03-12T14:35:48-03:00,34
39,1716,False,,17
39,1777,True,2025-06-16T20:09:12-03:00,9
39,1759,True,2025-08-03T07:35:03-03:00,48
39,1743,True,2025-01-14T23:23:21-03:00,48
39,1746,True,2025-05-06T00:17:01-03:00,48
39,1753,True,2025-08-05T15:21:06-03:00,51
39,1786,True,2025-07-23T11:26:54-03:00,48
39,1744,True,2025-04-04T22:38:01-03:00,60
39,1737,True,2025-06-16T16:55:12-03:00,40
39,1772,False,,34
39,1725,True,2025-04-30T16:00:46-03:00,8
39,1757,True,2024-10-27T07:58:18-03:00,36
39,1735,True,2024-11-14T23:47:11-03:00,24
39,1740,True,2025-05-31T04:58:15-03:00,39
39,1755,True,2025-09-12T06:26:55-03:00,45
39,1729,False,,24
39,1766,True,2025-10-07T09:43:54-03:00,30
39,1747,True,2025-08-26T16:42:06-03:00,7
39,1782,True,2025-04-07T19:58:30-03:00,16
39,1750,True,2024-11-04T18:32:04-03:00,16
39,1745,False,,6
39,1761,False,,7
39,1763,True,2025-08-03T05:12:51-03:00,8
39,1754,True,2025-01-05T19:46:59-03:00,13
39,1768,False,,36
39,1731,True,2025-03-09T12:36:28-03:00,50
39,1764,True,2025-01-26T12:43:28-03:00,60
39,1722,False,,48
39,1785,True,2025-10-05T07:00:36-03:00,33
39,1767,True,2025-03-13T16:18:47-03:00,12
39,1736,True,2025-03-15T01:38:17-03:00,48
39,1788,False,,8
39,1741,True,2025-01-08T01:00:37-03:00,14
39,1762,True,2025-09-04T21:29:54-03:00,30
39,1778,True,2025-09-09T18:55:15-03:00,10
39,1780,True,2025-07-29T04:14:14-03:00,14
39,1784,True,2025-05-23T16:51:17-03:00,11
39,1756,True,2024-11-17T06:14:18-03:00,19
39,1721,True,2024-11-10T12:51:55-03:00,19
39,1724,True,2024-10-18T01:00:16-03:00,49
39,1771,True,2025-01-02T05:55:38-03:00,5
39,1774,True,2025-01-06T15:55:16-03:00,17
39,1779,True,2024-12-21T06:51:59-03:00,6
39,1730,False,,38
40,2012,True,2025-02-19T15:04:25-03:00,11
40,2047,True,2025-04-07T19:35:28-03:00,46
40,2027,False,,47
40,2049,True,2025-07-05T15:42:01-03:00,6
40,2037,True,2025-02-02T13:44:27-03:00,48
40,2011,False,,40
41,435,False,,35
41,452,True,2024-12-03T18:37:26-03:00,40
41,412,True,2025-10-07T14:39:19-03:00,47
41,453,True,2025-04-27T02:40:23-03:00,28
41,418,True,2025-03-15T23:23:53-03:00,28
41,421,False,,48
41,402,True,2025-03-07T18:22:58-03:00,41
41,451,True,2025-09-29T17:35:22-03:00,50
41,401,True,2025-02-02T13:26:16-03:00,28
41,411,True,2025-08-18T05:40:51-03:00,23
41,420,True,2025-08-10T13:43:46-03:00,13
41,422,True,2025-06-19T20:02:30-03:00,26
41,428,False,,23
41,385,True,2025-07-19T04:08:55-03:00,59
41,392,True,2025-08-06T23:03:22-03:00,38
41,404,True,2025-07-09T15:54:23-03:00,31
41,450,True,2025-06-30T03:15:53-03:00,12
41,407,True,2025-04-30T14:37:28-03:00,46
41,383,True,2025-04-15T22:29:53-03:00,33
41,394,True,2025-09-23T17:56:29-03:00,12
41,440,False,,54
41,409,True,2025-10-08T09:50:39-03:00,12
41,437,True,2024-11-26T00:45:19-03:00,6
41,406,True,2024-12-12T00:05:17-03:00,51
41,431,True,2025-06-09T05:15:02-03:00,15
41,375,True,2025-04-21T16:14:34-03:00,57
41,426,True,2025-04-13T14:36:22-03:00,11
41,436,True,2025-09-20T12:16:02-03:00,57
41,423,True,2025-07-10T01:40:28-03:00,25
41,443,True,2025-08-03T15:57:48-03:00,34
41,434,True,2024-12-20T11:13:21-03:00,44
41,433,True,2025-06-13T13:28:24-03:00,26
41,430,True,2024-11-07T11:00:54-03:00,53
41,400,False,,38
41,414,True,2024-10-19T10:05:16-03:00,29
41,425,True,2025-04-12T05:32:21-03:00,52
41,398,True,2025-01-04T07:25:15-03:00,41
41,390,False,,50
41,389,True,2025-03-27T14:15:51-03:00,19
41,391,True,2025-06-22T13:25:50-03:00,28
41,444,True,2024-12-11T03:01:16-03:00,21
41,408,True,2025-05-08T20:29:57-03:00,28
41,442,True,2025-07-01T21:31:48-03:00,57
41,388,True,2025-09-26T15:28:18-03:00,18
41,382,True,2025-07-19T20:32:55-03:00,13
41,419,False,,27
41,424,True,2025-05-06T07:10:21-03:00,53
41,370,True,2025-02-19T02:09:30-03:00,17
41,415,True,2024-11-19T01:09:26-03:00,58
41,397,True,2024-11-26T07:25:26-03:00,12
41,396,True,2025-05-03T10:59:37-03:00,54
41,449,False,,20
41,413,True,2025-08-23T10:03:16-03:00,58
41,368,True,2025-07-25T01:08:53-03:00,55
41,447,True,2025-01-15T20:27:03-03:00,46
41,445,True,2024-11-03T17:16:01-03:00,22
41,386,True,2025-08-07T22:32:22-03:00,35
41,377,False,,41
41,446,True,2025-09-12T06:37:15-03:00,29
41,399,True,2025-01-16T14:35:34-03:00,8
41,403,True,2025-01-31T18:56:36-03:00,37
41,374,False,,38
41,379,True,2025-03-15T10:20:25-03:00,19
41,393,True,2024-10-28T22:49:36-03:00,58
41,381,False,,52
41,438,True,2024-11-02T04:08:19-03:00,27
41,441,True,2025-05-31T22:13:57-03:00,15
41,448,True,2025-04-18T11:45:04-03:00,13
41,373,True,2025-02-12T15:13:04-03:00,58
41,369,True,2025-09-25T19:47:27-03:00,21
41,372,True,2025-09-01T07:47:41-03:00,23
41,432,False,,48
41,380,True,2025-09-21T13:03:36-03:00,15
41,405,True,2025-02-16T22:58:37-03:00,53
41,384,True,2025-10-17T00:29:54-03:00,18
41,395,True,2025-04-26T02:43:33-03:00,48
41,410,True,2025-07-10T05:47:15-03:00,42
41,417,False,,49
41,376,True,2024-12-07T01:06:27-03:00,29
41,429,True,2025-06-20T03:04:52-03:00,60
41,387,False,,15
41,427,True,2025-05-01T11:21:01-03:00,60
42,2108,True,2024-11-18T17:42:48-03:00,20
42,2105,False,,43
42,2113,True,2025-03-01T21:08:03-03:00,8
42,2088,True,2025-03-07T22:33:37-03:00,33
43,565,True,2024-11-25T11:48:37-03:00,5
43,569,True,2025-05-02T00:21:10-03:00,24
43,583,True,2025-08-01T20:35:07-03:00,19
43,579,True,2025-05-25T04:27:42-03:00,28
43,580,True,2025-06-06T17:55:35-03:00,36
43,564,False,,23
43,577,True,2024-11-09T07:48:05-03:00,41
43,562,True,2025-04-09T17:56:52-03:00,15
43,563,True,2025-10-07T12:57:42-03:00,52
43,568,True,2024-11-22T23:30:34-03:00,58
43,575,True,2025-08-15T20:41:02-03:00,36
43,593,True,2024-11-10T14:13:47-03:00,15
43,560,True,2024-11-17T10:14:27-03:00,49
45,2597,True,2024-11-06T20:35:03-03:00,59
45,2615,True,2025-03-13T15:31:37-03:00,30
45,2589,True,2025-08-22T05:24:05-03:00,60
45,2611,True,2025-04-08T16:23:02-03:00,51
45,2624,True,2024-12-01T04:08:24-03:00,33
45,2627,True,2025-07-29T20:24:55-03:00,5
45,2612,True,2025-09-25T13:37:17-03:00,36
45,2591,True,2025-08-29T10:48:49-03:00,46
45,2603,True,2025-04-08T14:35:51-03:00,49
45,2583,True,2025-06-12T07:14:32-03:00,39
45,2595,True,2025-09-11T14:37:00-03:00,59
45,2596,True,2025-04-13T08:39:51-03:00,42
45,2605,True,2025-06-29T08:42:39-03:00,27
45,2568,False,,57
45,2574,True,2025-05-15T02:46:23-03:00,41
45,2579,True,2025-10-11T09:48:05-03:00,24
45,2626,True,2025-06-18T18:08:20-03:00,57
45,2575,True,2025-01-09T03:06:52-03:00,47
45,2619,False,,26
45,2586,True,2024-11-19T07:58:59-03:00,59
45,2587,True,2025-08-04T14:27:29-03:00,23
45,2563,True,2025-10-04T23:19:27-03:00,55
45,2623,True,2025-01-25T02:45:33-03:00,42
45,2566,True,2025-05-17T19:54:46-03:00,52
45,2620,True,2025-04-21T01:05:27-03:00,59
45,2570,True,2025-04-22T17:43:34-03:00,29
45,2584,True,2024-12-09T16:49:53-03:00,45
45,2617,True,2025-01-31T02:37:47-03:00,40
45,2631,True,2025-02-04T12:35:49-03:00,39
45,2614,True,2025-08-29T09:15:52-03:00,12
45,2594,True,2025-10-08T11:10:37-03:00,48
45,2565,True,2024-12-27T11:10:46-03:00,23
45,2602,False,,13
45,2592,True,2025-03-05T16:53:13-03:00,58
45,2582,False,,15
45,2600,True,2025-06-09T06:59:21-03:00,49
45,2608,True,2025-01-28T08:37:48-03:00,7
45,2604,True,2025-10-17T15:24:41-03:00,60
45,2590,True,2025-07-07T15:59:04-03:00,35
45,2577,True,2025-06-26T06:09:52-03:00,18
45,2601,True,2025-08-05T06:33:12-03:00,15
45,2616,False,,20
46,2027,True,2025-04-06T08:12:09-03:00,22
46,2045,True,2025-06-09T09:51:19-03:00,37
47,2446,True,2024-11-14T19:43:38-03:00,28
47,2454,True,2025-02-12T17:19:13-03:00,59
47,2439,True,2025-02-27T10:23:16-03:00,51
47,2436,True,2025-02-16T00:51:06-03:00,54
47,2432,True,2025-04-26T20:05:49-03:00,28
47,2467,False,,54
47,2477,False,,23
47,2431,True,2025-04-11T12:31:01-03:00,43
47,2447,True,2025-04-14T14:01:30-03:00,42
47,2434,True,2025-10-05T08:13:24-03:00,29
47,2457,True,2024-10-29T06:22:11-03:00,15
47,2460,True,2025-06-27T04:28:09-03:00,14
47,2443,True,2025-07-02T07:45:39-03:00,26
47,2472,True,2025-01-21T13:30:45-03:00,34
47,2433,False,,59
47,2463,True,2025-06-22T19:38:19-03:00,7
47,2438,True,2024-12-07T22:00:18-03:00,48
47,2459,True,2025-03-24T15:26:33-03:00,26
47,2461,True,2025-01-05T22:25:10-03:00,11
47,2441,True,2025-01-22T09:56:10-03:00,53
47,2475,False,,49
47,2476,False,,41
48,237,True,2025-09-22T10:52:01-03:00,27
48,238,False,,53
48,205,True,2025-10-09T11:34:25-03:00,34
48,224,True,2025-03-27T05:30:01-03:00,12
48,236,True,2025-09-06T15:05:25-03:00,31
48,225,False,,14
48,195,False,,42
48,220,False,,6
48,240,False,,27
48,249,True,2025-07-29T02:28:14-03:00,13
48,233,True,2025-05-01T06:12:51-03:00,27
48,204,True,2025-07-04T22:07:43-03:00,40
48,235,True,2025-02-01T07:48:16-03:00,21
48,246,True,2025-09-27T20:27:49-03:00,32
48,254,True,2024-12-17T15:48:58-03:00,60
48,226,True,2025-04-04T16:38:00-03:00,13
48,202,True,2025-01-25T16:38:09-03:00,49
48,230,True,2025-08-04T12:29:43-03:00,44
48,201,False,,25
48,234,False,,49
48,208,True,2025-01-20T18:38:42-03:00,22
48,209,True,2024-11-20T11:10:08-03:00,18
48,206,True,2025-07-17T14:46:36-03:00,50
48,200,False,,47
48,227,True,2025-10-10T02:40:40-03:00,48
49,1758,False,,29
49,1778,False,,53
49,1757,True,2025-06-04T01:52:59-03:00,22
49,1784,False,,7
49,1731,True,2024-12-09T09:25:50-03:00,53
49,1751,True,2025-06-30T03:57:50-03:00,49
49,1760,False,,21
49,1743,True,2025-03-27T14:28:10-03:00,32
49,1748,True,2025-06-13T17:41:58-03:00,47
49,1722,True,2025-06-29T11:42:31-03:00,18
49,1726,False,,7
49,1766,True,2025-01-30T08:00:12-03:00,32
49,1734,False,,52
49,1781,True,2025-07-14T01:25:37-03:00,20
49,1721,False,,13
49,1730,False,,16
49,1770,False,,43
49,1773,True,2025-08-24T23:20:13-03:00,19
49,1750,True,2025-08-30T22:56:09-03:00,11
49,1754,True,2025-02-04T12:35:23-03:00,17
49,1741,True,2025-03-09T00:28:24-03:00,50
49,1733,True,2025-07-30T02:24:46-03:00,35
49,1765,True,2024-10-25T08:21:38-03:00,27
49,1761,True,2024-12-26T13:20:20-03:00,19
49,1782,True,2024-12-08T07:26:26-03:00,5
49,1769,True,2025-03-19T13:36:52-03:00,49
49,1718,True,2025-07-11T00:15:28-03:00,9
49,1772,True,2025-01-10T10:29:50-03:00,49
49,1724,True,2025-01-23T23:24:59-03:00,40
49,1775,True,2024-12-03T17:30:02-03:00,9
49,1744,True,2025-05-27T02:46:33-03:00,50
49,1785,True,2025-10-07T19:36:01-03:00,35
49,1763,True,2025-03-29T23:13:33-03:00,13
49,1735,False,,29
49,1752,False,,49
49,1728,True,2025-07-09T01:27:54-03:00,6
49,1779,True,2025-10-14T13:09:01-03:00,20
49,1786,True,2025-09-01T10:34:02-03:00,18
49,1723,True,2025-08-09T14:45:17-03:00,22
50,2581,True,2025-03-02T22:54:53-03:00,41
50,2596,True,2025-05-12T23:17:41-03:00,50
50,2575,True,2025-08-13T21:14:23-03:00,34
50,2615,False,,18
50,2602,True,2025-06-14T12:48:19-03:00,57
50,2630,True,2024-12-10T15:28:46-03:00,10
50,2598,True,2025-09-09T01:20:43-03:00,6
50,2577,True,2024-12-23T14:14:21-03:00,9
50,2563,True,2025-08-17T05:15:35-03:00,11
50,2604,True,2024-12-25T03:52:24-03:00,26
50,2600,True,2024-10-27T06:18:53-03:00,53
50,2608,True,2025-02-02T01:25:27-03:00,16
50,2629,True,2024-12-29T16:43:10-03:00,30
50,2601,False,,22
50,2627,False,,32
50,2595,False,,53
50,2573,True,2025-03-13T00:38:51-03:00,51
50,2593,True,2024-12-12T06:23:17-03:00,45
50,2622,False,,20
50,2609,True,2025-10-06T18:18:00-03:00,45
50,2607,True,2025-02-11T12:42:37-03:00,52
50,2603,False,,49
50,2597,False,,8
50,2572,True,2025-06-16T09:43:21-03:00,49
50,2579,False,,9
50,2599,True,2024-12-28T08:03:25-03:00,5
50,2585,True,2025-08-26T08:32:47-03:00,29
50,2592,False,,33
50,2619,True,2025-05-01T15:30:46-03:00,40
50,2587,True,2025-02-20T11:13:20-03:00,7
50,2571,False,,35
50,2611,False,,50
50,2576,False,,36
50,2612,True,2024-12-29T15:26:48-03:00,7
50,2567,False,,5
50,2606,False,,50
51,916,False,,44
51,931,True,2024-10-19T02:42:35-03:00,6
51,906,False,,49
51,910,True,2025-04-28T14:33:42-03:00,41
51,945,False,,21
51,973,True,2025-03-05T03:05:53-03:00,47
51,928,True,2025-05-06T18:29:19-03:00,51
51,954,False,,54
51,940,True,2025-06-15T04:54:09-03:00,55
51,963,False,,42
51,919,True,2025-02-27T21:55:31-03:00,37
51,959,True,2024-10-27T10:12:02-03:00,5
51,926,True,2024-10-18T11:59:24-03:00,55
51,955,True,2025-03-11T15:34:35-03:00,60
51,930,True,2025-03-30T01:30:54-03:00,7
51,936,True,2025-03-27T10:06:22-03:00,11
51,977,True,2025-07-04T11:28:30-03:00,29
51,937,True,2025-06-26T23:21:03-03:00,26
51,962,True,2025-09-15T23:39:02-03:00,18
51,939,False,,12
51,961,True,2025-07-16T21:57:44-03:00,33
51,917,False,,40
51,969,True,2025-03-30T20:51:40-03:00,44
51,943,True,2024-11-04T21:18:19-03:00,30
51,972,True,2025-10-02T17:19:31-03:00,59
51,951,True,2024-12-17T15:20:56-03:00,34
51,905,True,2025-07-23T01:37:48-03:00,33
51,909,True,2024-11-01T23:25:00-03:00,37
51,938,False,,44
52,2042,False,,59
52,2013,True,2025-09-03T06:52:56-03:00,9
52,2017,True,2025-08-14T12:56:01-03:00,56
52,2052,False,,54
52,2014,True,2025-03-24T19:09:21-03:00,47
52,2050,True,2025-08-22T15:05:58-03:00,11
52,2015,True,2025-10-14T02:03:09-03:00,25
52,2027,True,2025-06-29T01:54:20-03:00,26
52,2020,True,2025-01-24T00:04:14-03:00,53
52,2016,True,2024-11-11T01:07:37-03:00,43
52,2051,True,2024-11-30T20:04:57-03:00,16
52,2047,True,2025-01-18T19:15:07-03:00,33
52,2035,True,2025-05-06T00:20:01-03:00,5
52,2038,True,2025-01-20T02:43:53-03:00,6
52,2054,True,2025-05-23T10:08:54-03:00,42
55,815,True,2025-06-20T22:06:56-03:00,21
55,828,True,2025-08-26T02:58:53-03:00,42
55,801,True,2025-07-31T07:49:18-03:00,30
55,829,True,2025-06-20T13:48:19-03:00,57
55,819,True,2025-02-16T13:49:15-03:00,38
55,832,True,2025-04-14T07:15:51-03:00,21
55,790,False,,39
55,814,True,2025-08-21T06:46:31-03:00,18
55,804,True,2025-04-23T16:39:59-03:00,18
55,782,True,2025-05-31T06:38:33-03:00,10
55,820,True,2025-03-14T02:37:28-03:00,45
55,810,True,2025-05-11T17:16:41-03:00,59
55,821,True,2025-08-16T00:02:06-03:00,45
55,783,True,2025-01-22T10:19:44-03:00,13
55,802,True,2025-01-15T03:56:49-03:00,51
55,787,True,2025-06-11T12:33:51-03:00,6
55,813,True,2025-05-13T00:53:13-03:00,30
55,816,True,2025-06-01T10:08:53-03:00,29
55,817,True,2025-10-02T15:37:23-03:00,55
55,795,True,2024-11-25T16:02:37-03:00,33
55,822,True,2025-09-20T09:04:16-03:00,19
55,776,False,,16
55,818,True,2024-12-01T22:07:42-03:00,29
55,800,True,2024-12-21T15:02:59-03:00,15
55,826,True,2025-02-07T23:06:37-03:00,43
55,827,True,2024-10-20T02:25:19-03:00,42
55,831,True,2025-09-13T18:57:46-03:00,53
55,812,True,2025-01-30T14:57:40-03:00,46
55,808,True,2025-07-30T05:15:34-03:00,32
55,805,False,,54
55,794,True,2025-05-14T15:48:32-03:00,29
55,778,True,2025-05-14T20:58:45-03:00,49
55,785,True,2025-10-09T03:12:53-03:00,44
55,780,True,2024-12-22T16:08:35-03:00,36
55,824,True,2025-05-19T23:09:28-03:00,39
55,807,True,2025-07-25T21:12:26-03:00,51
55,786,True,2025-03-08T02:28:21-03:00,52
55,784,True,2025-06-02T14:53:40-03:00,57
55,792,True,2025-10-07T00:57:17-03:00,16
55,799,True,2025-06-20T03:40:13-03:00,57
55,781,True,2025-09-05T19:09:50-03:00,30
55,779,False,,28
55,830,True,2025-07-02T13:30:06-03:00,42
55,803,True,2025-05-26T12:12:30-03:00,14
55,788,True,2025-10-10T11:57:10-03:00,40
55,825,True,2025-04-14T18:30:48-03:00,19
55,823,True,2025-01-21T16:59:10-03:00,28
55,797,True,2025-01-22T01:30:11-03:00,5
58,2083,True,2024-11-27T17:21:18-03:00,38
58,2080,True,2025-02-18T17:56:48-03:00,10
58,2094,True,2024-11-11T23:38:45-03:00,53
58,2105,False,,46
58,2085,True,2025-08-17T01:37:29-03:00,6
58,2093,True,2025-05-28T04:03:34-03:00,16
58,2097,True,2025-09-03T02:50:49-03:00,26
58,2101,False,,38
58,2095,True,2025-08-05T21:10:17-03:00,41
58,2090,True,2025-07-14T20:38:12-03:00,46
59,2233,False,,13
59,2271,True,2025-05-12T11:57:06-03:00,39
59,2227,True,2025-06-12T21:58:34-03:00,27
59,2249,True,2025-09-17T00:06:27-03:00,56
59,2253,False,,58
59,2274,False,,37
59,2225,False,,6
59,2269,True,2025-02-15T03:55:25-03:00,24
59,2256,True,2024-11-04T19:55:22-03:00,17
59,2229,True,2024-11-15T21:51:49-03:00,56
59,2267,True,2025-07-17T18:55:13-03:00,44
59,2247,False,,56
59,2258,False,,46
59,2228,False,,25
59,2255,True,2025-02-01T17:18:01-03:00,24
59,2254,True,2024-10-19T19:47:39-03:00,30
59,2246,True,2025-07-07T21:38:53-03:00,28
59,2265,True,2024-11-26T14:25:53-03:00,36
59,2245,True,2025-03-21T08:27:13-03:00,18
59,2231,False,,29
59,2234,False,,50
59,2242,True,2025-06-26T11:54:09-03:00,8
59,2250,False,,21
59,2240,True,2025-10-06T11:27:20-03:00,23
59,2235,False,,27
59,2248,True,2025-08-07T09:34:59-03:00,58
59,2260,True,2025-04-16T06:48:46-03:00,40
59,2270,True,2025-02-22T15:37:40-03:00,40
60,1876,True,2025-04-03T15:30:27-03:00,41
60,1893,True,2025-09-27T08:38:46-03:00,47
60,1869,True,2025-01-25T15:54:56-03:00,55
60,1884,True,2025-05-01T02:57:24-03:00,10
60,1917,True,2025-01-25T10:55:38-03:00,9
60,1923,True,2025-09-23T06:39:34-03:00,11
60,1891,True,2024-11-01T13:59:22-03:00,51
60,1898,True,2025-03-09T06:12:54-03:00,45
60,1877,True,2025-10-14T12:14:58-03:00,58
60,1871,True,2025-03-11T09:25:30-03:00,20
61,716,True,2025-08-12T18:33:50-03:00,31
62,712,True,2025-05-31T04:27:51-03:00,12
62,704,True,2025-07-02T19:21:23-03:00,13
62,706,True,2024-12-16T15:09:58-03:00,14
62,692,True,2024-10-29T22:30:20-03:00,29
62,722,True,2025-09-03T11:13:03-03:00,46
62,705,True,2025-04-03T21:17:12-03:00,60
62,711,True,2025-09-08T22:59:06-03:00,10
62,690,True,2025-07-28T07:19:52-03:00,38
62,707,True,2024-10-19T07:14:07-03:00,19
62,702,True,2025-02-05T23:06:07-03:00,40
62,695,True,2025-09-26T03:41:20-03:00,24
62,687,True,2025-01-14T23:57:26-03:00,16
62,715,True,2025-06-18T12:42:38-03:00,5
62,713,False,,56
62,700,True,2025-02-21T23:35:41-03:00,22
62,721,True,2025-07-24T21:48:07-03:00,52
62,720,True,2025-06-30T00:07:29-03:00,51
62,719,False,,41
62,708,True,2024-10-25T04:19:17-03:00,47
62,693,True,2025-03-29T09:21:58-03:00,22
62,689,True,2024-12-06T21:11:04-03:00,59
62,688,True,2025-02-01T00:50:11-03:00,12
62,717,False,,37
62,723,True,2025-07-17T12:00:47-03:00,23
62,697,True,2025-10-06T00:46:01-03:00,26
62,691,False,,43
62,714,True,2025-01-28T15:25:10-03:00,38
62,701,True,2025-02-12T15:25:10-03:00,19
62,686,False,,6
62,698,True,2025-09-14T04:57:12-03:00,8
62,710,True,2025-09-15T03:00:52-03:00,16
62,699,False,,40
62,696,True,2025-09-08T10:15:37-03:00,54
63,1219,True,2025-04-03T07:44:55-03:00,18
63,1212,True,2025-06-04T04:30:43-03:00,26
63,1213,True,2025-07-15T08:21:12-03:00,27
63,1218,True,2025-02-16T06:28:39-03:00,13
63,1250,False,,40
63,1223,True,2025-06-28T00:24:53-03:00,60
63,1240,True,2025-03-26T13:15:45-03:00,39
63,1251,True,2024-11-01T10:15:48-03:00,7
63,1216,True,2025-06-22T19:30:13-03:00,53
63,1232,False,,40
63,1236,True,2025-02-20T20:51:27-03:00,17
63,1220,True,2025-08-07T04:18:00-03:00,60
63,1221,False,,8
63,1211,True,2025-08-31T09:53:58-03:00,39
63,1210,True,2025-02-20T09:29:56-03:00,12
63,1253,False,,21
63,1217,True,2025-06-28T13:46:00-03:00,7
63,1244,False,,52
63,1245,True,2025-03-20T07:59:48-03:00,11
63,1237,True,2025-06-15T15:49:48-03:00,42
63,1230,True,2025-09-13T00:43:42-03:00,15
63,1229,True,2025-07-10T02:45:01-03:00,43
63,1252,False,,44
63,1214,False,,57
63,1233,True,2024-11-14T10:01:54-03:00,10
63,1239,True,2025-01-25T06:19:29-03:00,26
63,1227,True,2025-03-20T06:05:00-03:00,47
63,1222,True,2025-08-29T00:38:11-03:00,29
63,1249,True,2025-07-01T03:03:29-03:00,22
63,1234,True,2024-10-21T20:33:10-03:00,17
63,1246,True,2025-05-13T19:37:01-03:00,50
63,1235,True,2025-04-01T06:27:46-03:00,47
63,1228,True,2025-01-18T04:11:20-03:00,58
63,1248,True,2024-12-27T20:58:07-03:00,17
63,1231,True,2025-03-24T01:00:59-03:00,60
63,1224,True,2025-06-24T04:22:38-03:00,59
63,1243,True,2025-10-01T19:10:42-03:00,45
63,1215,True,2025-10-03T19:04:19-03:00,12
63,1242,True,2025-03-28T18:56:47-03:00,10
64,2297,False,,60
64,2291,True,2025-09-28T18:24:02-03:00,52
64,2313,True,2025-09-28T20:05:15-03:00,19
64,2332,True,2025-04-02T20:11:54-03:00,55
64,2317,True,2025-01-06T20:06:34-03:00,13
64,2289,True,2024-12-16T06:06:35-03:00,46
64,2284,True,2025-06-17T00:54:50-03:00,40
64,2352,True,2025-03-03T14:22:28-03:00,39
64,2343,True,2025-03-07T12:40:31-03:00,9
64,2293,True,2024-10-25T20:41:52-03:00,41
64,2290,True,2025-09-09T20:47:11-03:00,37
64,2296,True,2025-06-26T21:48:19-03:00,14
64,2331,True,2025-06-15T22:28:02-03:00,5
64,2307,True,2025-07-27T09:58:59-03:00,56
64,2287,True,2025-07-06T03:45:57-03:00,6
64,2275,True,2024-11-13T04:50:52-03:00,21
64,2281,False,,25
64,2330,False,,58
64,2300,True,2025-07-05T07:23:01-03:00,27
64,2283,True,2025-06-19T11:43:48-03:00,24
64,2353,False,,13
64,2309,True,2024-12-26T12:40:21-03:00,24
64,2346,True,2025-04-01T00:55:53-03:00,34
64,2327,True,2024-11-29T19:24:43-03:00,40
64,2318,True,2024-10-21T04:17:31-03:00,53
64,2285,True,2024-10-22T17:35:29-03:00,42
64,2276,True,2025-05-06T16:14:35-03:00,14
64,2342,True,2025-03-08T12:44:59-03:00,60
64,2299,True,2025-07-05T13:14:39-03:00,26
64,2277,True,2025-08-22T14:28:01-03:00,36
64,2339,True,2025-02-02T18:34:28-03:00,60
64,2316,True,2025-09-01T22:35:55-03:00,33
64,2335,True,2025-07-03T23:18:09-03:00,22
64,2350,True,2024-11-11T12:15:22-03:00,15
64,2349,False,,26
64,2303,False,,16
64,2306,True,2025-01-30T09:03:10-03:00,22
64,2314,True,2024-11-15T15:57:11-03:00,40
64,2280,True,2025-08-10T11:33:24-03:00,7
64,2298,False,,38
64,2302,True,2025-10-17T10:38:20-03:00,51
64,2315,True,2025-03-17T14:28:49-03:00,41
64,2305,True,2025-05-16T15:22:44-03:00,57
64,2310,True,2025-01-17T09:50:36-03:00,46
64,2279,True,2024-12-27T14:17:40-03:00,38
64,2321,False,,46
64,2325,True,2025-07-28T06:03:13-03:00,60
64,2341,True,2025-08-09T09:54:41-03:00,10
64,2308,True,2025-08-13T04:55:37-03:00,12
64,2319,True,2025-09-12T06:50:28-03:00,18
64,2334,True,2025-02-16T15:21:27-03:00,49
64,2323,True,2024-12-25T02:23:36-03:00,10
64,2345,True,2025-06-01T00:07:51-03:00,47
64,2311,True,2024-11-22T07:58:14-03:00,43
64,2347,True,2025-07-30T15:11:07-03:00,52
64,2326,False,,27
64,2320,True,2025-01-22T02:14:03-03:00,5
64,2282,True,2025-03-07T09:14:45-03:00,23
64,2348,True,2025-09-12T17:27:30-03:00,60
64,2286,True,2025-02-02T20:41:51-03:00,55
65,852,False,,48
65,875,True,2025-04-15T15:20:39-03:00,34
65,854,False,,41
65,871,False,,31
65,865,False,,5
65,857,True,2024-11-02T14:48:19-03:00,24
65,894,True,2025-09-07T15:53:00-03:00,19
66,1908,True,2025-03-26T09:24:28-03:00,46
66,1946,True,2025-08-27T01:07:09-03:00,47
66,1913,False,,44
66,1925,True,2024-11-09T22:11:06-03:00,36
66,1888,True,2025-06-21T14:11:25-03:00,11
66,1917,True,2025-05-30T08:45:14-03:00,43
66,1886,True,2025-09-27T18:32:50-03:00,19
66,1887,True,2025-10-08T16:00:46-03:00,55
66,1896,True,2025-06-28T22:27:32-03:00,36
66,1889,True,2025-06-05T20:30:24-03:00,6
66,1940,True,2025-04-26T11:31:11-03:00,26
66,1907,True,2025-03-08T00:57:41-03:00,27
66,1936,True,2025-07-22T18:09:59-03:00,7
66,1912,True,2025-05-14T03:49:22-03:00,36
66,1932,True,2024-11-26T04:54:35-03:00,28
66,1915,False,,37
66,1870,True,2025-01-03T08:30:02-03:00,43
66,1911,True,2024-12-29T23:00:26-03:00,60
66,1935,True,2025-05-01T16:37:00-03:00,13
66,1918,True,2025-06-12T03:18:24-03:00,47
66,1892,True,2025-07-17T22:39:56-03:00,30
66,1938,True,2025-03-01T02:09:32-03:00,34
66,1916,True,2025-04-13T17:40:53-03:00,11
66,1929,True,2024-10-27T02:55:02-03:00,28
66,1875,False,,38
66,1895,True,2024-10-29T03:45:47-03:00,22
66,1899,True,2025-09-03T15:56:44-03:00,31
66,1945,True,2025-06-18T08:17:11-03:00,18
66,1943,True,2025-05-13T05:08:40-03:00,59
66,1937,True,2025-08-06T11:38:35-03:00,57
66,1884,True,2025-04-02T00:42:59-03:00,49
66,1921,True,2025-06-09T09:29:18-03:00,59
66,1927,True,2025-01-04T18:46:04-03:00,56
66,1898,False,,25
66,1869,True,2025-06-24T13:17:37-03:00,29
66,1928,True,2025-01-01T19:17:37-03:00,23
66,1879,True,2025-07-28T23:10:36-03:00,54
66,1897,True,2025-07-13T02:18:31-03:00,57
66,1942,False,,54
66,1930,True,2025-03-15T04:35:13-03:00,22
66,1926,False,,28
66,1881,True,2025-06-12T20:32:01-03:00,28
66,1876,False,,39
66,1902,True,2025-02-20T04:45:43-03:00,47
66,1905,True,2024-10-29T23:37:41-03:00,38
66,1941,True,2025-06-06T15:35:56-03:00,59
66,1894,True,2025-10-05T02:27:27-03:00,55
66,1893,True,2025-04-27T03:03:40-03:00,28
66,1924,False,,9
66,1923,True,2025-07-05T14:46:19-03:00,53
66,1903,True,2024-11-15T05:44:24-03:00,48
66,1910,False,,43
66,1939,True,2025-01-01T08:42:33-03:00,55
66,1909,True,2024-11-16T14:40:38-03:00,32
66,1891,True,2025-08-18T15:49:02-03:00,55
68,880,True,2025-04-14T18:27:37-03:00,33
68,877,True,2025-08-27T21:25:09-03:00,18
68,868,True,2025-09-07T19:39:20-03:00,48
68,874,True,2025-04-21T19:05:55-03:00,57
68,854,True,2025-05-30T13:25:03-03:00,31
68,864,True,2025-07-21T12:11:51-03:00,19
68,845,True,2025-08-30T02:06:03-03:00,18
69,522,True,2025-08-06T04:19:39-03:00,14
69,462,False,,39
69,484,True,2025-07-01T02:08:28-03:00,28
69,499,True,2025-04-25T19:28:16-03:00,5
69,482,True,2024-11-23T17:18:46-03:00,8
69,513,True,2025-02-04T13:17:03-03:00,25
69,512,True,2025-06-30T15:39:21-03:00,14
69,503,True,2024-10-21T15:44:59-03:00,10
69,463,True,2025-10-09T04:24:33-03:00,16
69,524,False,,52
69,465,True,2024-12-06T15:55:55-03:00,33
69,485,True,2025-03-02T13:39:34-03:00,59
69,514,False,,23
69,478,True,2025-09-01T07:11:05-03:00,13
69,466,True,2025-02-10T14:56:38-03:00,52
69,504,True,2025-06-02T06:12:15-03:00,49
69,505,True,2025-01-21T11:35:06-03:00,14
69,519,True,2025-02-04T04:51:26-03:00,28
69,508,True,2025-09-01T04:29:38-03:00,40
69,461,True,2025-09-12T19:51:14-03:00,57
69,495,True,2025-08-17T21:19:28-03:00,33
69,476,False,,31
69,517,True,2025-03-14T19:02:05-03:00,20
69,487,False,,39
69,459,False,,33
69,510,True,2025-03-25T21:43:49-03:00,6
69,494,True,2025-05-16T06:50:21-03:00,31
69,509,True,2025-02-27T21:14:12-03:00,45
69,481,True,2025-01-12T23:16:37-03:00,23
69,474,True,2025-09-18T10:17:24-03:00,44
69,460,True,2025-08-21T18:32:39-03:00,7
69,490,True,2025-04-24T19:57:37-03:00,22
69,467,True,2025-06-22T18:43:28-03:00,42
69,498,True,2025-09-12T03:19:21-03:00,10
69,483,True,2025-02-08T14:04:48-03:00,9
69,473,False,,45
69,520,True,2024-11-22T11:30:59-03:00,36
69,471,True,2024-10-21T03:24:53-03:00,38
69,518,True,2025-04-20T06:59:52-03:00,26
69,527,True,2025-02-09T15:34:31-03:00,55
69,486,False,,10
69,516,True,2025-04-24T20:09:34-03:00,50
69,523,True,2025-01-03T14:31:50-03:00,13
69,491,True,2025-06-09T10:07:13-03:00,10
69,496,True,2024-12-14T00:16:17-03:00,24
69,470,True,2024-11-27T23:45:28-03:00,46
69,488,False,,43
69,492,False,,55
69,502,True,2025-04-11T04:46:44-03:00,28
69,480,True,2025-09-27T17:26:50-03:00,35
69,479,False,,27
69,525,True,2025-04-22T16:11:51-03:00,60
69,477,False,,12
69,501,True,2025-09-19T15:26:25-03:00,53
69,500,True,2025-06-15T18:54:17-03:00,10
69,458,True,2025-02-14T13:23:11-03:00,44
69,456,True,2025-05-23T14:41:18-03:00,18
69,515,True,2025-04-06T16:56:28-03:00,31
69,472,True,2025-02-14T15:58:53-03:00,29
69,457,True,2025-09-19T22:55:12-03:00,53
69,455,False,,47
69,497,True,2025-04-18T06:25:58-03:00,32
69,454,True,2025-05-24T14:11:57-03:00,43
69,475,False,,33
69,521,False,,23
69,511,False,,21
69,506,False,,52
69,489,True,2024-11-03T08:04:30-03:00,26
69,493,True,2025-02-04T00:31:09-03:00,28
69,526,True,2025-04-01T04:21:09-03:00,43
69,507,True,2025-10-04T16:12:19-03:00,29
72,740,False,,22
72,735,True,2024-10-23T01:20:24-03:00,27
72,761,True,2025-08-26T03:58:44-03:00,50
72,748,True,2025-08-04T17:44:04-03:00,60
72,775,False,,48
72,736,True,2025-01-19T22:41:03-03:00,30
72,751,True,2025-07-23T00:22:05-03:00,46
72,762,True,2025-04-10T08:01:18-03:00,21
72,769,False,,20
72,759,True,2024-12-29T20:30:24-03:00,27
72,746,True,2025-03-09T00:10:54-03:00,9
72,750,True,2025-02-02T18:55:51-03:00,20
72,738,True,2025-09-09T03:03:25-03:00,37
72,749,True,2025-03-15T14:23:38-03:00,39
72,743,True,2024-11-08T21:05:01-03:00,30
72,772,True,2025-10-08T11:44:28-03:00,35
72,734,True,2025-05-03T13:21:11-03:00,9
72,770,True,2025-05-26T12:44:59-03:00,44
72,729,True,2024-12-12T20:33:29-03:00,32
72,741,True,2025-04-21T13:10:16-03:00,52
72,755,True,2024-10-28T19:51:29-03:00,47
72,760,True,2025-02-11T04:59:31-03:00,52
72,745,True,2025-03-11T22:41:03-03:00,33
72,767,True,2024-10-31T13:25:44-03:00,44
72,732,True,2024-12-25T15:04:52-03:00,34
72,773,True,2025-06-18T08:01:53-03:00,59
72,757,True,2025-09-05T22:11:53-03:00,10
72,763,True,2025-08-04T18:22:30-03:00,17
72,725,False,,19
72,766,True,2025-03-19T21:51:05-03:00,41
72,724,True,2025-05-14T22:13:27-03:00,25
73,1273,True,2025-03-30T23:07:37-03:00,41
73,1264,True,2025-08-01T07:39:59-03:00,58
73,1291,False,,54
73,1254,True,2024-11-11T17:08:53-03:00,57
73,1284,True,2025-02-23T16:22:42-03:00,36
73,1263,True,2025-06-18T10:45:45-03:00,25
73,1267,True,2024-12-21T11:52:01-03:00,18
73,1266,True,2025-04-25T03:33:01-03:00,52
73,1269,True,2025-08-23T23:46:14-03:00,12
73,1261,True,2025-06-15T03:32:59-03:00,54
73,1274,True,2025-02-03T02:39:57-03:00,54
73,1265,True,2025-08-25T01:23:30-03:00,11
73,1255,True,2025-01-12T11:06:55-03:00,35
73,1270,True,2025-05-24T15:14:33-03:00,19
73,1283,True,2025-09-08T14:22:40-03:00,16
75,2475,True,2025-05-14T17:03:47-03:00,8
75,2426,True,2025-02-14T10:59:54-03:00,9
75,2430,True,2024-11-16T03:17:06-03:00,52
75,2434,True,2025-09-04T05:17:54-03:00,9
75,2435,True,2025-01-29T02:54:55-03:00,43
75,2427,True,2025-04-19T07:30:25-03:00,34
75,2438,True,2025-06-13T19:46:17-03:00,8
75,2446,True,2024-11-24T17:03:09-03:00,48
75,2476,True,2024-12-13T16:16:46-03:00,59
75,2469,True,2025-02-14T12:48:06-03:00,48
75,2452,False,,30
75,2449,True,2025-07-29T10:12:51-03:00,36
75,2431,True,2025-09-21T18:11:04-03:00,47
75,2464,True,2024-12-08T00:46:37-03:00,59
78,706,True,2024-11-12T06:56:31-03:00,31
78,687,True,2025-10-12T11:33:02-03:00,15
78,714,True,2025-07-14T13:42:32-03:00,12
78,713,True,2025-08-29T09:59:53-03:00,51
78,696,False,,5
78,700,True,2025-06-22T02:59:55-03:00,24
78,723,True,2025-08-29T16:13:33-03:00,12
78,688,True,2024-12-12T12:31:58-03:00,10
78,709,True,2024-11-28T16:01:42-03:00,42
78,718,False,,52
78,692,True,2025-03-13T04:08:59-03:00,20
78,703,True,2025-01-06T06:21:22-03:00,57
78,691,True,2025-03-18T12:59:39-03:00,17
78,722,True,2025-06-04T17:27:58-03:00,5
78,704,True,2024-10-22T23:10:40-03:00,37
78,715,True,2025-04-07T12:26:45-03:00,30
78,686,True,2025-06-04T10:43:22-03:00,29
78,717,True,2024-12-18T23:19:48-03:00,6
78,721,True,2025-06-19T17:57:46-03:00,58
78,699,True,2025-07-14T05:03:30-03:00,27
80,1434,True,2024-10-22T23:22:00-03:00,27
80,1389,True,2025-05-21T15:42:28-03:00,42
80,1380,True,2025-07-10T19:44:47-03:00,41
80,1394,True,2024-12-02T01:49:08-03:00,27
80,1400,False,,40
80,1426,True,2025-07-21T22:27:59-03:00,27
80,1435,True,2024-11-28T19:08:31-03:00,35
80,1419,True,2025-03-24T19:39:18-03:00,28
80,1414,False,,17
80,1430,True,2025-04-22T17:12:29-03:00,30
80,1444,True,2025-02-15T18:49:28-03:00,28
80,1412,False,,41
80,1399,True,2025-07-26T15:05:30-03:00,15
80,1370,True,2024-11-12T23:42:20-03:00,31
80,1421,False,,12
80,1428,True,2024-12-28T09:45:44-03:00,9
80,1403,True,2024-12-08T08:49:51-03:00,47
80,1377,True,2024-11-12T01:11:33-03:00,35
80,1387,False,,10
80,1393,True,2025-04-30T16:40:50-03:00,19
80,1409,True,2025-10-14T22:37:44-03:00,27
80,1433,False,,39
80,1442,True,2025-03-15T11:39:49-03:00,34
80,1425,True,2025-07-11T15:00:40-03:00,43
80,1368,True,2025-08-10T06:29:35-03:00,14
80,1417,True,2025-03-30T08:33:51-03:00,51
80,1390,True,2025-02-27T15:00:50-03:00,59
80,1427,True,2025-03-26T23:49:27-03:00,5
80,1439,True,2025-08-06T00:02:02-03:00,9
80,1381,True,2025-03-24T14:46:12-03:00,18
80,1408,True,2025-04-09T20:50:33-03:00,10
80,1415,True,2024-12-09T00:38:57-03:00,15
80,1405,False,,51
80,1371,True,2025-06-09T14:31:19-03:00,8
80,1392,True,2024-12-02T17:51:53-03:00,17
80,1378,True,2025-07-03T18:10:00-03:00,23
80,1374,False,,31
80,1391,True,2025-09-23T20:24:50-03:00,43
80,1437,True,2025-03-16T05:15:05-03:00,33
80,1431,False,,9
80,1383,True,2025-04-01T11:31:12-03:00,54
80,1382,True,2025-05-09T14:46:03-03:00,56
80,1443,False,,8
80,1410,True,2025-10-14T15:04:14-03:00,59
80,1401,True,2025-05-24T00:21:50-03:00,6
80,1386,False,,46
80,1385,True,2025-07-20T02:30:56-03:00,28
80,1424,True,2025-10-11T16:34:09-03:00,30
80,1438,False,,47
80,1396,True,2025-08-12T15:17:17-03:00,34
80,1384,True,2025-03-16T05:14:55-03:00,25
80,1441,True,2025-07-16T07:09:57-03:00,21
80,1407,True,2024-11-08T03:48:40-03:00,50
80,1397,True,2025-02-03T01:44:17-03:00,21
80,1388,True,2025-05-13T09:13:09-03:00,48
80,1367,True,2024-10-20T23:20:32-03:00,30
80,1372,False,,30
80,1379,True,2024-11-11T22:52:33-03:00,7
80,1445,False,,55
80,1416,False,,17
80,1423,True,2025-06-04T11:09:50-03:00,54
80,1375,True,2025-04-14T09:37:45-03:00,55
80,1436,False,,34
80,1402,False,,28
80,1404,True,2024-11-09T10:58:09-03:00,41
83,2447,True,2024-11-29T21:39:27-03:00,15
83,2439,True,2025-09-21T00:56:24-03:00,24
83,2429,True,2025-10-05T19:58:14-03:00,48
83,2432,True,2025-09-26T09:04:18-03:00,59
83,2426,True,2025-09-28T20:42:29-03:00,27
83,2469,True,2025-02-24T12:07:39-03:00,38
83,2446,True,2024-12-24T00:11:49-03:00,10
83,2460,True,2025-01-24T20:53:38-03:00,50
83,2457,True,2025-06-15T09:07:48-03:00,41
83,2477,False,,55
83,2454,True,2025-02-02T22:07:19-03:00,26
83,2428,True,2025-05-07T01:31:26-03:00,28
83,2443,True,2025-04-22T20:12:12-03:00,23
83,2471,True,2024-10-31T15:37:17-03:00,15
83,2441,False,,25
83,2427,True,2025-01-13T01:27:43-03:00,33
83,2462,True,2025-04-20T13:29:40-03:00,55
83,2440,True,2025-02-02T04:42:23-03:00,56
83,2438,True,2025-05-22T22:56:41-03:00,30
83,2455,True,2024-10-29T12:35:22-03:00,9
83,2473,True,2024-12-30T20:59:41-03:00,34
83,2474,True,2025-06-08T00:16:59-03:00,8
83,2437,False,,54
83,2444,True,2025-08-04T14:05:18-03:00,14
83,2468,True,2025-05-24T20:51:21-03:00,42
83,2466,True,2025-05-25T03:54:39-03:00,47
83,2467,True,2025-07-10T09:28:08-03:00,48
83,2464,True,2025-04-28T08:45:13-03:00,51
83,2435,True,2025-03-16T08:20:11-03:00,11
83,2463,True,2025-05-13T12:00:12-03:00,34
83,2478,False,,47
83,2434,True,2025-01-06T01:43:16-03:00,30
83,2450,True,2025-08-13T11:19:46-03:00,27
83,2459,True,2025-05-09T01:16:20-03:00,15
83,2431,True,2025-10-03T14:35:38-03:00,60
83,2456,True,2024-12-22T05:20:20-03:00,16
83,2470,True,2024-12-07T00:28:30-03:00,26
83,2442,False,,41
83,2436,False,,41
83,2452,True,2025-08-06T13:44:28-03:00,50
83,2445,True,2024-12-17T17:36:16-03:00,42
83,2453,True,2025-05-21T08:19:35-03:00,52
83,2458,True,2024-11-01T23:36:04-03:00,54
83,2472,True,2025-03-24T23:12:53-03:00,40
83,2461,True,2024-12-21T13:14:34-03:00,57
83,2448,True,2025-09-23T00:09:57-03:00,43
83,2451,False,,58
83,2430,False,,24
85,2769,True,2025-08-02T07:07:30-03:00,48
85,2761,True,2025-09-08T05:58:10-03:00,46
85,2785,False,,6
85,2813,True,2025-10-13T03:48:35-03:00,14
85,2778,True,2025-05-01T19:40:54-03:00,24
85,2799,True,2025-03-08T21:48:49-03:00,27
85,2815,False,,28
85,2808,False,,28
85,2810,False,,40
85,2802,True,2025-03-28T23:03:38-03:00,7
85,2787,True,2025-01-02T09:18:26-03:00,25
85,2804,True,2025-01-20T11:33:40-03:00,57
85,2822,True,2025-01-20T23:08:59-03:00,60
85,2796,False,,43
85,2800,True,2025-07-24T23:07:52-03:00,17
85,2792,False,,50
85,2765,True,2025-09-27T17:31:05-03:00,20
85,2794,True,2024-10-21T02:04:36-03:00,34
85,2786,True,2025-01-24T23:12:22-03:00,49
85,2781,False,,33
85,2760,False,,29
85,2803,True,2025-08-26T18:51:50-03:00,55
85,2812,True,2025-10-01T02:53:17-03:00,59
85,2762,True,2025-06-21T19:07:24-03:00,49
85,2775,True,2025-05-30T06:48:49-03:00,56
85,2776,True,2025-04-07T01:52:57-03:00,58
85,2772,True,2025-01-31T10:29:19-03:00,43
85,2801,True,2024-12-16T11:05:41-03:00,26
85,2784,True,2025-02-16T18:42:05-03:00,20
85,2820,False,,53
85,2807,False,,54
85,2757,True,2025-05-31T04:23:11-03:00,17
85,2774,True,2025-06-23T05:10:10-03:00,31
85,2759,False,,38
85,2814,True,2025-03-04T22:02:51-03:00,50
85,2773,True,2025-01-10T17:57:47-03:00,51
85,2768,False,,53
85,2783,True,2025-01-29T07:51:48-03:00,54
85,2779,True,2025-06-17T04:12:22-03:00,21
85,2764,True,2025-09-30T03:00:17-03:00,15
88,1150,True,2025-07-01T17:20:47-03:00,33
88,1204,True,2024-12-02T22:01:59-03:00,45
88,1174,False,,29
88,1147,True,2025-08-12T17:42:49-03:00,55
88,1166,True,2025-09-19T21:22:37-03:00,11
88,1192,True,2025-02-18T05:28:22-03:00,10
88,1146,True,2025-01-19T00:46:45-03:00,9
88,1151,True,2024-10-23T22:15:25-03:00,27
88,1143,True,2025-02-22T16:54:24-03:00,57
89,2196,True,2024-12-01T06:56:16-03:00,57
89,2210,True,2025-03-02T00:50:53-03:00,41
89,2223,True,2024-12-26T18:40:36-03:00,53
89,2211,True,2025-02-14T21:38:08-03:00,31
89,2203,True,2025-01-26T10:01:14-03:00,24
89,2200,True,2025-03-18T00:54:32-03:00,57
89,2219,False,,34
89,2180,False,,15
89,2186,True,2024-10-27T19:40:06-03:00,28
89,2220,True,2025-02-03T07:15:37-03:00,21
89,2214,False,,25
89,2206,False,,10
89,2207,True,2024-12-11T10:54:10-03:00,36
90,1531,True,2024-12-27T20:39:48-03:00,55
90,1573,True,2025-09-15T21:21:35-03:00,53
90,1536,False,,25
90,1527,True,2025-07-16T18:56:13-03:00,20
90,1528,True,2024-11-20T18:28:51-03:00,57
90,1532,False,,33
90,1564,False,,6
90,1541,True,2025-06-15T03:32:25-03:00,46
90,1558,True,2025-04-09T17:31:59-03:00,17
90,1526,True,2025-04-02T15:29:44-03:00,20
90,1516,True,2025-02-20T20:32:51-03:00,6
90,1537,True,2025-01-06T07:30:22-03:00,47
90,1525,True,2025-07-11T17:09:22-03:00,41
90,1517,True,2025-09-04T09:04:11-03:00,15
90,1574,True,2024-11-17T07:43:06-03:00,59
90,1578,True,2025-07-23T11:38:59-03:00,60
90,1569,True,2025-04-28T09:45:36-03:00,8
90,1520,True,2025-10-07T23:01:48-03:00,46
90,1542,True,2025-03-13T10:54:55-03:00,43
90,1562,False,,30
90,1550,True,2025-10-12T21:21:36-03:00,12
90,1580,True,2025-01-09T16:21:29-03:00,41
90,1576,False,,43
90,1519,True,2025-07-08T21:36:33-03:00,16
90,1529,True,2025-10-09T21:42:53-03:00,5
90,1579,True,2025-10-02T16:44:40-03:00,42
90,1546,False,,47
90,1534,True,2024-11-15T12:51:28-03:00,5
90,1559,True,2025-06-05T13:14:21-03:00,42
90,1524,False,,59
90,1565,False,,42
90,1555,True,2024-11-29T05:25:14-03:00,34
90,1543,False,,16
90,1571,True,2025-04-27T03:05:51-03:00,30
90,1515,True,2025-06-29T09:11:19-03:00,48
90,1548,True,2025-09-16T07:13:02-03:00,56
90,1547,True,2024-11-11T20:44:30-03:00,15
90,1568,True,2025-01-27T14:01:30-03:00,29
90,1533,True,2024-11-14T18:41:34-03:00,33
90,1538,True,2025-04-14T00:03:03-03:00,24
90,1566,True,2025-10-14T22:00:43-03:00,52
90,1518,True,2025-07-17T16:58:43-03:00,28
91,873,True,2024-10-26T22:54:18-03:00,16
91,904,True,2024-11-18T22:58:19-03:00,60
91,900,True,2025-06-22T22:52:40-03:00,43
91,844,False,,57
91,875,True,2025-05-01T13:43:59-03:00,54
91,887,True,2024-12-17T23:07:51-03:00,52
91,854,True,2025-05-27T00:10:08-03:00,5
91,880,True,2025-08-15T15:32:34-03:00,17
91,886,False,,45
91,853,True,2025-08-31T18:11:42-03:00,19
91,872,False,,37
91,849,True,2025-08-29T12:55:28-03:00,60
91,867,False,,32
91,845,True,2024-11-10T13:58:56-03:00,38
91,858,False,,45
91,874,True,2025-01-05T03:21:24-03:00,60
91,863,True,2025-05-04T05:23:23-03:00,55
91,837,True,2025-02-18T17:13:25-03:00,23
91,882,True,2025-07-13T05:19:07-03:00,56
91,841,True,2025-06-19T20:02:44-03:00,30
91,839,False,,27
91,869,False,,13
91,856,True,2025-06-29T17:44:23-03:00,11
91,855,True,2025-07-10T19:52:14-03:00,31
91,898,True,2025-04-30T13:39:38-03:00,13
91,903,True,2025-03-30T14:36:32-03:00,28
91,864,False,,6
91,861,True,2025-03-20T21:54:49-03:00,50
91,889,True,2025-04-27T15:36:46-03:00,30
91,891,True,2025-07-04T18:57:51-03:00,26
91,892,False,,42
91,878,True,2025-07-01T02:34:14-03:00,56
91,901,False,,50
91,847,True,2025-03-29T17:21:34-03:00,52
91,879,True,2024-11-30T10:05:05-03:00,24
91,851,True,2024-12-19T12:13:20-03:00,21
91,860,True,2025-04-08T23:09:31-03:00,13
91,866,True,2025-06-08T17:08:44-03:00,27
91,846,True,2025-07-07T23:15:30-03:00,14
91,868,False,,29
91,842,True,2025-08-16T22:19:55-03:00,13
91,876,True,2025-09-02T11:12:59-03:00,17
91,857,False,,46
91,870,True,2025-05-28T05:54:44-03:00,28
91,833,True,2025-04-07T11:16:22-03:00,57
91,843,True,2024-10-21T17:47:02-03:00,31
91,859,True,2025-06-03T17:35:01-03:00,17
91,888,False,,53
91,877,True,2024-11-02T19:01:20-03:00,26
91,883,True,2025-07-18T21:32:09-03:00,14
91,890,True,2025-05-11T13:14:33-03:00,16
91,848,True,2024-12-24T08:11:52-03:00,50
91,893,False,,50
91,834,True,2024-12-31T03:08:20-03:00,60
91,852,True,2025-10-02T08:08:07-03:00,56
91,902,True,2024-12-04T12:58:57-03:00,42
91,884,True,2024-12-13T02:35:34-03:00,5
91,840,True,2025-03-28T06:41:43-03:00,35
91,835,True,2025-08-12T19:15:03-03:00,36
91,871,True,2024-11-15T22:36:58-03:00,59
91,895,True,2025-05-13T12:51:13-03:00,55
91,850,False,,23
92,1193,True,2025-09-19T21:27:45-03:00,44
92,1160,False,,40
92,1148,True,2025-02-14T04:20:10-03:00,51
92,1197,True,2025-02-27T14:05:25-03:00,20
92,1200,True,2025-08-22T17:42:51-03:00,44
92,1174,True,2025-01-29T17:49:01-03:00,35
92,1150,True,2025-03-19T08:14:20-03:00,44
92,1176,True,2025-07-15T21:25:08-03:00,36
92,1152,True,2025-10-05T19:25:54-03:00,26
92,1194,True,2025-10-03T16:56:41-03:00,47
92,1185,True,2025-03-09T11:29:47-03:00,19
92,1181,True,2025-10-08T17:44:56-03:00,11
92,1144,True,2024-12-24T01:25:27-03:00,31
92,1149,True,2025-08-04T09:28:22-03:00,43
92,1154,False,,46
92,1202,True,2025-02-16T17:06:11-03:00,35
92,1157,False,,17
92,1198,True,2024-12-30T02:58:02-03:00,60
92,1165,True,2025-07-08T18:25:33-03:00,12
92,1192,True,2025-06-12T20:55:27-03:00,14
92,1166,True,2025-01-27T02:16:51-03:00,51
92,1164,False,,21
92,1188,True,2025-04-08T12:20:19-03:00,45
92,1184,True,2025-09-23T18:28:08-03:00,10
92,1189,True,2024-10-24T10:50:12-03:00,33
92,1167,True,2025-01-05T22:06:47-03:00,13
92,1151,True,2025-09-07T16:38:42-03:00,18
92,1182,True,2025-03-25T03:37:40-03:00,46
92,1168,False,,40
92,1153,True,2025-08-21T13:57:28-03:00,14
93,1060,True,2025-02-28T16:07:54-03:00,44
93,1075,False,,18
93,1085,True,2024-12-15T02:33:41-03:00,12
93,1064,True,2025-03-25T19:40:00-03:00,57
93,1054,True,2025-07-13T11:10:54-03:00,35
93,1093,True,2025-07-07T01:48:08-03:00,30
93,1063,True,2025-10-16T06:49:43-03:00,49
93,1090,False,,32
93,1076,True,2025-05-24T20:04:36-03:00,43
93,1086,True,2025-08-22T11:03:32-03:00,22
93,1095,False,,44
93,1099,True,2025-04-22T04:17:48-03:00,14
93,1078,False,,26
93,1080,True,2025-01-10T17:46:24-03:00,19
93,1074,True,2025-07-27T07:42:44-03:00,37
93,1061,True,2025-06-03T23:54:14-03:00,36
93,1055,True,2025-04-17T05:10:15-03:00,30
93,1081,True,2024-12-09T17:27:40-03:00,27
93,1042,True,2024-12-26T06:35:31-03:00,15
93,1089,True,2025-03-10T07:31:09-03:00,58
93,1036,True,2025-04-25T19:59:30-03:00,18
93,1100,False,,48
93,1041,False,,29
93,1098,False,,32
93,1043,True,2025-03-12T10:59:02-03:00,28
93,1077,True,2025-05-07T10:30:42-03:00,23
93,1084,False,,18
93,1083,True,2025-07-05T12:29:25-03:00,39
93,1034,True,2025-04-25T21:29:06-03:00,28
93,1039,True,2024-11-23T00:22:22-03:00,28
93,1035,True,2025-04-09T08:14:01-03:00,59
93,1092,True,2025-03-11T03:10:07-03:00,49
93,1050,True,2025-05-23T23:50:36-03:00,14
93,1057,True,2025-05-04T06:09:47-03:00,27
93,1071,True,2025-09-25T18:43:12-03:00,47
93,1072,True,2025-04-06T23:10:22-03:00,36
93,1068,True,2024-11-04T05:24:46-03:00,18
93,1051,True,2025-08-06T11:40:41-03:00,47
93,1062,True,2024-12-13T23:59:29-03:00,11
93,1069,True,2025-09-22T21:21:49-03:00,13
93,1046,True,2025-01-30T07:29:45-03:00,60
93,1070,False,,10
93,1040,False,,29
93,1066,True,2024-10-27T19:13:54-03:00,46
93,1096,False,,41
93,1038,True,2025-09-20T05:34:15-03:00,8
93,1058,True,2025-02-09T20:12:40-03:00,31
93,1045,True,2025-05-24T23:49:24-03:00,15
93,1082,False,,38
93,1037,True,2025-01-26T13:06:46-03:00,58
93,1067,False,,34
93,1052,True,2025-07-23T10:49:05-03:00,6
93,1079,True,2025-08-29T02:52:19-03:00,57
93,1048,True,2025-02-02T06:54:49-03:00,58
93,1097,True,2025-02-26T12:44:05-03:00,14
93,1065,True,2025-01-25T21:59:06-03:00,54
93,1044,True,2024-12-03T23:11:56-03:00,49
93,1033,True,2025-08-11T03:34:51-03:00,26
93,1091,False,,13
93,1094,True,2025-08-21T16:37:56-03:00,39
93,1053,True,2024-12-28T07:45:08-03:00,53
94,240,True,2025-06-27T11:49:19-03:00,31
94,237,True,2025-03-29T09:10:42-03:00,45
94,219,True,2025-09-28T12:27:21-03:00,54
94,246,True,2025-08-24T21:12:26-03:00,36
94,206,True,2025-10-10T21:33:23-03:00,23
94,224,True,2025-03-28T07:36:17-03:00,55
94,242,True,2025-03-27T13:01:36-03:00,54
94,218,False,,44
94,197,True,2025-02-09T06:45:34-03:00,16
94,239,True,2025-09-25T09:56:44-03:00,13
94,213,True,2025-03-12T11:08:15-03:00,60
95,1763,True,2025-01-22T05:42:27-03:00,22
95,1771,False,,54
95,1777,True,2025-05-17T22:43:54-03:00,13
95,1766,True,2025-08-11T03:30:19-03:00,48
95,1757,True,2025-08-24T17:20:08-03:00,60
95,1772,True,2025-08-26T08:34:47-03:00,7
95,1753,True,2025-07-07T09:43:34-03:00,57
95,1724,True,2025-03-20T20:37:04-03:00,41
95,1717,True,2025-01-02T20:34:37-03:00,40
95,1720,True,2025-06-28T17:46:44-03:00,34
95,1774,True,2024-12-08T06:45:39-03:00,28
95,1768,True,2025-03-31T05:29:47-03:00,40
95,1765,True,2025-06-17T09:21:00-03:00,19
95,1787,True,2025-05-08T00:31:48-03:00,25
95,1749,True,2025-08-12T08:05:45-03:00,48
95,1738,False,,28
95,1762,True,2025-10-02T17:13:45-03:00,11
95,1761,False,,18
95,1745,True,2025-03-18T07:23:35-03:00,15
95,1733,True,2025-03-30T09:15:16-03:00,8
95,1783,True,2025-03-28T23:08:15-03:00,20
95,1734,True,2025-05-05T02:02:44-03:00,60
95,1741,False,,42
95,1778,False,,25
95,1735,False,,59
95,1754,True,2025-06-19T19:06:57-03:00,16
95,1716,False,,56
95,1767,True,2024-11-23T11:28:01-03:00,53
95,1743,False,,6
95,1770,True,2025-06-12T09:44:18-03:00,30
95,1779,True,2025-06-21T13:25:03-03:00,51
95,1725,True,2025-07-05T23:08:26-03:00,32
95,1729,True,2024-10-22T03:36:04-03:00,15
95,1748,True,2025-09-22T08:38:06-03:00,34
95,1776,True,2025-06-03T11:06:31-03:00,57
95,1728,True,2025-07-08T06:41:02-03:00,30
95,1726,True,2024-11-14T07:04:55-03:00,17
95,1775,True,2025-07-03T07:08:49-03:00,16
95,1782,True,2025-05-21T23:00:14-03:00,14
95,1769,True,2025-10-16T22:28:37-03:00,12
95,1718,True,2025-02-04T06:16:28-03:00,57
95,1755,True,2025-03-19T06:44:33-03:00,34
95,1756,True,2025-09-08T19:33:08-03:00,15
95,1727,True,2024-10-31T03:56:59-03:00,12
95,1737,True,2024-12-24T04:04:33-03:00,39
95,1784,True,2025-08-05T04:17:04-03:00,22
95,1752,True,2025-10-07T08:57:13-03:00,47
95,1788,True,2025-04-20T09:49:42-03:00,9
95,1747,True,2025-09-26T16:42:07-03:00,37
97,708,True,2025-07-07T23:19:01-03:00,20
97,695,True,2025-03-30T15:47:13-03:00,60
97,714,True,2025-09-02T23:14:27-03:00,48
97,698,True,2025-03-25T03:39:10-03:00,11
99,1067,False,,42
99,1097,True,2025-01-21T23:28:39-03:00,42
99,1062,True,2024-12-28T02:16:35-03:00,38
99,1070,True,2025-04-03T12:29:11-03:00,60
99,1036,True,2025-01-06T23:32:41-03:00,11
99,1033,True,2025-05-29T01:49:36-03:00,60
99,1045,True,2025-02-03T14:30:40-03:00,14
99,1052,True,2025-10-05T18:36:57-03:00,56
99,1059,False,,60
99,1066,True,2025-01-14T16:18:25-03:00,6
99,1099,True,2025-03-21T13:32:03-03:00,48
99,1089,True,2025-06-24T12:42:23-03:00,33
99,1054,True,2024-11-22T03:12:11-03:00,21
99,1092,True,2025-02-17T20:20:18-03:00,20
99,1065,False,,25
99,1074,True,2025-05-09T22:42:03-03:00,38
99,1087,True,2025-06-05T00:03:35-03:00,58
99,1073,True,2024-12-26T00:22:52-03:00,57
99,1082,True,2025-01-15T17:21:06-03:00,50
99,1039,True,2025-03-03T14:58:50-03:00,9
99,1060,True,2025-02-19T18:51:14-03:00,13
99,1084,False,,7
99,1081,True,2025-04-16T06:50:06-03:00,53
99,1040,True,2025-08-30T04:13:47-03:00,42
99,1049,True,2025-09-13T13:35:55-03:00,35
99,1079,False,,37
99,1053,True,2025-02-17T11:43:15-03:00,22
99,1061,True,2024-12-21T03:25:55-03:00,43
99,1042,True,2025-04-10T02:32:23-03:00,59
99,1050,False,,29
99,1035,True,2025-10-04T01:05:34-03:00,37
99,1096,True,2025-01-05T11:12:42-03:00,53
99,1076,False,,5
99,1051,True,2025-02-10T17:39:30-03:00,52
99,1083,True,2025-05-03T11:11:08-03:00,6
99,1055,True,2024-11-09T12:06:12-03:00,23
99,1058,True,2025-06-04T20:12:26-03:00,11
99,1091,False,,22
99,1057,True,2025-03-22T00:45:02-03:00,51
99,1100,True,2025-01-06T17:26:58-03:00,9
99,1071,True,2025-09-09T09:15:45-03:00,34
99,1080,True,2025-04-24T05:52:14-03:00,26
99,1041,True,2025-09-07T15:00:03-03:00,39
99,1048,True,2025-08-20T00:46:07-03:00,24
100,2061,False,,58
100,2070,True,2025-04-02T12:12:36-03:00,59
100,2077,False,,56
100,2072,False,,9
100,2065,True,2025-07-11T11:32:34-03:00,15
100,2074,True,2025-04-15T10:19:31-03:00,13
100,2075,False,,27
100,2058,True,2024-11-17T06:37:02-03:00,20
100,2056,False,,42
100,2068,True,2025-06-03T03:55:30-03:00,21
100,2078,True,2025-08-19T20:28:42-03:00,26
100,2071,True,2025-04-03T22:27:33-03:00,17
100,2073,True,2025-10-11T17:58:17-03:00,24
100,2063,False,,30
100,2069,True,2025-05-07T22:32:27-03:00,56
100,2064,True,2025-10-02T09:20:05-03:00,49
101,2855,True,2025-09-27T20:02:50-03:00,37
101,2850,True,2025-04-01T05:00:20-03:00,51
101,2845,False,,25
101,2852,False,,42
101,2853,True,2025-04-26T21:37:39-03:00,41
101,2838,True,2025-03-28T02:36:30-03:00,46
101,2828,False,,24
101,2861,True,2024-10-30T12:32:35-03:00,13
101,2868,False,,7
101,2862,True,2025-01-03T07:46:54-03:00,26
101,2834,True,2025-06-19T00:45:03-03:00,6
101,2848,True,2025-05-14T20:41:40-03:00,6
101,2824,True,2025-09-02T16:55:41-03:00,17
101,2863,False,,56
101,2831,True,2024-11-24T01:11:58-03:00,36
101,2866,True,2024-12-07T13:08:27-03:00,56
101,2846,True,2024-11-24T18:06:01-03:00,7
101,2849,False,,40
101,2858,True,2025-09-20T20:22:32-03:00,54
101,2825,True,2025-06-06T15:18:30-03:00,6
101,2826,True,2025-06-27T01:45:17-03:00,27
101,2865,True,2025-01-02T17:35:22-03:00,8
101,2864,True,2025-08-24T17:49:31-03:00,26
101,2854,True,2025-08-07T21:23:24-03:00,32
101,2859,True,2025-07-10T01:32:48-03:00,6
101,2857,True,2024-10-20T11:46:18-03:00,32
101,2833,True,2025-07-17T05:18:39-03:00,45
101,2844,True,2025-04-08T09:41:20-03:00,49
101,2856,True,2025-04-18T03:24:46-03:00,56
101,2829,True,2024-12-01T04:49:59-03:00,48
101,2867,False,,15
101,2832,False,,36
101,2841,True,2025-06-24T22:26:04-03:00,24
101,2827,True,2025-06-08T21:08:04-03:00,9
101,2860,True,2025-07-03T00:35:33-03:00,17
101,2851,True,2025-08-09T13:40:46-03:00,31
101,2840,True,2025-09-08T23:07:10-03:00,46
101,2830,True,2025-06-02T14:51:54-03:00,7
102,1806,True,2025-01-03T03:24:07-03:00,29
102,1848,True,2024-12-16T14:24:13-03:00,13
102,1853,False,,23
102,1863,True,2025-10-05T05:08:56-03:00,5
102,1831,True,2025-01-29T21:02:13-03:00,53
102,1854,True,2024-11-23T08:32:09-03:00,42
102,1838,True,2024-12-31T22:51:14-03:00,41
102,1822,True,2024-11-24T08:42:32-03:00,17
102,1840,True,2025-06-20T05:04:07-03:00,16
102,1857,True,2025-07-09T01:09:44-03:00,21
102,1846,True,2025-08-03T02:28:48-03:00,21
102,1843,True,2025-10-04T01:35:46-03:00,47
102,1827,True,2025-07-06T10:10:49-03:00,37
102,1789,True,2025-08-28T19:15:12-03:00,15
102,1795,True,2025-05-14T17:53:32-03:00,58
102,1803,False,,53
102,1797,True,2025-02-12T03:15:24-03:00,35
102,1801,True,2025-08-25T01:28:07-03:00,15
102,1821,False,,43
102,1799,True,2025-05-16T19:09:50-03:00,34
102,1791,False,,19
102,1835,True,2025-03-05T20:31:11-03:00,32
102,1812,True,2025-05-07T12:54:27-03:00,13
102,1817,True,2025-07-26T01:24:59-03:00,58
102,1866,True,2024-10-19T15:12:26-03:00,12
102,1825,False,,18
102,1829,True,2025-01-24T00:00:07-03:00,48
102,1794,True,2025-03-08T18:00:39-03:00,30
102,1798,True,2024-12-06T09:47:43-03:00,51
102,1851,True,2025-01-24T19:53:46-03:00,59
102,1860,True,2024-12-03T19:38:44-03:00,28
102,1845,True,2024-11-07T20:04:41-03:00,27
102,1826,True,2025-05-05T11:36:22-03:00,8
102,1790,True,2025-06-28T03:35:32-03:00,52
102,1837,True,2025-06-03T12:11:02-03:00,35
102,1807,True,2025-05-16T04:33:20-03:00,6
102,1855,True,2025-04-06T17:13:36-03:00,50
102,1849,True,2025-10-08T03:18:07-03:00,57
102,1809,True,2025-01-09T23:26:53-03:00,53
102,1865,True,2025-06-23T08:25:24-03:00,37
102,1862,True,2025-08-18T01:32:52-03:00,60
102,1859,True,2024-12-24T01:04:31-03:00,47
102,1813,True,2025-08-18T04:00:52-03:00,29
102,1793,True,2025-10-17T07:40:54-03:00,55
102,1800,True,2025-05-19T14:59:17-03:00,21
102,1805,True,2025-03-05T05:45:07-03:00,36
102,1810,True,2025-01-21T20:17:23-03:00,13
102,1836,True,2025-07-29T03:34:38-03:00,26
102,1815,True,2025-01-27T15:04:01-03:00,59
102,1858,True,2025-05-22T09:21:28-03:00,58
102,1804,True,2025-08-16T17:20:03-03:00,8
102,1792,True,2025-08-11T20:58:16-03:00,36
102,1828,True,2024-10-20T09:47:48-03:00,15
102,1850,True,2025-04-29T01:00:18-03:00,8
102,1856,True,2025-07-14T09:10:52-03:00,51
102,1839,False,,51
102,1861,True,2025-09-11T04:53:41-03:00,44
102,1820,False,,37
102,1814,True,2025-07-06T20:39:25-03:00,54
102,1811,True,2025-07-21T10:44:15-03:00,6
102,1830,True,2024-12-19T19:54:10-03:00,24
102,1867,True,2025-07-27T08:55:16-03:00,43
102,1819,False,,50
102,1832,False,,10
102,1796,True,2025-01-24T07:02:11-03:00,24
102,1802,True,2025-02-21T12:04:05-03:00,20
102,1834,True,2025-04-30T19:42:04-03:00,44
102,1842,True,2025-09-02T15:20:11-03:00,22
102,1816,True,2025-02-21T11:30:29-03:00,31
102,1808,True,2025-06-15T15:27:13-03:00,26
102,1841,True,2025-04-03T20:11:30-03:00,8
102,1823,True,2024-11-08T19:58:51-03:00,57
103,1664,True,2024-11-20T16:02:53-03:00,59
103,1662,True,2025-08-12T17:39:03-03:00,23
103,1677,True,2025-10-11T20:29:21-03:00,17
103,1694,False,,31
103,1708,True,2025-02-19T03:39:00-03:00,30
103,1666,True,2025-05-31T12:53:06-03:00,32
103,1680,True,2025-03-07T10:02:42-03:00,7
104,2216,True,2025-06-16T15:41:53-03:00,45
104,2224,False,,49
104,2218,False,,37
104,2199,True,2025-09-23T02:25:41-03:00,60
104,2188,False,,8
104,2192,True,2024-11-24T07:02:22-03:00,11
104,2182,True,2025-08-23T17:54:21-03:00,14
104,2195,True,2025-07-23T20:01:35-03:00,5
104,2219,False,,49
104,2217,True,2024-12-20T04:57:44-03:00,21
104,2193,True,2025-06-24T10:41:25-03:00,60
104,2191,True,2024-11-26T02:07:32-03:00,51
104,2215,True,2025-07-27T10:57:08-03:00,40
104,2194,True,2025-05-20T15:48:10-03:00,7
104,2180,True,2025-08-17T07:19:06-03:00,48
104,2204,True,2025-05-03T08:42:13-03:00,33
104,2202,True,2025-06-05T10:54:33-03:00,23
104,2213,False,,60
104,2207,True,2025-01-15T04:51:05-03:00,34
104,2214,True,2025-06-08T09:03:18-03:00,23
104,2198,True,2025-02-14T19:37:33-03:00,59
104,2211,True,2025-07-15T07:19:20-03:00,29
104,2203,True,2025-07-10T05:30:28-03:00,49
104,2200,True,2025-02-04T22:31:27-03:00,48
104,2206,True,2025-03-04T19:59:44-03:00,22
104,2221,True,2024-11-01T07:40:27-03:00,52
104,2210,True,2025-07-26T22:02:25-03:00,46
104,2222,True,2024-12-13T03:26:01-03:00,57
104,2186,True,2025-07-23T11:21:41-03:00,47
104,2223,True,2025-01-16T23:51:10-03:00,33
104,2196,True,2025-04-24T10:28:03-03:00,49
104,2181,True,2025-03-19T20:03:37-03:00,17
104,2189,True,2024-11-26T21:02:02-03:00,28
104,2183,False,,36
104,2184,True,2024-11-17T04:41:16-03:00,34
104,2208,True,2025-10-06T07:12:06-03:00,53
104,2212,True,2025-07-24T02:17:05-03:00,14
104,2185,True,2025-08-28T09:52:15-03:00,38
104,2190,True,2025-05-24T06:55:04-03:00,28
104,2209,False,,40
104,2220,True,2025-07-17T22:11:27-03:00,52
104,2197,True,2025-04-17T14:28:36-03:00,35
104,2205,True,2025-07-12T03:43:36-03:00,34
105,2828,True,2024-11-12T09:17:39-03:00,22
105,2842,True,2025-09-22T01:56:49-03:00,17
105,2846,True,2025-05-28T18:42:57-03:00,24
105,2855,True,2025-05-06T22:28:53-03:00,8
105,2860,True,2025-02-12T16:19:04-03:00,33
105,2853,True,2025-03-03T08:41:47-03:00,18
105,2844,True,2024-12-12T02:06:28-03:00,45
105,2861,True,2024-12-07T01:17:37-03:00,23
105,2866,True,2025-06-18T03:13:11-03:00,48
105,2862,True,2025-04-24T04:14:56-03:00,12
105,2833,True,2025-06-19T23:40:58-03:00,35
105,2859,False,,50
105,2839,True,2025-01-21T17:51:46-03:00,32
105,2829,True,2025-05-04T11:02:30-03:00,12
105,2854,True,2024-11-23T05:25:29-03:00,37
105,2845,True,2025-04-03T02:32:46-03:00,44
105,2847,True,2025-09-15T08:12:52-03:00,33
105,2824,True,2025-09-25T10:12:34-03:00,11
105,2827,True,2025-05-21T15:38:20-03:00,58
105,2832,False,,29
105,2851,True,2024-10-17T11:55:42-03:00,33
105,2840,True,2025-05-29T21:48:38-03:00,19
105,2867,True,2025-04-11T02:25:58-03:00,48
105,2864,True,2024-12-10T11:55:31-03:00,19
105,2830,True,2025-10-17T04:15:29-03:00,14
105,2856,True,2024-12-05T03:01:32-03:00,16
105,2841,True,2025-03-10T20:25:21-03:00,15
105,2826,False,,19
105,2852,True,2024-12-05T21:25:38-03:00,23
105,2868,True,2025-07-20T04:46:29-03:00,55
105,2843,True,2025-05-30T21:36:19-03:00,10
105,2825,True,2024-12-04T22:38:33-03:00,20
105,2858,False,,48
105,2837,True,2024-11-11T23:24:01-03:00,46
105,2835,True,2024-12-21T08:40:46-03:00,21
105,2850,True,2025-07-06T05:35:05-03:00,14
105,2834,True,2025-07-27T02:14:35-03:00,22
105,2836,True,2025-01-23T00:23:45-03:00,17
105,2857,True,2025-08-20T00:05:12-03:00,5
105,2863,True,2024-12-16T07:49:11-03:00,40
105,2848,True,2025-03-17T09:37:18-03:00,11
105,2831,True,2025-08-24T05:53:46-03:00,15
105,2865,False,,17
105,2823,False,,58
106,2131,True,2025-06-27T16:27:32-03:00,10
106,2136,True,2024-12-20T17:48:51-03:00,15
106,2130,True,2025-07-10T09:26:02-03:00,26
106,2143,True,2025-06-28T11:15:16-03:00,50
107,1143,True,2025-08-05T18:21:50-03:00,30
107,1173,True,2024-10-19T06:00:50-03:00,42
107,1151,True,2025-08-21T07:51:58-03:00,12
107,1202,False,,43
107,1161,True,2025-05-23T17:37:41-03:00,26
107,1186,False,,47
107,1168,True,2025-04-10T08:42:24-03:00,44
107,1144,True,2024-12-21T00:23:14-03:00,40
107,1165,True,2024-12-18T20:39:22-03:00,49
107,1146,True,2025-07-27T14:55:15-03:00,60
109,2825,True,2025-09-02T22:34:26-03:00,43
109,2862,True,2025-07-13T08:57:00-03:00,46
109,2865,True,2025-05-09T12:55:48-03:00,14
109,2850,True,2025-05-24T20:01:10-03:00,19
109,2860,True,2025-01-13T00:50:39-03:00,15
109,2833,True,2025-04-15T00:49:20-03:00,18
109,2861,True,2025-07-01T16:51:40-03:00,36
109,2846,True,2024-11-04T19:38:22-03:00,23
109,2849,True,2025-05-02T03:53:26-03:00,43
109,2828,True,2025-02-15T18:30:33-03:00,46
109,2845,True,2024-12-14T18:43:04-03:00,40
109,2841,True,2025-08-31T15:22:08-03:00,5
109,2827,True,2025-07-29T16:21:11-03:00,35
109,2843,True,2024-12-26T12:20:37-03:00,53
109,2830,False,,45
109,2867,False,,38
109,2855,True,2025-01-11T23:43:05-03:00,55
109,2834,False,,18
109,2847,True,2025-02-25T16:54:30-03:00,5
109,2842,True,2024-11-12T09:12:23-03:00,38
109,2853,True,2025-09-12T21:52:05-03:00,27
109,2829,False,,20
109,2844,True,2025-09-13T00:56:03-03:00,54
109,2831,True,2025-09-20T02:23:00-03:00,17
109,2863,True,2024-10-24T02:48:16-03:00,13
109,2839,True,2025-02-11T03:17:36-03:00,35
109,2840,False,,5
109,2859,True,2025-03-06T15:00:50-03:00,31
109,2868,True,2025-05-25T21:48:38-03:00,45
109,2854,True,2024-11-30T19:21:29-03:00,32
109,2858,True,2025-06-19T12:46:56-03:00,49
109,2836,True,2025-10-02T11:18:58-03:00,23
110,130,True,2025-02-09T03:08:56-03:00,38
110,123,True,2025-10-04T01:16:20-03:00,50
110,128,True,2025-08-08T11:01:23-03:00,28
110,119,True,2025-07-26T02:21:33-03:00,39
110,132,False,,14
110,136,False,,23
110,125,True,2025-04-13T03:51:39-03:00,14
110,129,False,,59
110,133,True,2025-05-15T17:26:33-03:00,42
110,121,True,2025-08-25T18:58:57-03:00,22
110,141,False,,52
110,139,True,2025-10-09T17:00:34-03:00,15
110,135,False,,23
110,140,False,,36
110,127,True,2025-02-16T16:36:54-03:00,49
110,134,True,2025-03-24T20:24:26-03:00,38
110,124,True,2025-08-03T03:37:23-03:00,22
110,117,True,2025-03-20T06:42:07-03:00,9
110,131,True,2025-04-17T21:36:21-03:00,27
110,142,False,,31
110,118,False,,36
110,115,True,2025-01-22T15:28:49-03:00,30
112,2082,True,2025-08-27T19:22:24-03:00,40
112,2107,False,,12
112,2111,True,2025-06-05T20:36:41-03:00,7
112,2099,False,,49
112,2097,False,,11
112,2114,True,2025-07-30T20:33:52-03:00,55
112,2084,True,2025-07-06T20:26:08-03:00,28
112,2090,True,2025-06-06T18:11:01-03:00,34
112,2093,True,2024-10-18T11:31:44-03:00,25
112,2103,True,2025-05-16T06:26:05-03:00,22
112,2088,False,,52
112,2083,True,2025-04-20T22:52:17-03:00,25
112,2105,True,2025-03-12T12:10:23-03:00,14
112,2081,True,2025-08-26T19:19:27-03:00,42
112,2080,True,2024-12-18T07:25:43-03:00,13
112,2086,True,2025-03-06T14:09:05-03:00,8
112,2110,True,2025-02-25T17:34:35-03:00,48
112,2108,False,,18
112,2109,True,2025-06-01T18:38:45-03:00,22
112,2100,True,2025-02-22T22:17:15-03:00,27
112,2095,True,2025-02-04T01:23:44-03:00,24
112,2091,True,2025-06-07T09:19:14-03:00,50
112,2096,True,2024-10-18T10:31:39-03:00,32
112,2106,False,,40
112,2087,True,2025-09-29T05:52:49-03:00,6
112,2112,True,2024-12-25T21:53:08-03:00,15
112,2102,False,,46
112,2098,True,2025-03-23T17:01:27-03:00,22
112,2115,True,2024-12-07T09:15:22-03:00,22
112,2101,True,2025-03-21T17:15:11-03:00,9
112,2094,True,2025-07-14T21:06:13-03:00,60
112,2104,True,2025-01-13T15:30:52-03:00,60
112,2085,False,,49
113,1995,False,,33
113,1977,True,2025-02-13T14:25:42-03:00,7
113,1974,True,2025-06-30T14:15:08-03:00,20
113,1981,True,2024-12-21T15:59:44-03:00,27
113,1963,True,2024-10-18T21:14:18-03:00,55
113,1997,True,2025-02-23T17:37:21-03:00,47
113,1952,True,2024-12-02T23:05:41-03:00,5
113,2004,True,2024-10-21T19:49:12-03:00,31
113,1962,True,2025-07-04T12:24:21-03:00,40
113,2007,True,2024-11-19T00:00:03-03:00,32
113,1967,True,2024-11-13T16:45:59-03:00,52
114,659,True,2024-12-17T05:11:51-03:00,36
114,658,True,2025-02-17T01:21:24-03:00,50
114,665,False,,23
114,676,True,2024-12-28T14:42:44-03:00,30
114,654,True,2025-06-30T18:39:00-03:00,24
114,650,True,2024-10-20T13:38:41-03:00,47
114,653,True,2024-12-22T02:39:47-03:00,36
115,2295,False,,60
115,2288,True,2025-06-26T06:07:18-03:00,50
115,2285,True,2025-06-18T18:16:56-03:00,46
115,2313,False,,54
115,2346,True,2025-03-01T15:12:36-03:00,27
115,2281,True,2025-08-04T04:06:13-03:00,36
115,2329,True,2025-02-15T09:47:16-03:00,39
115,2299,True,2025-07-05T16:58:32-03:00,38
115,2322,True,2025-04-27T02:22:52-03:00,51
115,2350,False,,16
115,2320,True,2025-03-01T11:57:01-03:00,17
115,2275,True,2025-02-27T23:44:42-03:00,34
115,2327,True,2025-08-02T07:12:01-03:00,50
115,2353,True,2025-10-02T13:48:47-03:00,47
115,2347,True,2025-05-19T03:20:58-03:00,20
115,2303,True,2025-09-27T17:43:20-03:00,60
115,2319,True,2024-10-22T21:57:58-03:00,57
115,2333,True,2025-10-11T14:41:52-03:00,21
115,2331,True,2025-04-21T11:55:53-03:00,13
115,2337,True,2025-06-28T08:14:25-03:00,45
115,2306,False,,6
115,2328,True,2025-07-12T13:55:15-03:00,20
115,2282,True,2025-02-18T17:30:00-03:00,31
115,2287,False,,21
115,2304,True,2025-09-14T10:45:12-03:00,45
115,2339,False,,46
115,2308,True,2025-07-23T19:29:14-03:00,35
115,2335,True,2024-12-06T23:53:10-03:00,55
115,2325,True,2025-09-03T13:18:19-03:00,39
115,2311,True,2024-12-19T17:08:57-03:00,38
115,2296,True,2025-08-25T07:36:25-03:00,37
115,2324,True,2025-10-15T18:16:02-03:00,26
115,2336,True,2024-12-24T22:08:39-03:00,36
115,2323,True,2025-01-12T03:31:05-03:00,49
115,2307,True,2024-11-05T12:47:29-03:00,38
115,2317,True,2025-03-21T11:09:29-03:00,35
115,2330,True,2025-07-26T05:00:31-03:00,27
115,2342,True,2025-03-03T05:58:51-03:00,25
115,2310,True,2025-02-10T04:50:34-03:00,13
115,2284,True,2025-07-30T11:03:49-03:00,5
115,2312,True,2025-06-23T16:17:43-03:00,40
115,2351,True,2024-11-19T22:35:11-03:00,32
115,2293,True,2025-02-18T15:27:19-03:00,25
115,2289,True,2025-07-24T23:45:13-03:00,48
115,2315,True,2025-03-02T15:21:09-03:00,17
115,2279,True,2025-08-28T02:41:20-03:00,17
115,2321,True,2024-12-27T08:11:41-03:00,9
115,2309,True,2024-11-24T07:11:15-03:00,42
115,2280,True,2024-12-17T21:38:58-03:00,25
115,2343,True,2025-02-24T08:24:18-03:00,59
115,2352,True,2025-08-13T23:57:00-03:00,7
115,2297,True,2025-06-04T09:09:25-03:00,14
115,2326,True,2025-02-25T07:26:09-03:00,30
115,2334,True,2025-05-03T19:56:42-03:00,40
116,446,True,2025-04-03T06:52:56-03:00,42
116,391,True,2025-08-19T06:02:36-03:00,6
116,386,True,2025-07-12T00:01:54-03:00,53
116,375,True,2025-09-26T01:52:18-03:00,18
116,398,True,2025-07-03T22:17:30-03:00,58
116,390,True,2025-05-09T19:59:58-03:00,30
116,422,False,,18
116,374,True,2024-12-24T01:03:16-03:00,55
116,382,True,2024-11-05T09:53:13-03:00,57
116,448,True,2025-06-08T13:59:12-03:00,19
116,414,True,2025-08-07T17:41:46-03:00,51
116,434,True,2025-07-14T07:11:50-03:00,58
116,438,True,2025-09-25T01:27:21-03:00,30
116,392,True,2025-05-11T09:08:05-03:00,50
116,412,True,2025-06-16T22:23:38-03:00,35
116,431,False,,59
116,425,True,2025-03-08T19:39:21-03:00,10
116,440,True,2025-10-07T09:32:25-03:00,26
116,452,True,2025-05-04T00:04:38-03:00,44
116,376,True,2025-04-03T01:00:46-03:00,57
116,449,False,,54
116,430,True,2025-02-02T14:08:05-03:00,33
116,416,True,2025-09-01T00:38:58-03:00,6
116,433,True,2025-08-30T23:25:59-03:00,43
116,401,False,,24
116,436,True,2025-04-13T10:49:40-03:00,55
116,394,True,2025-07-21T15:48:25-03:00,57
116,418,True,2025-10-03T08:15:47-03:00,16
116,409,True,2025-04-16T02:08:45-03:00,33
116,411,False,,56
116,447,False,,11
116,441,True,2025-01-01T15:13:00-03:00,9
116,404,True,2025-03-08T10:01:36-03:00,33
116,419,False,,17
116,372,False,,13
116,451,False,,33
116,399,True,2024-10-31T03:31:33-03:00,55
116,443,True,2025-04-23T20:50:21-03:00,29
116,420,False,,11
116,406,True,2025-08-26T06:30:23-03:00,32
116,444,True,2024-12-17T12:39:38-03:00,26
116,426,True,2025-07-16T20:28:58-03:00,28
116,379,True,2025-04-23T02:01:02-03:00,42
116,368,False,,6
117,641,True,2025-03-28T19:05:35-03:00,60
117,620,True,2024-10-25T14:18:38-03:00,10
117,633,True,2025-04-23T23:51:48-03:00,35
117,629,True,2024-11-29T21:34:33-03:00,12
117,605,True,2025-01-07T19:09:22-03:00,60
117,614,True,2024-12-22T23:10:19-03:00,32
117,643,True,2024-12-23T12:48:06-03:00,33
117,616,True,2025-07-27T10:19:38-03:00,44
117,609,True,2025-08-06T15:34:24-03:00,39
117,597,True,2024-12-20T17:12:40-03:00,8
117,600,False,,31
117,604,True,2025-03-27T16:03:06-03:00,9
117,615,True,2025-03-10T17:31:33-03:00,45
117,640,False,,38
117,612,True,2024-10-24T19:07:49-03:00,49
117,623,True,2025-05-03T05:51:05-03:00,53
117,607,True,2024-12-27T15:43:42-03:00,8
117,595,True,2025-08-03T19:47:12-03:00,13
117,618,True,2024-12-03T01:32:23-03:00,60
117,611,False,,20
117,636,True,2025-04-03T02:18:46-03:00,35
117,596,False,,42
117,621,True,2025-06-22T14:06:26-03:00,45
118,2508,True,2025-08-05T20:07:29-03:00,22
118,2483,False,,38
118,2498,False,,59
118,2502,False,,60
118,2487,True,2025-08-28T12:38:51-03:00,26
118,2504,False,,50
118,2488,True,2025-07-16T23:08:05-03:00,60
118,2506,True,2024-12-11T02:21:05-03:00,38
118,2496,True,2025-03-17T06:16:42-03:00,26
118,2486,True,2025-02-14T02:11:39-03:00,21
118,2501,True,2024-12-06T00:43:47-03:00,34
119,676,True,2025-01-15T07:33:07-03:00,36
119,680,True,2025-08-22T05:40:56-03:00,5
119,675,False,,51
119,671,False,,41
119,672,True,2025-05-07T13:57:18-03:00,46
119,668,True,2025-07-27T17:17:34-03:00,32
119,684,False,,41
119,679,True,2025-07-03T20:33:07-03:00,50
119,663,True,2024-10-31T16:46:32-03:00,8
119,681,True,2025-09-28T02:50:37-03:00,5
119,649,True,2025-04-17T10:49:17-03:00,47
119,665,True,2025-08-31T10:32:13-03:00,54
119,650,True,2025-05-15T22:44:44-03:00,55
119,659,True,2024-12-01T09:10:38-03:00,7
119,651,True,2025-02-28T12:33:04-03:00,8
119,682,True,2025-03-07T05:43:22-03:00,49
119,666,True,2025-01-09T15:34:48-03:00,42
119,653,True,2025-08-07T03:39:28-03:00,7
119,683,True,2025-01-07T00:49:18-03:00,54
119,673,False,,53
119,658,True,2025-01-02T00:03:43-03:00,20
119,652,True,2025-10-07T12:14:14-03:00,26
121,2418,True,2025-04-08T06:48:35-03:00,22
121,2421,True,2025-07-30T23:26:38-03:00,24
121,2394,True,2025-02-04T16:33:11-03:00,21
121,2355,True,2025-04-25T08:23:33-03:00,31
121,2392,False,,38
121,2357,True,2025-07-08T06:24:06-03:00,8
121,2368,True,2024-11-22T07:09:16-03:00,35
121,2395,True,2025-05-23T10:40:07-03:00,24
121,2408,True,2025-03-02T10:41:09-03:00,35
121,2361,False,,11
121,2415,False,,30
121,2359,False,,32
121,2381,True,2025-03-12T05:40:49-03:00,46
121,2379,True,2025-01-30T19:32:46-03:00,24
121,2409,True,2025-05-22T10:00:04-03:00,19
121,2406,True,2024-11-27T21:50:05-03:00,59
121,2413,True,2025-08-07T16:12:25-03:00,52
121,2405,True,2025-01-26T09:27:02-03:00,15
121,2364,True,2025-06-29T01:49:48-03:00,46
121,2389,True,2025-09-23T13:50:38-03:00,60
121,2376,True,2025-10-17T03:49:39-03:00,52
121,2382,True,2024-10-25T06:56:16-03:00,41
121,2363,True,2025-04-28T13:22:17-03:00,33
121,2369,True,2025-03-14T18:04:09-03:00,60
121,2423,True,2024-12-06T21:34:50-03:00,18
121,2414,True,2024-11-16T22:55:06-03:00,57
121,2393,True,2025-07-22T06:06:52-03:00,20
121,2373,False,,33
121,2407,True,2024-11-23T13:13:51-03:00,8
121,2401,True,2025-01-10T04:26:11-03:00,10
121,2403,True,2025-03-01T13:03:30-03:00,26
121,2375,True,2025-09-08T04:20:25-03:00,49
121,2400,True,2025-04-09T23:08:58-03:00,19
121,2387,True,2024-10-25T00:53:15-03:00,47
121,2404,True,2024-10-27T20:28:18-03:00,23
121,2385,True,2025-04-10T10:29:38-03:00,59
122,280,True,2025-10-13T15:56:02-03:00,55
122,294,True,2025-06-20T10:26:10-03:00,57
122,295,True,2025-01-09T10:49:05-03:00,51
122,291,True,2025-01-03T19:48:16-03:00,23
122,283,True,2025-10-04T14:51:42-03:00,13
122,281,True,2025-02-01T19:47:38-03:00,58
122,279,True,2024-12-29T21:52:29-03:00,38
122,278,False,,36
122,262,True,2025-10-01T07:38:31-03:00,46
122,266,True,2025-03-16T19:24:58-03:00,32
122,264,False,,14
122,268,False,,24
122,277,True,2025-09-01T16:43:34-03:00,28
122,261,True,2025-03-21T06:54:53-03:00,14
122,258,True,2025-05-16T22:25:58-03:00,11
122,286,False,,23
122,263,True,2025-07-09T12:30:47-03:00,22
122,276,True,2024-10-23T22:14:19-03:00,26
122,270,True,2025-07-31T07:05:43-03:00,39
122,265,True,2025-06-01T05:28:44-03:00,34
122,292,True,2025-10-16T22:05:56-03:00,30
122,293,True,2025-10-05T05:02:56-03:00,32
123,1499,True,2024-11-30T16:40:59-03:00,42
123,1451,True,2025-06-07T11:21:07-03:00,56
123,1467,False,,12
123,1478,True,2025-08-03T11:52:17-03:00,55
123,1495,True,2024-10-20T09:49:49-03:00,34
123,1448,True,2025-08-19T14:16:48-03:00,58
123,1494,True,2025-03-11T06:19:03-03:00,43
123,1487,True,2025-09-27T15:00:20-03:00,17
123,1493,True,2025-08-25T16:34:07-03:00,31
123,1475,True,2024-11-09T17:56:10-03:00,52
123,1457,True,2024-11-09T02:33:31-03:00,52
123,1453,True,2025-10-13T22:28:30-03:00,17
123,1483,True,2024-12-16T02:35:27-03:00,13
123,1470,True,2025-03-11T20:59:21-03:00,15
123,1479,False,,27
123,1447,True,2025-09-02T10:19:44-03:00,49
123,1508,True,2025-09-24T16:29:58-03:00,31
123,1450,True,2025-01-24T17:11:13-03:00,40
123,1472,True,2024-10-17T15:11:54-03:00,35
123,1469,True,2025-06-23T23:05:32-03:00,17
123,1458,True,2025-04-28T06:46:47-03:00,36
123,1507,True,2025-05-06T11:19:31-03:00,13
123,1489,False,,43
123,1456,True,2025-03-09T17:56:36-03:00,11
123,1473,False,,16
123,1500,True,2025-06-15T11:30:10-03:00,18
123,1501,True,2025-03-15T01:20:50-03:00,35
123,1482,False,,55
124,2813,True,2025-01-13T16:07:57-03:00,24
124,2772,True,2025-06-01T19:21:30-03:00,11
124,2794,True,2025-07-19T13:15:54-03:00,21
124,2790,False,,19
124,2809,True,2025-07-05T20:45:47-03:00,56
124,2788,True,2025-08-04T17:23:16-03:00,18
124,2795,True,2025-10-06T01:19:02-03:00,44
124,2776,False,,48
124,2775,True,2025-09-28T18:04:10-03:00,17
124,2799,True,2025-05-04T04:42:04-03:00,53
124,2759,True,2025-07-12T16:03:14-03:00,43
124,2803,True,2025-06-06T06:59:48-03:00,39
124,2808,True,2025-01-08T21:31:24-03:00,33
124,2764,True,2024-11-26T10:23:12-03:00,41
124,2820,True,2024-12-25T00:14:19-03:00,42
126,1867,True,2025-07-05T23:39:51-03:00,32
126,1797,True,2025-07-03T11:29:04-03:00,16
126,1850,True,2025-07-10T03:30:13-03:00,34
126,1803,True,2025-02-27T22:41:23-03:00,29
126,1793,True,2025-08-15T14:33:34-03:00,31
126,1827,True,2025-09-21T19:19:02-03:00,6
126,1825,True,2024-11-03T20:54:52-03:00,55
126,1842,True,2025-01-11T02:51:46-03:00,46
126,1859,True,2024-11-16T22:06:26-03:00,13
126,1816,True,2025-04-29T12:26:24-03:00,21
126,1855,True,2025-01-25T13:33:41-03:00,45
126,1849,True,2024-11-19T03:30:41-03:00,6
126,1826,False,,12
126,1863,True,2025-08-06T00:38:54-03:00,14
126,1847,True,2025-10-10T18:24:39-03:00,19
126,1812,False,,52
126,1815,True,2025-05-12T12:14:36-03:00,36
126,1836,True,2025-07-15T16:42:36-03:00,18
126,1808,True,2024-11-21T02:03:32-03:00,46
126,1861,False,,58
126,1802,True,2025-02-06T01:05:41-03:00,22
126,1804,True,2025-05-24T18:06:05-03:00,41
126,1858,True,2025-07-20T13:03:09-03:00,10
126,1839,True,2025-04-07T12:07:10-03:00,23
126,1833,True,2025-05-07T15:35:13-03:00,48
126,1810,True,2024-12-25T17:11:47-03:00,34
126,1795,False,,36
126,1830,True,2025-02-06T05:29:19-03:00,50
126,1832,True,2025-06-13T19:10:18-03:00,16
126,1851,True,2025-05-22T12:04:34-03:00,56
126,1848,True,2025-02-26T08:16:46-03:00,19
126,1835,True,2025-02-24T20:15:57-03:00,52
126,1820,True,2025-08-08T00:32:16-03:00,26
126,1807,True,2025-10-05T06:26:03-03:00,22
126,1801,True,2025-10-15T15:12:32-03:00,11
126,1796,True,2025-03-08T08:03:32-03:00,59
126,1854,True,2025-01-08T07:25:14-03:00,22
126,1845,True,2024-10-30T18:50:16-03:00,22
126,1846,True,2025-07-04T23:54:24-03:00,58
126,1791,True,2024-12-05T19:41:46-03:00,15
126,1823,True,2025-06-06T09:05:22-03:00,16
126,1838,True,2025-02-17T13:24:38-03:00,51
126,1844,True,2025-06-01T18:51:04-03:00,16
126,1821,True,2024-12-30T17:25:41-03:00,14
126,1798,True,2024-12-09T05:14:56-03:00,25
126,1828,True,2024-10-27T15:46:56-03:00,32
126,1843,True,2025-06-20T10:09:56-03:00,57
126,1792,True,2024-11-06T19:04:00-03:00,43
126,1834,False,,37
126,1824,True,2025-02-11T02:17:22-03:00,18
126,1805,True,2025-10-13T03:56:42-03:00,56
126,1866,True,2024-12-08T02:21:19-03:00,50
126,1819,True,2025-06-08T16:03:46-03:00,34
126,1856,True,2024-11-02T04:52:05-03:00,31
127,2394,True,2025-01-14T21:39:23-03:00,57
127,2375,True,2025-05-06T06:25:26-03:00,24
127,2359,True,2025-09-30T03:53:52-03:00,56
127,2378,True,2025-09-14T13:05:25-03:00,5
127,2412,False,,51
127,2379,False,,7
127,2409,True,2025-10-11T22:05:25-03:00,17
127,2396,True,2024-12-14T09:53:38-03:00,5
127,2367,True,2024-11-28T05:56:19-03:00,25
127,2385,True,2025-04-21T07:44:50-03:00,29
127,2393,True,2024-11-29T18:12:06-03:00,17
127,2422,True,2025-09-17T08:40:03-03:00,46
127,2354,True,2025-03-11T19:16:06-03:00,35
127,2381,True,2025-01-28T00:32:59-03:00,29
127,2405,True,2024-10-19T18:22:37-03:00,31
127,2418,True,2024-10-20T08:25:58-03:00,8
127,2425,False,,24
127,2383,False,,37
127,2366,True,2025-08-24T10:29:15-03:00,50
127,2368,True,2025-04-20T01:40:23-03:00,13
127,2398,True,2025-08-14T10:14:06-03:00,9
128,2631,True,2025-07-09T09:49:50-03:00,35
128,2589,True,2025-02-11T21:08:08-03:00,32
128,2611,True,2025-02-27T08:22:54-03:00,32
128,2620,True,2025-01-13T22:02:55-03:00,10
128,2628,False,,7
128,2596,True,2025-08-10T16:57:39-03:00,11
128,2609,True,2025-05-07T20:32:55-03:00,22
128,2582,True,2024-10-29T07:59:28-03:00,21
128,2565,False,,53
128,2605,True,2025-09-06T18:56:31-03:00,43
128,2614,True,2025-06-20T00:08:22-03:00,13
128,2569,True,2025-10-08T09:53:17-03:00,17
128,2591,True,2025-03-27T12:49:16-03:00,56
128,2610,False,,9
128,2577,True,2025-08-02T10:12:28-03:00,51
128,2586,False,,6
128,2602,True,2025-04-01T08:26:08-03:00,50
128,2571,True,2025-09-24T15:52:21-03:00,15
128,2600,True,2025-03-07T02:20:12-03:00,39
128,2564,True,2025-02-25T13:36:41-03:00,47
128,2624,True,2025-10-07T10:43:40-03:00,9
128,2579,True,2025-06-30T07:03:17-03:00,50
128,2613,True,2025-02-16T00:36:16-03:00,23
128,2575,False,,6
128,2574,False,,30
128,2597,False,,43
128,2568,True,2025-09-19T04:47:19-03:00,44
128,2599,False,,54
128,2593,True,2025-06-17T13:55:20-03:00,9
129,713,True,2024-12-14T21:51:25-03:00,53
129,708,True,2025-10-07T10:24:46-03:00,54
129,698,True,2025-06-30T10:18:00-03:00,43
129,687,True,2025-09-26T15:35:16-03:00,25
129,689,True,2025-04-06T12:51:22-03:00,16
129,691,False,,17
129,699,True,2025-07-16T04:41:33-03:00,47
129,711,False,,39
129,720,False,,51
129,707,True,2024-12-09T22:02:01-03:00,29
129,706,True,2025-08-19T21:54:54-03:00,15
130,853,True,2025-09-18T16:12:50-03:00,46
130,871,True,2025-01-19T23:24:18-03:00,43
130,875,True,2025-09-19T04:20:51-03:00,16
130,883,True,2025-07-07T09:18:23-03:00,25
130,861,True,2025-09-08T17:32:03-03:00,42
130,866,True,2025-07-20T08:53:16-03:00,38
130,850,True,2025-09-28T17:05:33-03:00,43
130,869,False,,18
130,888,True,2025-06-25T12:40:57-03:00,45
130,852,True,2024-12-03T10:14:00-03:00,36
130,862,False,,30
130,884,True,2025-04-16T22:31:36-03:00,26
131,1540,True,2025-02-27T22:07:12-03:00,24
131,1548,False,,21
131,1554,False,,58
131,1541,True,2025-01-10T05:04:28-03:00,32
131,1557,True,2025-05-30T01:02:29-03:00,50
131,1529,True,2024-12-01T06:34:49-03:00,35
131,1536,True,2025-02-20T06:20:37-03:00,27
131,1537,True,2025-04-01T14:49:25-03:00,52
131,1566,True,2024-11-23T00:49:00-03:00,34
131,1561,False,,51
131,1562,True,2025-06-20T19:09:56-03:00,15
131,1539,True,2024-12-05T10:13:17-03:00,39
131,1517,True,2025-09-08T04:37:30-03:00,15
131,1516,False,,14
131,1564,True,2025-08-04T12:57:58-03:00,32
131,1542,True,2025-07-09T01:36:20-03:00,10
131,1530,False,,15
131,1576,False,,36
131,1524,True,2024-12-13T21:03:33-03:00,56
131,1519,False,,39
131,1545,True,2025-03-02T05:19:11-03:00,5
131,1544,True,2025-07-31T04:04:24-03:00,42
131,1547,True,2025-09-13T15:48:10-03:00,57
131,1574,True,2024-10-27T10:20:20-03:00,47
131,1534,True,2025-04-13T02:26:09-03:00,10
131,1573,False,,7
131,1550,True,2025-07-17T06:16:23-03:00,21
131,1532,False,,50
131,1526,False,,6
131,1575,True,2025-01-02T15:27:35-03:00,10
131,1563,True,2025-01-10T03:59:15-03:00,11
131,1568,True,2025-10-01T01:26:11-03:00,38
131,1570,True,2025-10-13T01:43:32-03:00,32
131,1523,True,2025-10-16T13:21:08-03:00,40
131,1567,True,2025-01-05T19:10:21-03:00,21
131,1565,False,,34
131,1514,False,,11
131,1579,True,2024-10-21T02:53:25-03:00,11
131,1531,True,2025-02-12T09:04:14-03:00,40
131,1525,True,2025-02-19T23:55:19-03:00,46
131,1559,True,2025-06-21T18:42:36-03:00,29
131,1520,True,2025-08-25T13:12:26-03:00,37
131,1527,True,2025-04-17T20:10:18-03:00,48
131,1560,True,2025-07-26T14:46:58-03:00,43
131,1518,True,2025-09-20T09:30:08-03:00,20
131,1580,True,2025-07-03T12:35:30-03:00,18
131,1538,False,,57
131,1552,True,2024-11-05T21:34:59-03:00,16
131,1577,True,2024-12-21T22:43:49-03:00,15
131,1543,True,2025-05-03T14:16:46-03:00,43
131,1555,True,2024-11-28T21:43:34-03:00,49
131,1553,False,,28
131,1578,True,2025-06-08T02:41:21-03:00,32
131,1549,True,2024-12-21T20:29:57-03:00,34
131,1556,True,2025-02-03T08:10:04-03:00,30
131,1535,True,2025-06-23T01:25:54-03:00,30
131,1521,False,,56
131,1581,False,,6
131,1558,True,2025-01-30T09:04:36-03:00,21
131,1522,True,2025-07-10T13:20:42-03:00,59
131,1569,True,2025-09-13T20:24:48-03:00,23
131,1572,True,2025-07-26T11:27:18-03:00,41
131,1515,True,2025-06-17T23:58:48-03:00,48
132,2003,True,2025-09-11T21:45:55-03:00,14
132,1967,True,2025-01-11T11:45:30-03:00,48
132,2002,True,2024-12-09T09:47:11-03:00,45
132,1960,True,2025-06-03T22:10:54-03:00,52
132,1985,True,2025-08-05T09:20:20-03:00,28
132,1991,True,2025-07-28T09:47:34-03:00,25
132,1968,True,2025-08-27T14:29:50-03:00,48
132,1982,True,2024-11-06T11:47:04-03:00,15
132,1999,True,2025-05-27T16:15:30-03:00,54
132,2009,True,2025-07-17T20:09:59-03:00,46
132,1972,True,2024-11-16T06:13:50-03:00,41
132,1971,True,2025-02-04T09:13:38-03:00,22
132,2000,True,2025-03-19T06:05:45-03:00,57
132,1986,True,2024-10-20T12:12:22-03:00,19
132,1963,True,2025-10-03T17:41:40-03:00,44
132,1978,True,2025-08-05T11:25:35-03:00,25
132,1947,False,,43
132,1974,True,2024-11-28T02:10:59-03:00,7
132,1957,True,2025-07-15T12:47:43-03:00,52
132,1989,True,2024-12-18T13:14:45-03:00,19
132,2001,True,2025-09-13T13:17:47-03:00,9
132,1952,True,2025-09-04T01:09:29-03:00,28
132,1996,True,2025-03-01T18:13:00-03:00,43
132,1987,True,2025-08-19T12:40:14-03:00,49
132,1961,False,,35
132,2005,True,2025-07-07T04:17:14-03:00,13
132,1984,True,2024-11-02T23:15:23-03:00,35
132,1977,True,2025-08-25T09:55:24-03:00,54
132,1962,False,,12
132,2008,True,2025-05-05T23:23:51-03:00,39
132,1964,True,2024-10-27T12:33:42-03:00,57
132,1997,False,,11
132,1969,True,2025-07-31T11:13:27-03:00,51
132,1958,True,2025-07-31T12:49:55-03:00,33
132,1973,True,2024-10-27T19:15:44-03:00,17
132,2006,True,2025-07-03T17:42:15-03:00,33
132,1966,True,2025-04-12T10:44:35-03:00,37
132,1998,True,2025-03-25T06:21:51-03:00,39
132,2007,True,2025-04-13T23:01:59-03:00,46
132,1951,True,2025-04-23T09:54:33-03:00,49
132,2004,True,2025-02-01T20:36:08-03:00,19
132,1970,True,2025-06-04T12:34:14-03:00,20
135,60,True,2024-12-24T10:07:49-03:00,6
135,47,True,2025-01-17T16:30:08-03:00,58
135,16,True,2025-04-10T21:40:05-03:00,9
135,84,True,2025-08-25T09:07:48-03:00,12
135,45,True,2025-03-17T08:57:38-03:00,5
135,36,True,2025-01-18T23:21:23-03:00,11
135,9,True,2025-05-28T10:11:52-03:00,5
135,7,True,2025-09-05T11:06:55-03:00,14
135,89,True,2025-09-10T18:33:12-03:00,59
135,26,False,,18
135,66,True,2025-09-04T10:12:58-03:00,6
135,44,True,2025-01-16T02:28:19-03:00,18
135,10,True,2025-10-12T01:07:14-03:00,14
135,4,False,,24
135,77,True,2025-05-16T05:51:07-03:00,20
135,85,True,2025-09-25T11:01:03-03:00,37
135,5,True,2024-12-19T16:37:25-03:00,8
135,42,True,2025-03-09T04:49:10-03:00,26
135,24,True,2025-07-01T18:23:45-03:00,10
135,43,True,2025-08-08T04:02:55-03:00,23
135,13,True,2025-05-04T17:15:11-03:00,60
135,54,True,2024-11-15T19:20:12-03:00,41
135,48,False,,37
135,30,True,2025-09-26T06:30:52-03:00,17
135,37,True,2025-02-18T14:36:48-03:00,13
135,53,True,2025-02-19T20:49:50-03:00,17
135,56,True,2024-11-07T11:19:00-03:00,50
135,73,True,2025-06-17T11:33:36-03:00,56
135,40,False,,47
135,3,True,2025-04-01T19:40:25-03:00,27
135,58,False,,48
135,11,True,2025-03-08T05:38:40-03:00,23
135,83,False,,37
135,19,True,2025-08-09T05:15:21-03:00,25
135,28,True,2025-05-02T18:37:42-03:00,56
135,50,True,2024-10-29T20:06:18-03:00,45
135,75,True,2025-08-12T19:37:13-03:00,37
135,38,True,2025-04-20T09:42:40-03:00,52
135,63,True,2025-02-25T01:06:57-03:00,31
135,31,True,2025-08-30T02:10:14-03:00,34
135,33,True,2025-02-06T09:55:59-03:00,36
135,86,True,2025-08-21T21:44:26-03:00,57
135,29,False,,60
135,64,False,,5
135,12,True,2025-09-30T12:21:09-03:00,16
135,51,True,2025-04-04T16:48:02-03:00,48
135,76,True,2025-04-07T13:13:14-03:00,55
135,20,True,2025-08-30T01:48:26-03:00,33
135,79,True,2025-09-14T14:41:09-03:00,46
135,22,True,2025-09-25T12:24:49-03:00,6
135,8,True,2025-05-08T21:38:52-03:00,11
135,23,False,,54
135,32,True,2025-04-17T21:40:55-03:00,5
135,14,True,2025-10-14T09:50:37-03:00,48
135,87,True,2025-03-02T14:11:57-03:00,56
135,68,False,,38
135,62,False,,37
135,2,True,2025-02-08T01:14:47-03:00,8
135,39,True,2025-07-28T21:29:17-03:00,34
135,27,True,2025-05-03T21:09:22-03:00,44
135,67,True,2025-09-03T07:04:17-03:00,24
135,61,False,,31
135,17,False,,48
135,35,True,2025-01-31T11:42:01-03:00,7
135,55,True,2025-06-03T00:22:09-03:00,40
135,82,True,2025-01-27T21:19:25-03:00,23
135,81,True,2025-05-10T08:26:36-03:00,9
135,49,False,,8
135,18,True,2025-09-30T05:55:10-03:00,24
135,74,True,2024-10-18T15:44:33-03:00,48
135,80,True,2025-02-04T19:12:37-03:00,43
135,6,False,,33
135,52,False,,48
135,57,True,2025-06-08T05:37:46-03:00,9
135,34,True,2024-11-16T21:06:37-03:00,38
135,78,False,,20
135,59,True,2025-09-30T09:49:56-03:00,41
137,2553,True,2025-06-26T17:28:41-03:00,11
137,2538,True,2025-09-01T14:10:22-03:00,42
137,2549,True,2025-05-30T23:52:46-03:00,50
137,2555,True,2025-06-11T05:45:21-03:00,49
137,2548,False,,30
137,2529,True,2025-01-25T15:26:50-03:00,47
137,2556,True,2025-01-19T04:41:56-03:00,47
137,2535,True,2024-11-18T03:20:00-03:00,29
137,2515,True,2025-02-11T12:31:17-03:00,54
137,2547,False,,47
137,2530,True,2025-01-29T04:23:17-03:00,9
137,2531,True,2025-09-05T06:06:25-03:00,21
137,2533,False,,12
137,2522,True,2025-05-14T05:10:44-03:00,6
137,2519,False,,16
137,2516,True,2025-01-13T01:48:49-03:00,35
137,2559,False,,58
137,2554,True,2024-12-26T07:15:09-03:00,12
137,2543,True,2024-10-31T00:20:05-03:00,23
137,2540,False,,52
137,2520,True,2025-07-20T08:07:04-03:00,25
137,2517,True,2024-11-26T14:30:06-03:00,44
137,2526,True,2025-07-30T13:52:40-03:00,46
137,2539,False,,16
137,2537,False,,60
137,2525,True,2025-02-10T14:39:41-03:00,20
137,2552,True,2025-01-04T20:09:30-03:00,30
137,2557,False,,8
137,2541,True,2025-03-05T14:57:16-03:00,8
137,2532,True,2025-05-13T15:47:37-03:00,46
137,2560,False,,33
137,2550,True,2025-02-17T09:21:48-03:00,21
137,2518,True,2025-09-30T14:04:11-03:00,35
137,2546,True,2025-09-01T23:41:01-03:00,38
137,2523,True,2025-01-26T05:02:43-03:00,5
137,2524,True,2025-05-22T02:00:38-03:00,33
137,2521,True,2025-09-17T16:19:33-03:00,35
137,2528,True,2025-06-02T12:21:33-03:00,13
137,2544,True,2025-09-11T03:48:24-03:00,31
137,2534,True,2025-02-05T09:57:05-03:00,14
137,2527,False,,31
137,2514,True,2024-11-10T22:22:04-03:00,44
138,2038,True,2024-12-20T23:58:30-03:00,29
138,2045,True,2025-03-02T01:39:15-03:00,41
138,2053,True,2025-08-27T00:09:50-03:00,18
138,2013,False,,15
138,2026,True,2024-12-10T00:16:19-03:00,35
138,2033,True,2025-09-18T19:39:11-03:00,42
138,2040,True,2025-10-09T19:43:42-03:00,30
138,2051,False,,12
138,2052,True,2024-12-25T05:32:51-03:00,55
138,2043,True,2025-02-02T00:24:09-03:00,18
138,2034,False,,30
141,534,True,2025-05-04T07:18:20-03:00,28
141,551,True,2025-06-26T00:10:08-03:00,36
141,544,True,2025-03-10T10:25:32-03:00,5
141,541,True,2024-11-25T22:27:14-03:00,49
141,532,True,2025-05-23T00:53:04-03:00,40
141,555,True,2024-11-24T22:55:47-03:00,43
141,528,True,2024-12-14T16:24:49-03:00,48
141,536,False,,24
141,554,True,2025-07-09T03:52:04-03:00,20
141,540,False,,40
142,468,True,2025-04-17T11:19:05-03:00,10
142,509,True,2025-07-02T06:49:34-03:00,22
142,525,True,2025-09-04T08:48:18-03:00,9
142,486,True,2025-01-14T23:53:07-03:00,58
142,521,True,2024-12-14T15:13:43-03:00,20
142,491,True,2025-08-23T03:36:48-03:00,6
142,464,True,2025-10-09T06:46:29-03:00,34
142,482,True,2025-01-22T14:48:05-03:00,36
142,480,False,,32
142,512,True,2024-12-25T17:43:51-03:00,10
142,503,True,2025-03-11T16:15:27-03:00,10
142,526,True,2025-09-04T18:05:43-03:00,44
142,493,True,2025-01-31T02:51:02-03:00,37
142,516,True,2024-12-18T23:11:47-03:00,57
142,462,True,2024-11-11T22:56:07-03:00,13
142,479,True,2024-12-24T01:12:05-03:00,15
142,484,True,2025-02-06T04:27:26-03:00,60
142,510,True,2025-08-05T06:26:57-03:00,29
142,517,True,2025-09-07T04:51:17-03:00,59
142,475,True,2024-12-07T20:21:52-03:00,5
142,511,True,2025-04-18T11:43:31-03:00,28
142,514,True,2024-12-31T01:01:21-03:00,60
142,455,False,,14
142,499,False,,7
142,501,True,2025-03-12T23:38:34-03:00,30
142,460,True,2025-04-22T02:40:00-03:00,14
142,497,True,2025-03-21T10:12:38-03:00,40
142,492,True,2024-12-23T05:57:07-03:00,38
142,483,True,2025-09-21T13:01:15-03:00,36
144,2552,True,2025-08-17T08:15:29-03:00,47
144,2548,True,2025-02-15T14:16:57-03:00,50
144,2538,True,2025-10-07T04:43:51-03:00,34
144,2539,True,2025-08-22T02:39:18-03:00,11
144,2541,True,2025-05-21T13:16:35-03:00,23
144,2560,False,,23
144,2558,True,2024-10-31T07:12:42-03:00,34
144,2553,True,2025-08-26T20:58:54-03:00,54
144,2527,False,,7
144,2550,True,2025-03-10T06:23:46-03:00,35
144,2525,True,2025-01-16T08:18:46-03:00,36
144,2556,True,2025-05-23T18:48:30-03:00,16
144,2559,True,2024-10-29T17:06:09-03:00,43
144,2516,False,,12
144,2540,True,2025-02-22T23:29:43-03:00,48
144,2549,True,2025-09-01T18:49:10-03:00,8
144,2547,False,,44
144,2536,True,2025-08-18T00:43:25-03:00,29
144,2544,True,2024-10-23T12:37:11-03:00,27
144,2515,True,2024-12-22T02:02:10-03:00,8
144,2520,True,2025-04-26T16:05:49-03:00,23
144,2518,True,2024-12-29T19:51:29-03:00,22
144,2533,True,2025-01-21T17:05:01-03:00,35
144,2521,False,,11
144,2537,True,2024-11-02T14:08:07-03:00,14
144,2546,True,2025-06-14T18:16:38-03:00,31
144,2522,True,2025-07-04T07:56:30-03:00,27
144,2519,True,2024-12-10T00:15:43-03:00,17
144,2542,True,2025-06-18T14:33:02-03:00,21
144,2524,True,2024-11-09T03:37:12-03:00,7
145,1262,True,2024-12-21T11:31:51-03:00,52
145,1264,False,,13
145,1273,False,,38
145,1281,True,2025-03-14T01:55:08-03:00,30
145,1256,True,2025-03-17T05:25:33-03:00,7
145,1288,True,2025-01-21T00:52:39-03:00,33
145,1269,True,2025-02-18T06:28:34-03:00,19
145,1285,True,2024-10-29T13:10:28-03:00,40
145,1277,True,2024-12-18T05:50:51-03:00,29
146,2298,True,2024-12-17T18:25:07-03:00,17
146,2330,True,2025-09-28T05:04:43-03:00,12
146,2333,True,2025-04-10T14:20:06-03:00,52
146,2351,True,2025-01-16T05:14:59-03:00,49
146,2282,True,2025-06-21T07:42:00-03:00,55
146,2317,True,2025-09-10T18:13:25-03:00,45
146,2291,True,2025-08-09T13:07:09-03:00,49
146,2328,True,2025-09-05T03:25:50-03:00,49
146,2305,True,2025-07-25T15:12:29-03:00,49
146,2339,False,,9
146,2345,True,2025-10-14T03:45:10-03:00,25
146,2327,False,,41
146,2277,False,,26
146,2310,False,,23
146,2314,True,2024-12-20T20:04:22-03:00,31
146,2322,True,2025-08-16T20:05:56-03:00,41
146,2300,True,2025-01-09T18:42:05-03:00,45
146,2325,True,2025-03-17T11:03:39-03:00,56
146,2275,True,2025-01-07T17:16:53-03:00,55
146,2285,False,,17
146,2288,True,2024-12-05T07:49:45-03:00,34
146,2297,True,2025-09-18T19:25:16-03:00,47
146,2337,True,2025-05-07T11:28:13-03:00,31
146,2347,False,,27
146,2302,True,2025-05-17T14:32:13-03:00,38
146,2349,True,2025-08-02T07:00:22-03:00,44
146,2306,False,,30
146,2308,True,2025-08-09T09:28:59-03:00,35
146,2334,True,2025-08-25T01:08:12-03:00,5
146,2289,True,2024-10-20T06:02:07-03:00,19
147,1120,True,2025-06-08T10:51:33-03:00,49
147,1136,False,,36
147,1125,True,2024-11-28T05:52:43-03:00,57
147,1119,True,2025-07-05T04:48:48-03:00,32
148,281,False,,22
148,266,True,2024-12-18T18:18:31-03:00,52
148,292,True,2024-11-29T17:27:05-03:00,6
148,272,True,2024-12-22T11:10:01-03:00,56
148,259,True,2025-10-02T04:02:09-03:00,34
149,2653,False,,39
149,2647,True,2025-05-26T15:59:35-03:00,54
149,2650,True,2025-03-26T05:41:47-03:00,36
149,2639,True,2025-05-12T09:26:15-03:00,58
149,2640,True,2025-10-01T00:40:56-03:00,55
149,2641,True,2024-11-12T16:30:16-03:00,55
149,2657,False,,17
151,1141,True,2025-06-12T21:57:24-03:00,54
151,1129,True,2025-07-05T13:02:09-03:00,60
151,1135,False,,12
151,1109,True,2025-04-26T14:07:00-03:00,7
151,1101,True,2025-02-19T21:07:17-03:00,6
151,1104,False,,50
151,1142,True,2025-06-23T02:45:00-03:00,40
151,1106,True,2025-02-04T08:31:28-03:00,53
151,1138,True,2025-07-30T12:40:46-03:00,19
151,1117,True,2025-09-07T19:47:37-03:00,43
151,1137,False,,21
151,1103,True,2025-09-06T23:05:06-03:00,26
151,1110,True,2025-01-11T00:18:37-03:00,50
151,1132,True,2024-11-26T19:06:43-03:00,9
151,1111,True,2025-06-06T05:12:11-03:00,58
151,1121,True,2025-04-15T06:26:24-03:00,16
151,1123,True,2025-09-06T04:58:23-03:00,60
151,1139,True,2025-04-29T10:32:03-03:00,32
151,1114,False,,59
151,1124,True,2025-02-09T17:57:20-03:00,28
151,1118,True,2025-04-05T20:00:46-03:00,17
151,1108,False,,37
151,1136,True,2025-07-05T02:48:35-03:00,54
151,1116,True,2025-06-27T06:57:29-03:00,7
151,1115,True,2025-06-12T21:06:10-03:00,11
151,1140,True,2025-03-01T09:05:08-03:00,47
151,1119,False,,37
151,1128,True,2025-10-08T23:12:46-03:00,5
151,1122,True,2025-06-19T10:33:19-03:00,10
151,1102,False,,26
151,1126,True,2025-07-23T06:56:06-03:00,36
151,1130,False,,34
151,1120,True,2025-09-08T05:26:39-03:00,37
151,1125,False,,13
151,1107,False,,48
151,1105,False,,60
153,1874,True,2025-07-29T04:03:40-03:00,24
153,1879,True,2024-12-14T15:07:58-03:00,22
153,1916,True,2025-04-18T08:12:24-03:00,50
153,1930,True,2025-03-15T03:21:32-03:00,7
153,1934,True,2025-01-15T00:20:31-03:00,58
153,1927,True,2025-07-07T14:01:49-03:00,14
153,1883,True,2025-10-11T10:45:47-03:00,10
153,1877,True,2025-05-04T15:14:53-03:00,10
153,1937,True,2025-08-20T09:41:20-03:00,58
153,1881,True,2024-12-04T22:36:02-03:00,20
153,1924,False,,26
153,1869,True,2025-07-02T22:20:47-03:00,54
153,1917,True,2025-06-09T01:20:37-03:00,18
153,1942,True,2024-11-27T15:16:44-03:00,56
153,1939,True,2025-09-01T11:13:12-03:00,11
153,1875,True,2024-10-22T22:04:53-03:00,33
153,1920,True,2025-02-26T03:06:16-03:00,7
153,1870,True,2025-10-09T19:15:11-03:00,15
153,1892,True,2025-05-21T10:48:14-03:00,27
153,1915,True,2025-09-23T17:15:11-03:00,19
153,1943,True,2025-03-11T15:12:38-03:00,38
153,1899,True,2025-07-05T18:56:44-03:00,9
153,1887,True,2025-06-30T21:28:30-03:00,16
153,1876,True,2025-05-12T04:18:59-03:00,55
153,1871,False,,27
153,1919,True,2025-05-01T01:22:57-03:00,50
153,1936,True,2025-01-03T19:57:06-03:00,41
153,1907,True,2025-06-19T05:08:01-03:00,12
153,1938,True,2025-10-15T23:09:02-03:00,58
153,1897,True,2025-05-23T17:32:09-03:00,53
153,1940,True,2025-05-14T23:07:26-03:00,7
153,1901,True,2025-09-20T09:28:24-03:00,43
153,1914,True,2025-03-14T19:31:32-03:00,18
153,1895,False,,35
153,1896,True,2025-08-16T06:21:30-03:00,28
153,1921,False,,43
154,837,False,,43
154,862,True,2025-02-17T18:03:14-03:00,60
154,886,True,2024-10-29T18:09:25-03:00,18
154,884,True,2024-11-06T22:51:38-03:00,38
154,895,False,,38
154,867,True,2025-09-01T23:31:04-03:00,8
154,900,False,,55
154,870,True,2024-11-22T02:33:25-03:00,52
154,882,True,2025-04-20T03:35:39-03:00,6
154,894,True,2025-06-03T08:50:09-03:00,29
154,889,True,2025-05-15T15:10:23-03:00,13
154,834,False,,44
154,871,True,2025-06-30T02:40:04-03:00,50
154,876,True,2025-04-29T16:00:19-03:00,18
154,841,True,2025-06-08T22:40:13-03:00,22
154,872,True,2025-02-12T05:54:28-03:00,34
154,892,True,2025-07-12T02:08:47-03:00,22
154,847,True,2025-07-20T23:21:37-03:00,9
154,887,True,2025-02-21T18:00:52-03:00,51
154,899,False,,32
154,848,False,,13
154,888,True,2025-02-18T20:50:18-03:00,16
154,877,False,,52
154,904,True,2025-09-25T20:32:26-03:00,9
154,833,True,2025-07-19T13:09:44-03:00,47
154,861,False,,42
154,873,True,2024-10-30T04:01:37-03:00,10
155,2039,True,2025-10-03T10:35:20-03:00,57
155,2011,True,2025-03-24T11:06:52-03:00,57
155,2050,True,2025-04-16T12:36:52-03:00,41
155,2043,True,2024-12-24T21:03:12-03:00,53
155,2017,False,,30
155,2045,True,2024-12-28T10:07:33-03:00,36
155,2019,True,2025-05-20T03:23:34-03:00,33
155,2020,True,2025-03-31T15:07:24-03:00,41
155,2047,True,2025-07-06T23:36:11-03:00,58
155,2037,True,2024-10-24T11:49:41-03:00,9
155,2012,True,2025-08-14T21:00:52-03:00,21
155,2021,True,2025-03-19T16:12:28-03:00,58
155,2029,True,2025-05-16T15:50:15-03:00,8
155,2034,False,,5
155,2048,True,2025-10-04T02:18:13-03:00,42
155,2046,True,2025-03-31T19:26:33-03:00,45
155,2030,True,2025-02-06T04:37:23-03:00,42
155,2051,True,2025-05-31T22:42:11-03:00,28
155,2038,True,2025-06-18T21:58:13-03:00,25
155,2035,True,2025-08-31T21:40:31-03:00,41
155,2027,True,2025-09-13T08:53:52-03:00,16
155,2014,False,,30
155,2032,True,2025-09-22T05:42:18-03:00,7
155,2015,True,2025-05-18T04:52:35-03:00,11
155,2022,True,2025-01-16T07:14:15-03:00,43
155,2018,True,2025-06-28T13:27:17-03:00,50
155,2042,True,2025-04-30T12:00:54-03:00,39
155,2010,False,,9
155,2041,True,2025-01-16T01:16:58-03:00,5
155,2028,True,2025-04-24T10:06:35-03:00,52
155,2053,True,2025-04-29T15:24:30-03:00,42
155,2049,True,2025-02-20T00:06:41-03:00,55
155,2016,True,2025-03-15T03:00:09-03:00,50
155,2031,True,2025-05-06T11:30:58-03:00,30
155,2026,True,2024-11-13T01:57:22-03:00,40
156,478,False,,11
156,466,True,2025-03-12T20:38:30-03:00,24
156,465,False,,5
156,472,False,,29
156,487,False,,43
156,481,True,2025-03-30T02:34:09-03:00,12
156,479,True,2025-07-24T22:01:46-03:00,14
156,512,False,,26
156,508,True,2024-11-21T14:49:45-03:00,12
156,496,True,2025-01-13T22:48:42-03:00,19
156,470,True,2025-07-04T03:49:51-03:00,38
156,502,True,2025-04-20T12:16:46-03:00,33
156,498,True,2025-04-07T05:50:41-03:00,57
156,495,False,,26
156,492,True,2025-02-17T21:46:31-03:00,17
156,482,True,2025-08-09T23:05:53-03:00,27
156,505,False,,7
156,468,False,,24
156,463,False,,60
156,484,True,2025-05-13T09:46:08-03:00,29
156,473,True,2024-11-11T18:23:14-03:00,31
156,497,True,2025-09-19T00:38:03-03:00,40
156,522,True,2025-05-02T22:24:27-03:00,26
156,458,True,2025-09-02T07:23:00-03:00,52
156,485,True,2025-03-15T15:20:33-03:00,46
156,462,True,2025-01-26T13:40:20-03:00,18
156,524,True,2025-03-13T00:13:28-03:00,31
156,461,True,2025-03-14T00:11:59-03:00,45
156,454,True,2025-06-14T00:36:45-03:00,28
156,515,True,2025-07-18T00:15:43-03:00,52
156,519,True,2025-04-15T04:44:32-03:00,13
156,489,True,2025-01-27T13:06:07-03:00,59
156,499,True,2024-10-23T14:29:28-03:00,51
156,483,True,2024-12-02T08:18:52-03:00,25
156,486,True,2024-11-16T09:43:54-03:00,8
156,509,True,2025-04-09T14:25:52-03:00,24
156,456,True,2025-06-19T22:48:17-03:00,23
157,2379,False,,38
157,2370,True,2025-04-03T05:02:02-03:00,5
157,2423,True,2025-05-13T09:02:31-03:00,45
157,2425,False,,60
157,2384,True,2025-04-30T14:14:08-03:00,43
157,2373,True,2025-07-12T11:13:27-03:00,45
157,2380,False,,8
157,2374,False,,21
157,2360,False,,16
157,2377,True,2025-05-23T01:33:31-03:00,33
157,2396,True,2025-02-20T06:57:19-03:00,37
157,2376,False,,19
157,2421,True,2025-06-17T01:05:12-03:00,40
157,2383,True,2025-04-14T12:46:45-03:00,36
157,2358,True,2024-12-08T15:24:54-03:00,47
158,540,True,2025-08-18T02:10:44-03:00,16
158,545,True,2025-10-04T14:44:59-03:00,53
158,542,True,2025-04-30T20:39:36-03:00,35
158,541,True,2025-05-23T11:22:17-03:00,25
158,546,True,2025-09-10T15:07:49-03:00,22
158,539,True,2025-04-05T00:42:47-03:00,8
158,552,True,2025-09-15T02:24:10-03:00,40
158,536,True,2025-05-24T12:52:05-03:00,59
158,535,True,2025-02-23T09:08:40-03:00,58
158,538,True,2025-07-15T16:22:36-03:00,17
158,533,True,2025-07-11T11:50:52-03:00,34
158,551,True,2025-09-01T11:38:21-03:00,32
158,553,False,,34
158,548,True,2024-10-19T15:29:07-03:00,15
158,554,True,2024-11-29T13:27:32-03:00,8
158,532,True,2025-05-31T20:10:52-03:00,18
158,555,True,2025-05-26T16:18:05-03:00,15
158,537,False,,52
158,556,True,2025-04-23T09:55:04-03:00,46
158,557,False,,35
158,530,True,2025-09-16T00:45:32-03:00,41
158,528,True,2025-09-30T04:23:27-03:00,35
158,549,True,2025-07-03T07:16:11-03:00,35
158,558,False,,28
158,544,True,2025-01-09T16:45:48-03:00,59
158,543,True,2025-03-11T01:47:08-03:00,11
158,529,True,2025-02-19T21:21:56-03:00,58
160,512,False,,56
160,467,True,2025-05-06T12:11:55-03:00,55
160,526,True,2025-04-06T20:50:26-03:00,12
160,501,True,2025-05-14T21:22:57-03:00,53
160,481,True,2024-12-24T02:41:09-03:00,37
160,525,True,2025-03-29T16:12:13-03:00,19
160,513,False,,49
160,504,True,2025-02-02T13:01:43-03:00,9
160,487,False,,55
160,473,True,2024-12-02T20:10:59-03:00,28
160,509,True,2025-05-23T03:19:23-03:00,28
160,524,True,2025-06-29T22:55:48-03:00,58
160,506,True,2025-02-24T04:12:24-03:00,39
160,510,True,2025-06-28T12:08:14-03:00,15
160,492,True,2024-11-12T14:33:05-03:00,43
160,483,True,2024-12-19T14:58:01-03:00,18
160,461,False,,22
160,462,False,,49
160,515,True,2025-01-07T10:33:30-03:00,23
160,497,True,2025-02-10T16:02:26-03:00,22
160,523,True,2025-03-07T00:54:19-03:00,12
160,480,True,2025-03-25T03:06:22-03:00,8
160,477,False,,46
160,479,False,,51
160,495,True,2025-09-08T12:25:10-03:00,36
160,476,True,2025-09-19T03:10:56-03:00,7
160,505,True,2024-12-04T09:30:47-03:00,58
160,520,True,2025-07-14T00:29:59-03:00,35
160,485,True,2025-08-10T16:03:33-03:00,19
160,460,True,2025-07-09T13:37:31-03:00,50
160,470,True,2025-06-11T09:02:39-03:00,18
160,454,True,2025-02-12T23:39:19-03:00,34
160,503,False,,59
160,463,False,,42
160,499,True,2025-06-05T06:36:36-03:00,11
160,496,True,2025-06-15T05:03:21-03:00,15
160,478,True,2025-09-26T08:42:00-03:00,49
160,511,True,2025-08-17T15:44:06-03:00,6
160,489,True,2024-10-28T06:00:26-03:00,44
160,518,False,,24
160,464,True,2025-06-29T04:19:29-03:00,33
160,502,True,2025-09-27T05:12:56-03:00,51
160,475,True,2025-10-17T13:33:33-03:00,27
160,458,True,2025-06-25T02:01:08-03:00,26
160,491,True,2024-11-11T07:25:03-03:00,8
160,468,True,2024-12-16T00:50:56-03:00,8
160,507,False,,10
160,455,True,2025-07-12T19:56:53-03:00,39
160,493,False,,7
160,466,False,,31
160,474,True,2024-11-06T04:50:27-03:00,45
160,469,True,2025-03-28T14:33:19-03:00,23
160,484,True,2024-11-14T12:22:58-03:00,6
160,514,True,2024-12-06T01:30:55-03:00,13
160,456,False,,39
160,472,True,2025-01-11T22:10:19-03:00,29
160,471,True,2025-07-13T07:43:02-03:00,9
160,519,False,,27
160,517,True,2025-02-05T14:01:48-03:00,25
160,508,True,2024-12-15T20:21:57-03:00,58
160,482,False,,45
161,1661,False,,15
161,1708,True,2024-12-26T19:22:23-03:00,24
161,1678,True,2024-12-31T03:55:31-03:00,40
161,1679,False,,44
161,1702,True,2025-07-26T02:32:27-03:00,10
161,1670,True,2024-12-05T23:04:35-03:00,30
161,1704,True,2025-07-20T14:54:01-03:00,7
161,1703,False,,42
161,1666,False,,7
161,1707,True,2024-12-21T01:15:40-03:00,42
161,1674,False,,40
161,1714,False,,12
161,1709,False,,17
161,1680,True,2024-12-12T13:12:40-03:00,38
161,1697,True,2025-05-26T05:08:49-03:00,32
161,1673,False,,29
161,1712,True,2025-06-14T06:23:17-03:00,28
161,1675,True,2025-07-29T08:28:02-03:00,56
161,1676,True,2025-03-16T19:31:35-03:00,53
161,1677,False,,47
161,1688,True,2024-12-12T18:44:41-03:00,49
161,1683,True,2025-06-23T23:07:25-03:00,47
161,1691,True,2025-05-07T19:43:23-03:00,44
161,1669,False,,45
161,1689,False,,10
161,1665,True,2025-07-24T05:10:56-03:00,54
161,1681,True,2025-08-04T00:48:50-03:00,14
161,1690,True,2024-10-24T00:09:01-03:00,5
161,1713,True,2025-07-06T02:38:40-03:00,22
161,1694,True,2025-06-18T12:02:48-03:00,39
161,1686,True,2025-02-16T12:22:32-03:00,22
161,1660,True,2025-02-05T07:20:31-03:00,55
161,1664,True,2025-03-09T17:07:49-03:00,24
161,1695,True,2025-04-06T05:58:44-03:00,56
162,2077,True,2025-04-13T22:07:40-03:00,39
162,2056,True,2024-12-15T07:09:27-03:00,18
162,2065,False,,24
162,2075,True,2025-04-12T09:15:16-03:00,19
162,2059,False,,45
162,2055,True,2025-01-26T17:21:31-03:00,5
162,2070,True,2025-07-22T04:25:27-03:00,59
162,2076,True,2025-03-16T03:45:35-03:00,22
164,203,False,,29
164,205,True,2025-09-13T11:29:02-03:00,50
164,206,False,,49
164,223,True,2025-07-23T21:27:55-03:00,50
164,237,True,2025-03-27T11:31:07-03:00,53
164,256,True,2025-09-30T04:09:30-03:00,55
164,227,True,2025-08-10T16:52:11-03:00,38
164,253,False,,22
164,209,True,2025-07-30T13:22:58-03:00,9
164,201,True,2025-03-03T03:00:03-03:00,5
164,241,True,2024-11-18T01:30:44-03:00,28
164,246,True,2025-01-14T13:51:08-03:00,27
164,236,False,,9
164,243,True,2025-05-21T21:43:29-03:00,9
164,230,True,2025-05-23T08:29:45-03:00,30
164,195,True,2025-03-15T06:39:13-03:00,43
164,242,True,2025-05-05T18:47:14-03:00,44
164,211,True,2025-03-23T14:12:21-03:00,54
164,210,False,,17
164,250,True,2025-07-12T04:01:47-03:00,53
164,233,True,2025-06-30T09:54:00-03:00,52
164,193,False,,50
164,247,True,2025-05-27T16:43:07-03:00,25
164,214,True,2025-09-12T02:24:27-03:00,19
164,232,True,2025-07-04T09:58:29-03:00,57
164,216,True,2024-12-15T10:21:20-03:00,45
164,208,True,2025-03-06T00:35:11-03:00,22
164,197,False,,15
164,248,True,2025-07-29T22:44:26-03:00,35
164,212,True,2025-08-27T12:01:17-03:00,48
164,254,False,,33
164,245,True,2025-01-14T10:42:18-03:00,33
164,207,True,2025-06-09T11:47:13-03:00,33
164,222,True,2025-02-03T19:36:48-03:00,53
164,228,True,2025-07-28T18:38:33-03:00,26
164,202,True,2025-06-17T21:49:54-03:00,30
164,218,True,2025-04-04T02:42:21-03:00,53
164,240,False,,6
164,255,True,2025-05-22T17:14:44-03:00,21
164,213,True,2025-07-20T22:14:39-03:00,28
164,217,True,2025-01-07T21:36:05-03:00,47
164,239,True,2025-05-06T08:56:29-03:00,6
164,196,True,2025-08-01T12:12:23-03:00,13
164,220,True,2025-01-20T07:55:33-03:00,48
164,200,True,2025-04-12T17:53:55-03:00,28
164,199,True,2025-03-09T19:22:01-03:00,15
164,221,True,2024-11-02T07:28:19-03:00,16
164,231,True,2025-03-13T03:03:02-03:00,48
164,198,True,2024-12-14T19:36:37-03:00,56
164,204,True,2024-12-19T17:57:30-03:00,40
164,257,True,2025-09-11T02:33:20-03:00,16
164,252,True,2025-04-22T23:17:30-03:00,58
164,235,True,2025-06-29T02:04:43-03:00,33
164,244,True,2024-12-27T10:53:29-03:00,48
164,229,True,2025-01-15T14:01:01-03:00,44
164,238,True,2025-06-10T12:15:11-03:00,40
164,215,True,2025-03-16T22:35:23-03:00,53
164,194,True,2025-08-26T18:19:57-03:00,57
165,2361,False,,49
165,2418,True,2025-01-19T22:03:39-03:00,8
165,2374,True,2025-09-01T13:22:49-03:00,43
165,2354,True,2025-01-06T02:01:15-03:00,60
165,2377,True,2025-01-04T09:06:39-03:00,58
165,2391,True,2024-12-21T20:26:02-03:00,5
165,2355,True,2024-12-02T13:45:57-03:00,13
165,2415,True,2025-07-26T02:23:45-03:00,60
165,2394,True,2025-03-06T02:38:18-03:00,34
165,2425,False,,22
165,2386,True,2025-06-28T15:19:11-03:00,42
165,2402,True,2025-02-25T18:44:39-03:00,48
165,2380,True,2024-10-20T23:40:31-03:00,46
165,2366,True,2025-04-14T10:31:05-03:00,40
165,2387,True,2025-08-22T17:14:12-03:00,56
165,2384,True,2025-01-29T06:10:57-03:00,7
165,2383,True,2024-12-14T03:46:54-03:00,41
165,2400,False,,35
165,2420,True,2025-05-28T18:26:35-03:00,9
165,2359,True,2025-04-29T05:51:44-03:00,20
165,2381,True,2025-04-29T10:20:16-03:00,10
165,2376,True,2024-12-27T13:10:17-03:00,36
165,2421,True,2025-08-01T08:35:28-03:00,36
165,2362,True,2025-03-12T06:44:02-03:00,45
165,2372,True,2025-07-06T16:23:25-03:00,26
165,2397,False,,34
165,2414,True,2025-03-11T10:40:52-03:00,55
165,2395,True,2025-09-24T16:15:31-03:00,53
165,2364,True,2025-09-26T17:49:13-03:00,55
165,2401,True,2025-01-23T15:55:52-03:00,37
165,2417,True,2025-09-06T00:56:45-03:00,49
165,2396,True,2025-02-23T10:49:47-03:00,24
165,2356,True,2025-09-20T02:55:13-03:00,60
165,2412,True,2025-01-23T18:21:32-03:00,5
165,2419,True,2025-06-07T19:26:46-03:00,41
165,2410,True,2025-03-04T14:05:10-03:00,21
165,2378,False,,53
165,2398,True,2025-10-08T12:11:24-03:00,27
165,2411,False,,42
165,2416,False,,14
165,2365,True,2025-10-05T07:28:23-03:00,7
165,2390,True,2025-04-09T22:53:11-03:00,34
165,2368,True,2025-06-17T19:07:36-03:00,40
165,2371,True,2025-01-16T09:37:47-03:00,8
165,2413,True,2025-03-11T21:57:18-03:00,18
165,2370,True,2025-08-21T20:20:17-03:00,15
165,2404,True,2025-03-05T21:35:01-03:00,25
165,2363,False,,51
165,2423,True,2025-05-01T13:43:28-03:00,22
165,2392,True,2025-09-18T01:58:22-03:00,25
165,2389,True,2025-09-08T09:19:57-03:00,43
165,2357,True,2025-04-11T16:18:02-03:00,48
165,2388,True,2025-04-30T21:27:34-03:00,16
165,2385,True,2025-07-21T15:25:11-03:00,7
166,301,True,2025-04-27T22:07:18-03:00,57
166,334,False,,40
166,354,False,,29
166,309,True,2025-06-17T19:11:32-03:00,26
166,300,True,2025-06-21T21:58:24-03:00,15
166,363,True,2024-11-03T07:11:05-03:00,12
166,322,False,,25
166,344,True,2025-03-08T00:23:57-03:00,39
166,355,True,2025-07-17T11:40:20-03:00,11
166,312,True,2024-12-01T10:17:22-03:00,50
166,359,True,2025-06-06T03:57:16-03:00,49
166,333,True,2025-04-10T05:33:32-03:00,8
166,364,True,2025-03-11T11:22:51-03:00,26
166,314,True,2025-08-25T02:37:30-03:00,17
166,362,True,2025-05-23T11:20:57-03:00,6
166,351,True,2025-05-02T02:36:36-03:00,46
166,316,True,2025-03-21T16:09:15-03:00,8
166,360,True,2025-10-03T17:25:34-03:00,41
166,367,True,2025-01-26T02:28:38-03:00,26
166,356,True,2025-02-20T16:56:48-03:00,55
166,305,True,2025-08-16T13:21:20-03:00,7
166,357,True,2025-09-25T18:53:13-03:00,25
166,297,True,2025-01-13T15:25:45-03:00,19
166,299,True,2025-08-24T19:59:24-03:00,7
166,353,True,2024-11-07T15:02:58-03:00,33
166,315,True,2025-03-18T12:43:47-03:00,6
166,319,True,2025-09-30T18:12:33-03:00,60
166,325,True,2025-09-28T04:09:13-03:00,42
166,338,True,2025-06-27T15:32:18-03:00,10
166,340,True,2024-10-22T22:51:25-03:00,21
166,330,True,2025-05-15T12:08:00-03:00,43
166,352,True,2025-09-29T13:24:41-03:00,21
166,307,True,2025-01-15T03:23:27-03:00,26
166,308,False,,12
166,304,True,2025-05-19T06:38:12-03:00,56
166,323,False,,55
166,317,True,2025-08-05T16:15:40-03:00,40
166,337,True,2024-10-27T17:21:04-03:00,10
166,321,True,2025-07-15T20:18:35-03:00,54
166,329,False,,60
166,320,False,,9
166,346,True,2025-05-22T18:35:14-03:00,40
166,313,True,2025-09-27T09:47:15-03:00,45
167,1549,True,2025-01-28T23:31:47-03:00,21
167,1528,True,2025-06-03T16:23:23-03:00,57
167,1580,True,2025-02-10T09:06:28-03:00,19
167,1522,True,2025-07-09T11:25:04-03:00,14
167,1542,True,2025-09-10T17:14:55-03:00,21
167,1558,False,,23
167,1543,True,2025-04-24T13:15:25-03:00,50
167,1548,True,2025-05-05T00:23:25-03:00,37
167,1523,True,2025-04-20T17:25:23-03:00,26
167,1533,True,2025-04-07T04:31:33-03:00,35
167,1515,False,,52
167,1516,False,,57
167,1554,True,2025-09-19T15:18:04-03:00,5
167,1546,True,2025-08-06T14:09:35-03:00,41
167,1525,True,2025-07-27T22:00:10-03:00,11
167,1534,True,2025-04-20T09:21:26-03:00,28
167,1536,True,2025-08-19T20:58:07-03:00,31
167,1572,True,2024-12-29T07:22:13-03:00,11
167,1545,True,2024-11-29T19:57:02-03:00,15
167,1541,True,2025-06-06T12:36:58-03:00,54
167,1550,False,,25
167,1514,False,,59
167,1568,True,2025-03-31T22:45:35-03:00,13
167,1557,True,2024-11-23T17:48:48-03:00,21
167,1517,True,2025-02-24T05:23:04-03:00,14
167,1560,True,2025-03-07T16:09:19-03:00,41
167,1555,True,2025-05-23T00:48:05-03:00,50
167,1530,True,2025-03-21T03:05:18-03:00,18
167,1562,True,2024-10-30T06:10:12-03:00,39
167,1539,True,2025-06-18T01:21:24-03:00,56
167,1578,True,2025-07-25T08:05:38-03:00,52
167,1526,False,,35
167,1529,True,2025-04-18T20:14:12-03:00,14
167,1564,True,2025-02-08T18:43:57-03:00,40
167,1552,True,2025-04-14T22:28:56-03:00,40
167,1566,True,2025-02-03T18:10:09-03:00,24
167,1532,True,2025-10-14T09:26:03-03:00,60
167,1538,True,2025-10-13T11:12:13-03:00,44
167,1577,True,2025-03-18T11:23:34-03:00,31
167,1571,True,2025-02-28T16:08:25-03:00,59
167,1551,True,2025-06-11T12:51:38-03:00,48
167,1531,True,2025-04-03T23:07:31-03:00,28
167,1573,False,,12
167,1561,True,2024-12-22T02:35:09-03:00,59
167,1581,False,,39
167,1537,True,2025-07-11T02:53:25-03:00,44
167,1520,True,2025-01-08T09:25:10-03:00,26
167,1575,True,2024-12-24T22:06:37-03:00,19
167,1567,False,,30
167,1524,True,2025-01-05T20:35:00-03:00,28
167,1535,True,2025-02-24T20:30:17-03:00,28
167,1570,True,2025-09-10T19:23:24-03:00,51
168,1564,True,2024-11-29T00:19:58-03:00,15
168,1549,True,2025-06-05T03:53:52-03:00,7
168,1525,True,2025-09-09T07:58:04-03:00,5
168,1543,True,2025-04-16T00:20:45-03:00,59
168,1577,False,,56
168,1576,True,2025-09-20T00:57:23-03:00,15
168,1573,True,2024-10-30T15:27:47-03:00,40
168,1553,False,,49
168,1540,True,2025-07-05T15:43:37-03:00,25
168,1552,False,,29
168,1574,True,2025-02-19T06:34:11-03:00,33
168,1548,True,2025-01-28T07:35:55-03:00,26
168,1544,True,2025-04-16T03:50:08-03:00,22
168,1561,True,2025-07-09T23:41:28-03:00,56
168,1559,True,2025-01-09T15:05:28-03:00,53
168,1535,True,2024-12-05T20:13:01-03:00,18
168,1523,True,2025-06-24T03:58:01-03:00,57
168,1554,False,,18
168,1571,True,2025-08-11T16:22:52-03:00,39
168,1521,True,2025-04-17T05:11:41-03:00,51
168,1545,True,2025-05-16T00:29:55-03:00,15
168,1555,True,2025-03-21T06:02:21-03:00,32
168,1578,True,2025-07-16T04:08:25-03:00,31
168,1534,True,2024-10-22T03:55:57-03:00,34
168,1529,True,2024-10-31T02:57:13-03:00,35
168,1568,True,2025-02-26T20:20:21-03:00,42
168,1517,True,2024-12-08T20:25:10-03:00,59
168,1524,True,2025-07-15T02:58:39-03:00,17
168,1532,False,,6
169,685,True,2025-06-15T07:20:27-03:00,34
169,671,True,2025-07-19T16:26:28-03:00,47
169,652,True,2025-03-14T07:48:21-03:00,51
169,682,True,2024-11-06T10:15:32-03:00,53
169,670,True,2025-01-22T22:59:18-03:00,20
169,674,True,2025-01-29T07:16:43-03:00,5
170,1098,True,2025-09-15T20:21:52-03:00,30
170,1036,True,2025-10-01T21:46:05-03:00,30
170,1066,True,2025-05-17T19:51:00-03:00,35
170,1068,False,,8
170,1042,True,2025-08-05T19:36:23-03:00,15
170,1092,True,2025-05-17T22:36:06-03:00,50
170,1072,True,2025-10-13T20:18:48-03:00,42
170,1082,True,2025-04-19T16:44:32-03:00,52
170,1034,True,2025-10-15T02:04:26-03:00,60
170,1099,False,,24
170,1059,True,2025-01-21T15:30:41-03:00,33
170,1085,True,2025-05-25T06:24:20-03:00,41
170,1051,True,2025-10-04T03:35:44-03:00,8
170,1090,True,2025-06-13T11:46:52-03:00,9
170,1093,True,2024-11-04T16:05:48-03:00,25
170,1089,True,2025-08-03T10:55:49-03:00,7
170,1044,True,2025-08-07T22:04:42-03:00,48
170,1091,False,,10
170,1053,False,,22
170,1084,True,2025-06-03T11:40:35-03:00,28
170,1095,False,,32
170,1065,True,2025-04-06T06:31:08-03:00,49
170,1052,False,,31
170,1096,True,2024-12-17T10:06:28-03:00,22
170,1050,True,2025-10-16T10:23:35-03:00,31
170,1083,True,2024-12-21T04:35:17-03:00,49
170,1081,True,2025-01-24T02:47:18-03:00,11
170,1079,True,2024-11-27T22:47:34-03:00,59
170,1049,True,2025-10-15T03:12:02-03:00,21
170,1041,False,,38
171,879,False,,33
171,862,False,,23
171,887,True,2024-10-31T12:30:22-03:00,5
171,857,True,2025-09-30T07:00:48-03:00,31
171,893,True,2025-07-08T12:04:08-03:00,53
171,866,True,2024-12-25T10:25:12-03:00,31
171,890,True,2025-04-15T06:36:40-03:00,57
171,845,True,2025-04-26T12:21:32-03:00,28
171,858,True,2025-06-04T02:30:11-03:00,15
171,848,True,2024-10-22T16:32:43-03:00,30
171,865,True,2024-12-12T05:53:44-03:00,50
171,844,True,2025-10-03T20:44:51-03:00,44
171,880,True,2024-11-22T22:15:47-03:00,51
171,889,False,,28
171,864,True,2025-05-20T15:24:16-03:00,44
171,856,False,,27
171,883,True,2025-06-25T15:01:43-03:00,49
171,839,True,2024-10-31T15:42:10-03:00,22
171,842,True,2025-03-18T04:21:46-03:00,59
171,898,False,,24
171,870,True,2025-02-01T10:29:25-03:00,31
171,869,True,2025-04-27T10:02:52-03:00,8
171,860,True,2025-06-12T06:25:30-03:00,22
171,841,True,2024-12-01T23:51:45-03:00,18
171,891,False,,25
172,710,False,,29
172,714,True,2024-10-17T16:19:55-03:00,31
172,706,True,2024-11-11T09:47:46-03:00,51
172,717,False,,13
172,722,True,2025-01-14T20:00:50-03:00,53
172,694,True,2025-06-26T10:56:31-03:00,42
172,709,False,,26
172,703,True,2025-05-16T09:19:13-03:00,20
172,716,True,2025-05-22T09:08:52-03:00,30
172,720,True,2025-02-11T04:07:59-03:00,56
172,686,True,2025-04-15T21:33:13-03:00,14
172,695,True,2025-02-01T21:23:58-03:00,59
172,713,True,2025-04-29T12:42:41-03:00,41
172,688,False,,44
172,689,False,,58
172,701,True,2025-01-26T06:27:41-03:00,55
172,715,True,2024-12-14T18:32:03-03:00,18
172,698,True,2025-09-08T02:05:32-03:00,21
172,723,True,2025-08-19T16:08:41-03:00,27
172,699,True,2025-01-28T21:49:31-03:00,11
172,696,True,2025-04-16T10:07:30-03:00,49
172,712,True,2025-01-20T01:18:44-03:00,38
173,47,True,2025-02-05T13:22:38-03:00,29
173,51,True,2025-06-07T17:10:59-03:00,54
173,15,True,2025-02-14T02:32:06-03:00,25
173,80,False,,31
173,55,True,2025-09-21T10:55:00-03:00,51
173,53,True,2025-05-02T23:30:30-03:00,43
173,11,False,,44
173,6,True,2025-06-14T14:32:52-03:00,6
173,56,True,2024-12-03T21:50:00-03:00,30
173,16,True,2025-03-04T22:48:35-03:00,52
173,79,False,,13
173,1,True,2025-05-15T16:22:48-03:00,51
173,27,True,2025-03-12T18:07:36-03:00,17
173,17,False,,16
173,61,True,2024-11-25T10:33:08-03:00,60
173,58,True,2025-05-22T05:09:14-03:00,37
173,89,False,,51
173,12,True,2025-04-05T22:25:32-03:00,7
173,71,True,2024-10-18T02:48:56-03:00,36
173,50,True,2025-06-19T03:30:10-03:00,10
173,23,True,2025-09-16T17:31:01-03:00,44
173,75,True,2024-11-03T02:47:57-03:00,58
173,88,True,2025-05-05T22:03:37-03:00,20
173,81,True,2025-03-15T19:41:03-03:00,49
173,54,True,2025-02-08T18:26:50-03:00,45
173,39,True,2024-12-25T03:58:29-03:00,20
173,60,True,2025-09-30T07:42:24-03:00,32
173,69,True,2025-06-20T13:18:40-03:00,37
173,73,True,2025-09-15T03:53:03-03:00,45
173,10,True,2025-04-16T15:34:12-03:00,53
173,59,False,,8
173,36,True,2025-10-02T16:01:46-03:00,49
173,25,True,2025-02-10T02:29:11-03:00,47
173,67,True,2024-11-27T00:21:00-03:00,31
173,68,True,2025-03-06T12:06:56-03:00,50
173,26,True,2024-10-31T01:11:47-03:00,25
173,43,True,2025-08-24T16:05:39-03:00,31
173,44,True,2025-03-29T11:29:53-03:00,58
173,32,True,2025-05-22T21:50:42-03:00,40
173,4,True,2025-06-04T14:57:06-03:00,25
173,87,True,2025-07-29T15:59:46-03:00,7
173,8,True,2025-06-13T08:54:22-03:00,21
173,41,True,2025-01-05T01:29:39-03:00,29
173,85,True,2024-12-17T21:07:40-03:00,60
173,48,False,,22
173,22,False,,26
173,64,True,2025-03-10T01:03:52-03:00,11
173,82,True,2024-11-16T09:51:01-03:00,50
173,77,True,2025-07-13T16:37:34-03:00,24
173,13,True,2025-04-08T04:24:33-03:00,24
173,24,True,2025-03-15T23:33:25-03:00,45
173,29,True,2024-12-05T23:12:37-03:00,42
173,45,False,,18
173,3,True,2025-09-07T12:22:24-03:00,11
173,65,True,2025-05-09T02:59:03-03:00,32
173,19,True,2025-03-11T18:34:29-03:00,27
173,86,False,,59
173,78,False,,44
173,20,False,,12
173,37,True,2025-03-12T00:31:48-03:00,8
173,70,True,2025-06-01T14:18:01-03:00,34
173,5,True,2025-08-01T19:35:40-03:00,30
173,28,True,2025-05-02T08:32:41-03:00,35
173,21,True,2025-07-25T05:28:31-03:00,43
173,57,True,2025-08-28T22:39:44-03:00,53
173,2,True,2025-03-17T01:54:20-03:00,44
173,74,False,,6
173,76,True,2025-06-03T18:36:57-03:00,60
173,84,False,,46
173,62,True,2025-09-13T08:23:15-03:00,49
174,698,False,,12
174,720,True,2025-05-22T01:41:40-03:00,52
174,718,True,2025-05-16T15:05:37-03:00,19
174,693,True,2024-12-09T06:54:02-03:00,16
174,689,True,2025-03-12T02:24:47-03:00,34
174,695,True,2025-04-30T06:32:03-03:00,43
174,704,True,2025-07-08T19:09:42-03:00,36
174,690,True,2025-09-29T12:26:18-03:00,23
174,708,False,,59
174,721,True,2025-02-02T03:20:08-03:00,20
174,719,False,,11
174,692,True,2025-02-10T14:14:50-03:00,14
174,699,True,2024-12-08T08:46:35-03:00,56
174,707,False,,27
174,688,False,,31
174,714,True,2025-05-28T20:20:20-03:00,14
174,706,True,2025-02-21T17:15:02-03:00,6
174,686,True,2025-03-31T18:12:53-03:00,33
174,702,True,2025-08-13T19:46:17-03:00,19
174,709,True,2024-11-15T00:06:18-03:00,7
174,701,False,,22
174,711,True,2025-02-22T01:35:22-03:00,21
174,713,True,2025-05-09T15:53:07-03:00,45
174,717,True,2025-01-14T07:28:59-03:00,34
174,700,True,2025-04-29T01:26:23-03:00,49
174,697,True,2025-02-19T05:45:23-03:00,6
174,710,True,2025-01-17T18:35:21-03:00,5
174,722,True,2024-10-28T07:36:43-03:00,6
174,703,False,,52
174,705,True,2025-01-15T10:47:11-03:00,48
174,691,True,2025-08-06T22:51:29-03:00,29
174,694,True,2025-01-25T15:26:48-03:00,41
174,723,True,2024-12-23T07:27:19-03:00,56
174,687,True,2025-09-02T05:49:45-03:00,42
174,696,True,2025-01-09T23:33:29-03:00,20
174,712,True,2025-07-06T02:09:51-03:00,43
177,220,False,,59
177,224,True,2025-01-24T06:11:10-03:00,58
177,217,True,2025-01-08T05:22:57-03:00,25
177,199,True,2025-01-08T02:09:38-03:00,6
177,223,True,2025-09-19T22:31:58-03:00,36
177,238,True,2025-05-27T11:34:39-03:00,39
177,219,True,2025-03-28T14:48:29-03:00,32
177,255,True,2025-07-28T00:32:31-03:00,21
177,201,True,2025-07-20T21:30:03-03:00,21
177,200,True,2024-12-20T05:34:48-03:00,58
177,205,True,2024-11-07T12:49:18-03:00,36
177,234,True,2025-02-22T23:12:39-03:00,49
177,240,False,,16
177,198,False,,5
177,241,False,,37
177,243,True,2025-08-06T05:22:55-03:00,19
177,215,True,2025-06-19T07:14:24-03:00,58
177,204,True,2025-02-13T23:22:24-03:00,37
177,237,True,2025-07-18T13:39:40-03:00,32
177,213,True,2024-11-30T15:47:13-03:00,36
177,206,True,2025-07-25T06:33:12-03:00,28
177,208,False,,46
177,214,True,2025-06-25T17:16:41-03:00,25
177,222,True,2025-06-05T18:24:22-03:00,39
177,203,True,2025-01-29T03:41:09-03:00,34
177,256,True,2025-10-09T09:03:23-03:00,12
177,218,True,2025-01-11T14:15:09-03:00,14
177,254,True,2025-04-05T05:17:21-03:00,11
177,207,True,2025-10-09T11:09:01-03:00,47
177,257,True,2025-02-03T03:23:28-03:00,47
177,202,True,2025-05-12T06:12:54-03:00,25
177,232,True,2025-05-05T06:44:27-03:00,8
177,231,True,2024-12-08T23:21:06-03:00,25
177,227,True,2024-11-12T23:12:54-03:00,33
177,242,True,2025-01-10T01:49:08-03:00,34
177,235,False,,19
177,239,True,2025-05-01T10:19:32-03:00,54
177,230,True,2025-01-28T12:28:14-03:00,49
177,211,True,2025-09-21T15:02:13-03:00,52
177,194,False,,16
178,1477,True,2025-04-01T14:53:06-03:00,45
178,1483,True,2024-12-20T11:06:53-03:00,34
178,1465,True,2025-07-01T04:47:23-03:00,59
178,1499,True,2025-02-07T20:36:27-03:00,35
178,1450,True,2024-12-29T12:27:26-03:00,44
178,1479,True,2025-07-26T02:21:55-03:00,28
178,1480,True,2025-05-25T02:44:18-03:00,37
178,1481,True,2025-08-24T12:56:53-03:00,58
178,1495,True,2025-01-27T08:17:17-03:00,6
178,1510,False,,7
178,1494,True,2025-06-06T22:07:32-03:00,24
178,1498,True,2024-12-06T17:19:11-03:00,52
178,1508,True,2025-03-02T15:26:50-03:00,30
178,1460,True,2025-01-20T15:18:08-03:00,58
178,1459,True,2025-10-10T12:06:54-03:00,54
178,1455,True,2025-09-04T15:26:39-03:00,5
178,1509,True,2025-07-21T02:18:01-03:00,6
178,1446,False,,45
178,1486,True,2025-05-12T11:56:33-03:00,37
178,1451,True,2025-04-05T20:59:46-03:00,53
178,1457,True,2025-08-08T15:01:52-03:00,32
178,1456,True,2025-08-23T02:58:16-03:00,15
178,1513,True,2025-04-18T07:11:41-03:00,42
178,1478,True,2025-04-17T17:30:05-03:00,8
178,1503,False,,5
178,1471,False,,44
178,1488,True,2025-09-21T08:38:44-03:00,15
178,1490,True,2024-12-20T15:09:38-03:00,56
178,1511,True,2025-07-08T08:50:37-03:00,29
178,1474,False,,57
178,1501,True,2025-07-04T01:07:19-03:00,45
178,1449,True,2025-03-14T05:09:22-03:00,32
178,1496,True,2025-07-20T22:45:41-03:00,43
178,1505,True,2025-03-10T23:16:18-03:00,19
178,1492,True,2025-04-23T01:31:14-03:00,57
178,1470,True,2025-07-22T01:29:20-03:00,5
178,1487,True,2025-07-05T23:22:20-03:00,16
178,1452,True,2025-04-24T06:49:35-03:00,25
178,1466,True,2024-11-10T18:15:35-03:00,38
178,1504,True,2025-01-03T17:46:03-03:00,24
178,1489,True,2025-01-23T16:52:10-03:00,46
178,1469,True,2025-07-30T00:25:08-03:00,27
178,1491,True,2025-04-07T10:31:29-03:00,28
178,1485,True,2025-04-02T09:12:53-03:00,24
178,1484,True,2025-09-03T16:43:08-03:00,60
178,1454,True,2025-01-11T02:40:15-03:00,6
178,1447,True,2025-08-12T01:27:03-03:00,14
178,1468,True,2025-06-17T04:22:57-03:00,18
178,1512,True,2025-07-01T01:17:10-03:00,31
178,1458,False,,56
178,1497,True,2025-09-04T04:29:34-03:00,11
178,1493,True,2025-04-03T15:41:09-03:00,52
178,1502,True,2025-09-01T04:40:20-03:00,9
178,1500,True,2024-12-09T06:09:14-03:00,5
178,1507,True,2025-10-06T08:22:58-03:00,51
178,1467,False,,17
178,1472,True,2025-09-09T02:55:53-03:00,15
178,1473,False,,22
178,1462,True,2025-08-13T08:19:16-03:00,14
178,1475,True,2025-10-15T15:54:55-03:00,23
178,1464,True,2025-05-13T11:38:55-03:00,27
178,1463,True,2025-06-06T09:14:23-03:00,18
178,1448,True,2025-07-03T17:32:09-03:00,14
178,1461,True,2025-01-11T03:41:15-03:00,12
178,1482,True,2025-09-02T18:25:19-03:00,60
178,1453,False,,21
179,1529,True,2025-07-12T23:15:44-03:00,42
179,1541,True,2024-11-18T22:44:04-03:00,24
179,1539,True,2025-04-29T17:55:30-03:00,22
179,1525,True,2025-05-03T16:51:21-03:00,40
179,1561,False,,18
179,1514,False,,24
179,1532,True,2025-02-03T14:59:43-03:00,30
179,1546,True,2024-12-13T19:21:02-03:00,17
179,1521,True,2025-04-05T02:30:11-03:00,31
179,1563,True,2025-07-06T14:37:45-03:00,36
179,1551,True,2025-10-09T02:08:54-03:00,41
179,1538,True,2025-10-15T10:17:26-03:00,18
179,1531,True,2025-05-30T09:42:37-03:00,60
179,1517,False,,48
179,1550,True,2024-12-26T23:16:29-03:00,51
179,1534,True,2024-12-12T16:06:56-03:00,36
179,1566,True,2024-12-10T09:43:39-03:00,58
179,1577,True,2025-09-19T04:08:30-03:00,41
179,1535,True,2025-09-22T17:23:47-03:00,22
179,1540,True,2025-02-01T22:20:36-03:00,7
179,1564,True,2025-02-22T08:04:16-03:00,20
179,1580,False,,53
179,1559,False,,49
179,1537,True,2025-06-01T00:04:23-03:00,32
179,1526,False,,56
179,1570,True,2025-08-04T13:38:00-03:00,30
179,1553,True,2025-08-05T19:05:36-03:00,29
179,1578,True,2025-03-12T19:21:42-03:00,10
179,1522,True,2025-02-05T15:24:55-03:00,59
179,1519,False,,27
179,1574,True,2025-07-12T22:42:17-03:00,20
179,1573,False,,25
179,1545,False,,40
179,1555,False,,22
179,1562,False,,50
179,1557,True,2025-09-14T17:06:03-03:00,7
179,1568,True,2025-08-19T16:13:03-03:00,38
179,1530,True,2024-11-06T19:46:10-03:00,27
179,1518,False,,32
179,1554,True,2025-04-18T07:22:45-03:00,20
179,1528,True,2025-01-24T01:58:22-03:00,7
179,1572,True,2025-04-13T08:41:31-03:00,19
179,1569,True,2025-08-29T21:55:53-03:00,53
179,1556,True,2025-06-22T19:32:01-03:00,36
179,1536,False,,52
179,1560,True,2024-12-13T09:47:04-03:00,37
179,1543,False,,15
179,1523,False,,25
179,1527,True,2025-01-14T15:22:28-03:00,49
179,1579,False,,51
179,1567,True,2024-11-18T22:02:57-03:00,25
179,1542,False,,11
180,1399,False,,59
183,593,True,2025-07-16T08:44:07-03:00,33
183,568,True,2025-09-12T14:08:44-03:00,9
183,590,True,2024-12-17T04:59:11-03:00,38
183,581,True,2025-09-05T10:53:19-03:00,33
183,562,True,2024-11-04T10:22:23-03:00,13
183,563,True,2025-03-12T22:51:48-03:00,56
183,584,True,2024-12-29T12:29:21-03:00,22
183,570,True,2025-05-16T06:41:28-03:00,20
183,560,True,2025-05-07T07:56:11-03:00,15
183,591,True,2025-04-20T05:50:10-03:00,48
183,564,True,2025-01-17T09:49:49-03:00,16
183,561,True,2024-12-09T01:04:30-03:00,51
183,574,True,2025-02-04T15:13:00-03:00,45
183,585,True,2025-06-10T16:37:23-03:00,35
183,579,False,,7
183,573,False,,24
183,575,True,2025-08-17T01:34:03-03:00,30
183,583,True,2024-11-14T09:15:37-03:00,5
183,566,True,2025-04-02T15:31:09-03:00,39
183,572,True,2025-02-07T14:49:01-03:00,26
183,578,False,,39
183,576,True,2025-01-12T07:26:29-03:00,6
183,588,True,2024-12-14T12:23:39-03:00,21
183,577,True,2025-01-02T21:30:46-03:00,14
183,559,True,2024-12-08T00:54:33-03:00,36
183,565,False,,51
183,587,True,2025-10-08T23:20:44-03:00,34
183,580,False,,29
183,582,True,2025-07-30T14:19:19-03:00,8
183,571,True,2025-02-03T15:28:38-03:00,24
183,569,True,2025-01-08T03:59:38-03:00,51
183,592,True,2025-06-04T18:40:08-03:00,14
183,567,True,2024-10-21T01:40:37-03:00,20
183,589,True,2025-03-24T00:18:38-03:00,55
183,594,True,2025-04-09T16:03:22-03:00,31
185,1114,True,2025-04-09T18:36:47-03:00,38
185,1134,False,,15
185,1117,True,2025-07-28T12:53:51-03:00,48
185,1110,True,2025-03-11T11:04:52-03:00,54
185,1120,True,2024-12-29T08:59:32-03:00,60
185,1103,True,2025-03-01T08:04:06-03:00,21
185,1140,True,2024-11-12T03:58:02-03:00,45
185,1119,True,2025-08-01T08:51:28-03:00,41
185,1130,True,2025-08-07T14:36:46-03:00,34
185,1116,True,2025-04-20T03:13:44-03:00,8
185,1109,False,,21
185,1137,True,2025-07-04T20:55:57-03:00,14
185,1102,True,2024-10-18T13:23:50-03:00,29
185,1141,True,2025-09-02T05:45:56-03:00,16
185,1118,True,2025-06-28T19:06:47-03:00,52
185,1126,True,2024-11-20T11:09:54-03:00,46
185,1112,True,2025-09-30T23:59:48-03:00,29
185,1107,True,2025-09-28T18:16:25-03:00,47
185,1115,True,2025-05-03T23:28:57-03:00,19
185,1127,True,2025-02-01T19:13:44-03:00,31
185,1133,True,2025-05-15T01:59:29-03:00,21
185,1113,True,2025-05-29T07:42:10-03:00,11
185,1132,True,2025-04-08T08:29:23-03:00,12
185,1142,True,2025-06-26T12:57:18-03:00,40
185,1123,True,2024-11-29T15:31:54-03:00,17
185,1135,True,2024-12-11T00:29:14-03:00,6
185,1131,True,2025-04-14T18:27:02-03:00,59
185,1104,True,2025-06-26T19:34:15-03:00,11
187,2285,True,2024-10-23T12:32:33-03:00,29
187,2281,True,2025-02-10T01:21:52-03:00,16
187,2321,True,2025-09-29T12:42:04-03:00,30
187,2303,True,2025-08-13T18:22:38-03:00,46
187,2334,True,2025-08-09T17:40:09-03:00,21
187,2325,True,2025-04-23T00:02:29-03:00,56
187,2309,True,2024-11-24T21:36:11-03:00,49
187,2332,True,2024-12-02T16:19:57-03:00,41
187,2350,True,2025-01-12T15:33:34-03:00,51
187,2353,True,2025-07-14T06:20:59-03:00,49
187,2310,True,2025-09-14T11:32:39-03:00,27
187,2307,True,2024-10-30T13:42:30-03:00,21
187,2319,True,2024-10-26T05:00:53-03:00,26
187,2345,False,,43
187,2341,True,2024-11-02T00:05:18-03:00,16
187,2312,True,2025-05-17T06:00:47-03:00,16
187,2333,True,2025-08-13T16:42:09-03:00,26
187,2322,True,2024-11-18T12:32:59-03:00,37
188,1666,True,2025-01-15T01:46:39-03:00,12
188,1685,True,2025-01-13T19:01:20-03:00,38
188,1713,True,2025-03-13T16:38:46-03:00,57
188,1663,False,,36
188,1670,True,2025-09-30T07:53:51-03:00,43
188,1674,True,2025-08-31T18:32:51-03:00,49
188,1672,True,2025-09-18T08:28:41-03:00,34
188,1703,False,,35
188,1664,True,2025-05-09T03:43:49-03:00,35
188,1665,True,2025-04-18T12:13:43-03:00,60
188,1710,True,2025-03-31T07:09:23-03:00,22
188,1693,True,2025-06-26T04:34:56-03:00,46
188,1691,True,2025-09-26T14:12:49-03:00,41
188,1681,True,2025-04-27T03:14:28-03:00,58
188,1683,True,2025-04-18T02:15:14-03:00,39
188,1715,True,2024-11-06T05:54:29-03:00,26
188,1678,True,2025-01-15T20:37:45-03:00,54
188,1667,True,2025-04-29T10:28:17-03:00,48
188,1692,True,2025-08-29T22:56:14-03:00,11
188,1698,False,,55
188,1714,True,2025-07-27T14:39:37-03:00,58
188,1705,True,2025-04-22T23:07:59-03:00,23
188,1701,True,2025-04-28T15:36:12-03:00,21
188,1707,True,2025-10-11T08:13:08-03:00,35
188,1709,True,2025-09-16T09:40:28-03:00,19
188,1660,False,,30
188,1711,True,2025-07-03T15:44:00-03:00,26
188,1684,True,2024-12-18T06:00:51-03:00,22
188,1688,True,2025-06-23T22:35:18-03:00,36
188,1661,True,2024-12-29T23:41:24-03:00,23
188,1695,True,2024-12-09T10:36:35-03:00,25
188,1676,True,2025-09-25T05:33:16-03:00,18
188,1680,True,2025-02-22T20:13:02-03:00,20
188,1686,True,2024-11-20T16:24:25-03:00,6
188,1682,True,2025-01-18T00:52:43-03:00,28
188,1687,True,2025-09-07T08:57:13-03:00,28
188,1669,True,2025-08-12T18:07:55-03:00,19
188,1677,True,2025-09-09T03:32:00-03:00,29
188,1690,True,2025-08-17T08:36:21-03:00,46
188,1700,False,,26
188,1696,False,,35
188,1708,True,2025-07-25T00:47:12-03:00,17
188,1673,True,2024-11-04T05:52:12-03:00,9
188,1702,True,2025-04-12T06:48:07-03:00,24
188,1675,True,2025-04-13T08:43:09-03:00,25
191,127,True,2025-08-20T10:05:15-03:00,45
191,120,False,,12
192,931,True,2024-10-31T03:12:17-03:00,10
192,933,True,2025-09-19T23:03:08-03:00,22
192,908,False,,36
192,937,True,2025-10-15T13:26:56-03:00,42
192,915,True,2024-12-18T18:06:02-03:00,43
192,924,True,2025-02-27T06:59:05-03:00,60
192,939,True,2025-04-14T11:30:58-03:00,45
192,960,True,2025-08-22T15:53:38-03:00,11
192,918,False,,60
192,977,True,2024-12-07T23:49:29-03:00,6
192,952,True,2025-05-22T22:00:27-03:00,53
192,970,True,2025-06-29T05:57:27-03:00,49
192,966,True,2025-07-19T03:59:31-03:00,55
193,815,False,,5
193,806,True,2025-08-08T07:57:59-03:00,57
193,781,False,,56
193,830,True,2024-12-20T22:13:26-03:00,14
193,826,False,,40
193,792,False,,18
193,790,False,,36
193,793,True,2025-03-01T13:51:58-03:00,23
193,794,True,2025-03-18T05:00:56-03:00,40
193,796,True,2025-02-06T11:10:40-03:00,56
193,812,True,2024-11-10T08:43:40-03:00,17
193,783,True,2024-12-04T15:31:29-03:00,47
193,823,True,2025-01-17T06:49:41-03:00,13
193,829,True,2025-09-06T04:37:18-03:00,30
193,819,True,2024-12-13T06:46:06-03:00,12
193,776,True,2025-01-21T02:54:10-03:00,30
193,832,True,2025-05-20T20:14:29-03:00,51
193,788,True,2025-09-06T18:23:30-03:00,47
193,807,False,,15
193,804,False,,9
193,821,True,2024-12-26T11:46:50-03:00,47
193,818,False,,40
193,789,False,,34
193,784,True,2025-02-17T19:33:58-03:00,20
193,817,True,2025-04-09T10:37:39-03:00,6
193,777,True,2024-12-27T02:09:21-03:00,11
193,810,False,,12
193,791,True,2025-02-03T11:57:29-03:00,15
193,797,True,2025-07-12T23:36:13-03:00,36
193,795,True,2024-11-18T14:56:30-03:00,21
193,786,True,2025-04-05T23:17:47-03:00,35
193,803,True,2025-09-12T08:01:07-03:00,41
193,825,True,2025-09-05T23:27:47-03:00,22
193,782,True,2024-12-14T06:46:28-03:00,41
193,828,True,2025-03-25T03:07:49-03:00,43
193,820,True,2025-03-18T17:00:13-03:00,41
193,824,True,2025-09-25T13:00:43-03:00,29
193,831,True,2025-07-14T16:30:26-03:00,40
193,827,True,2024-12-26T05:29:09-03:00,58
193,780,True,2025-10-15T11:35:23-03:00,34
193,798,True,2025-09-15T21:47:19-03:00,39
193,800,True,2025-01-17T11:25:40-03:00,11
193,799,True,2025-08-17T11:09:16-03:00,10
193,809,True,2024-11-06T19:14:15-03:00,59
193,822,True,2025-03-23T00:57:23-03:00,35
193,811,True,2025-01-27T14:01:09-03:00,35
193,805,True,2025-01-26T14:25:34-03:00,36
193,785,True,2025-10-10T05:50:07-03:00,7
194,1292,True,2025-03-26T03:57:44-03:00,19
194,1268,True,2025-04-09T06:19:25-03:00,7
194,1277,False,,34
194,1282,False,,34
194,1284,True,2025-08-11T02:52:07-03:00,8
194,1258,True,2025-09-02T10:11:14-03:00,52
194,1275,True,2025-07-23T09:53:45-03:00,41
194,1285,True,2025-03-11T06:43:27-03:00,32
197,1222,True,2024-12-23T01:26:02-03:00,41
197,1217,True,2025-08-09T04:06:07-03:00,22
197,1228,True,2025-05-04T01:38:09-03:00,29
197,1221,True,2024-10-30T08:52:12-03:00,9
197,1225,True,2025-02-13T06:14:52-03:00,23
197,1213,True,2025-02-15T12:44:18-03:00,60
197,1250,False,,21
197,1238,True,2025-03-30T20:30:36-03:00,26
197,1239,False,,58
197,1234,True,2025-05-14T13:54:21-03:00,23
197,1244,False,,40
197,1212,True,2025-05-11T18:42:10-03:00,8
197,1245,True,2024-12-07T22:12:14-03:00,49
197,1247,True,2024-12-06T01:04:04-03:00,15
197,1233,True,2025-10-07T01:18:50-03:00,5
197,1253,True,2025-02-01T15:34:52-03:00,21
197,1229,True,2025-01-15T12:03:08-03:00,52
197,1249,True,2025-01-11T13:54:50-03:00,34
197,1241,True,2024-12-12T13:44:28-03:00,50
197,1236,True,2025-03-24T08:44:49-03:00,24
197,1214,True,2025-01-24T16:02:56-03:00,20
197,1215,False,,46
197,1242,True,2025-05-02T07:00:29-03:00,45
197,1218,True,2024-12-04T00:22:34-03:00,9
198,1866,True,2025-01-16T15:59:52-03:00,53
198,1835,True,2025-07-09T12:30:57-03:00,49
198,1826,True,2024-12-31T20:02:51-03:00,52
198,1863,True,2025-02-23T03:17:45-03:00,30
198,1799,True,2025-06-11T02:37:05-03:00,46
198,1791,True,2025-02-23T10:13:37-03:00,45
198,1809,True,2024-12-25T17:33:34-03:00,21
198,1834,False,,26
198,1792,True,2025-04-16T18:49:12-03:00,8
198,1846,True,2025-01-05T09:09:45-03:00,12
198,1864,True,2025-09-11T15:31:00-03:00,31
198,1827,True,2025-07-05T06:44:14-03:00,22
198,1829,True,2025-05-13T09:56:01-03:00,18
198,1832,False,,26
198,1818,True,2025-10-05T11:44:14-03:00,16
198,1803,True,2025-05-10T18:55:42-03:00,24
198,1808,True,2024-12-02T21:07:07-03:00,15
198,1820,True,2025-07-17T15:16:48-03:00,52
198,1815,True,2024-11-10T01:34:42-03:00,52
198,1823,True,2024-10-30T21:04:07-03:00,7
198,1819,True,2025-06-01T13:42:49-03:00,20
198,1821,True,2024-10-19T14:23:40-03:00,47
198,1810,True,2025-09-14T04:36:49-03:00,38
198,1857,True,2025-09-28T18:57:48-03:00,30
198,1860,True,2025-03-15T23:06:58-03:00,45
198,1838,True,2025-09-22T03:44:27-03:00,38
198,1841,True,2025-10-04T17:57:09-03:00,8
198,1798,True,2025-08-26T19:02:34-03:00,9
198,1831,True,2025-04-21T00:19:47-03:00,41
198,1843,True,2025-03-25T03:18:01-03:00,20
198,1797,False,,18
198,1807,True,2025-04-20T08:48:15-03:00,29
198,1795,False,,56
198,1844,True,2024-11-17T15:31:42-03:00,30
198,1804,True,2025-07-15T22:24:34-03:00,20
198,1806,True,2025-05-20T09:44:33-03:00,31
198,1833,True,2025-03-25T14:35:21-03:00,45
198,1850,True,2024-11-10T23:24:34-03:00,54
198,1790,True,2025-10-03T16:52:01-03:00,25
198,1822,True,2025-08-15T23:41:28-03:00,33
198,1814,True,2025-02-13T21:16:35-03:00,9
198,1824,True,2024-10-28T21:25:33-03:00,24
198,1816,True,2025-06-09T00:44:03-03:00,23
198,1840,True,2024-12-07T21:22:27-03:00,32
198,1837,True,2025-07-17T00:19:51-03:00,35
198,1793,True,2025-04-19T20:59:49-03:00,25
198,1825,True,2025-04-05T09:57:47-03:00,38
198,1847,False,,41
198,1865,False,,23
198,1801,True,2025-07-17T06:49:21-03:00,34
198,1800,False,,11
198,1855,True,2025-05-16T18:02:39-03:00,29
198,1851,True,2025-01-06T00:07:42-03:00,37
198,1796,True,2025-10-06T03:25:40-03:00,53
198,1813,True,2025-06-08T22:17:33-03:00,19
198,1852,True,2025-02-27T13:50:54-03:00,30
198,1811,True,2025-09-05T22:24:38-03:00,47
198,1849,True,2025-10-09T10:39:38-03:00,35
198,1845,True,2025-04-26T05:53:50-03:00,59
198,1789,True,2024-10-18T11:42:41-03:00,26
198,1848,False,,8
198,1861,True,2024-12-08T13:27:21-03:00,13
198,1867,True,2025-09-18T04:30:50-03:00,50
198,1828,True,2024-12-10T04:28:47-03:00,23
198,1856,True,2025-06-24T14:32:34-03:00,31
198,1817,True,2025-04-29T17:55:31-03:00,31
198,1794,True,2024-12-26T20:37:29-03:00,15
198,1839,False,,42
198,1862,False,,36
198,1812,True,2024-12-17T05:34:26-03:00,8
198,1842,False,,25
198,1805,True,2025-02-10T08:26:08-03:00,10
198,1858,True,2024-12-30T17:44:02-03:00,54
198,1802,True,2025-04-15T09:15:04-03:00,30
198,1830,False,,39
198,1836,True,2025-05-29T00:45:03-03:00,33
199,1546,True,2024-12-23T07:04:28-03:00,36
199,1522,True,2025-01-17T09:55:19-03:00,8
199,1534,True,2025-05-09T22:18:15-03:00,36
199,1559,True,2025-08-31T17:33:32-03:00,55
199,1540,True,2025-05-14T02:03:04-03:00,31
199,1555,False,,23
199,1532,True,2024-11-06T13:02:14-03:00,16
199,1520,True,2025-08-02T08:37:45-03:00,19
199,1580,True,2024-12-18T01:07:47-03:00,24
200,197,True,2025-03-19T16:18:45-03:00,9
200,201,True,2025-05-24T05:34:41-03:00,60
200,239,True,2024-12-18T00:33:01-03:00,9
200,250,True,2025-08-24T21:04:06-03:00,31
200,208,True,2025-02-20T20:03:31-03:00,45
200,256,False,,30
200,204,True,2024-12-19T09:44:09-03:00,59
200,206,True,2025-07-11T23:26:28-03:00,60
200,230,False,,17
200,211,True,2025-01-13T09:49:17-03:00,49
200,235,True,2024-12-20T08:14:14-03:00,19
200,219,True,2025-01-09T10:57:35-03:00,7
